39;211;OPERATOR LAB MINI;20;42;80;Gedung Kantor - R Operator - TC - Lab Induk; CGF/VELD SCIENTIFICA;BESI;1;BUAH;0;1;0;0;-;2 JAR TEST CGF.jpeg
83;1081;CHAMBER AIR BAKU IPA 1;20;42;80;CHAMBER AIR BAKU IPA 1;AFA/ DN.350;BESI;2;BUAH;0;0;2;0;-;3 VALVE GEAR.jpeg
150;1120; POMPA DIST IPA 1;20;42;80; POMPA DIST IPA 1;-;BESI;1;BUAH;1;0;0;0;;
175;1135;RESSERVOIR 3;20;42;80;RESSERVOIR IPA 3;PANASONIC;BESI;3;BUAH;0;3;0;0;;7 AC SPLIT.jpeg
179;1136;RESSERVOIR 3;20;42;80;RESSERVOIR IPA 3;-;BESI;2;BUAH;2;0;0;0;POMPA NO 2;11 FLEXYBLE JOINT.jpeg
180;1136;RESSERVOIR 3;20;42;80;RESSERVOIR IPA 3;ARMFLEX;BESI;2;BUAH;2;0;0;0;PIPA INLET;12 FLEXYBLE JOINT.jpeg
181;1136;RESSERVOIR 3;20;42;80;RESSERVOIR IPA 3;TOZEN/CALA;BESI;2;BUAH;2;0;0;0;POMPA 3&4;13 FLEXYBLE JOINT.jpeg
212;1147;PBK;20;42;80;Gedung PBK Unit 1;BROOM WADE;EBONIT;1;BUAH;0;0;1;0;RUSAK;4 KOMPESOR.jpeg
216;1148;PBK;20;42;80;Gedung PBK Unit 1;-;BESI;2;BUAH;0;0;2;0;RUSAK;8 CHAIN BLOK.jpeg
255;1120;CHAMBER ACP/GRP;20;42;80;CHAMBER ACP/GRP;-;;1;BUAH;1;0;0;0;JALUR ACP/GRP;6 VALVE.jpeg
975;481;COSTUMER SERVICE KANTOR PUSAT;40;66;82;GEDUNG KANTOR;LENOVO;Ebonit;2;Unit;2;0;0;0;649900c5caf361.jpeg;
977;481;COSTUMER SERVICE KANTOR PUSAT;40;66;82;GEDUNG KANTOR;ASUS;Ebonit;1;;1;;;0;649900f5a24232.jpeg;
979;275;COSTUMER SERVICE KANTOR PUSAT;40;66;82;GEDUNG KANTOR;HP;Ebonit;1;;1;0;0;0;3.jpeg;
980;480;COSTUMER SERVICE KANTOR PUSAT;40;66;82;GEDUNG KANTOR;HP PAVILION;Ebonit;1;;1;0;0;0;4.jpeg;
981;55;COSTUMER SERVICE KANTOR PUSAT;40;66;82;GEDUNG KANTOR;EPSON L3110;Ebonit;1;;1;0;0;0;5.jpeg;
982;55;COSTUMER SERVICE KANTOR PUSAT;40;66;82;GEDUNG KANTOR;CANON PIXMA;Ebonit;1;;1;0;0;0;7.jpeg;
983;55;COSTUMER SERVICE KANTOR PUSAT;40;66;82;GEDUNG KANTOR;EPSON L3210;Ebonit;1;;1;0;0;0;6.jpeg;
984;544;COSTUMER SERVICE KANTOR PUSAT;40;66;82;GEDUNG KANTOR;BROTHER ADS-2400N;Ebonit;1;;1;0;0;0;8.jpeg;
985;544;COSTUMER SERVICE KANTOR PUSAT;40;66;82;GEDUNG KANTOR;AD125;Ebonit;1;;1;0;0;0;10.jpeg;
986;544;COSTUMER SERVICE KANTOR PUSAT;40;66;82;GEDUNG KANTOR;AVISION AV122C2;Ebonit;2;;2;0;0;0;9.jpeg;
987;441;COSTUMER SERVICE KANTOR PUSAT;40;66;82;GEDUNG KANTOR;ICA CE1200;Ebonit;1;;1;0;0;0;11.jpeg;
988;290;COSTUMER SERVICE KANTOR PUSAT;40;66;82;GEDUNG KANTOR;CUSTOM;Ebonit;4;;4;0;0;0;12.jpeg;
989;254;COSTUMER SERVICE KANTOR PUSAT;40;66;82;GEDUNG KANTOR;FANTONI;Ebonit;4;;4;0;0;0;13.jpeg;
990;0;0;40;147;82;0;0;0;0;0;0;0;0;0;0;0
991;0;0;40;147;82;GEDUNG KANTOR;0;0;0;0;0;0;0;0;0;0
992;0;HUKUM DAN KEAMANAN;40;147;82;GEDUNG KANTOR;0;0;0;0;0;0;0;0;0;0
994;280;HUKUM DAN KEAMANAN;40;147;82;GEDUNG KANTOR;-;Besi;2;;2;0;0;0;1.jpeg;
995;678;HUKUM DAN KEAMANAN;40;147;82;GEDUNG KANTOR;-;Kayu;1;;1;0;0;0;2.jpeg;
996;481;HUKUM DAN KEAMANAN;40;147;82;GEDUNG KANTOR;-;Ebonit;2;;2;0;0;0;3.jpeg;
997;0;TATA USAHA;40;66;82;GEDUNG KANTOR;0;0;0;0;0;0;0;0;0;0
998;280;TATA USAHA;40;66;82;GEDUNG KANTOR;-;Besi;3;;3;0;0;0;6498f9d30ff43preview.png;
999;678;TATA USAHA;40;66;82;GEDUNG KANTOR;-;Kayu;1;;1;0;0;0;2.jpeg;
1000;0;0;15;0;82;0;0;0;0;0;0;0;0;0;0;0
1001;0;0;15;25;82;0;0;0;0;0;0;0;0;0;0;0
1002;0;0;15;25;82;GEDUNG KANTOR;0;0;0;0;0;0;0;0;0;0
1003;0;ASISTEN MANAGER;15;25;82;GEDUNG KANTOR;0;0;0;0;0;0;0;0;0;0
1004;698;ASISTEN MANAGER;15;25;82;GEDUNG KANTOR;-;Ebonit;1;;1;0;0;0;6499014594a8bap.jpg;
1005;481;ASISTEN MANAGER;15;25;82;GEDUNG KANTOR;LENOVO;Ebonit;2;;2;0;0;0;2.jpeg;
1006;480;ASISTEN MANAGER;15;25;82;GEDUNG KANTOR;-;Ebonit;2;;2;0;0;0;3.jpeg;
1007;275;ASISTEN MANAGER;15;25;82;GEDUNG KANTOR;LG;Ebonit;4;;4;0;0;0;4.jpeg;
1008;441;ASISTEN MANAGER;15;25;82;GEDUNG KANTOR;ICA;Ebonit;4;;4;0;0;0;5.jpeg;
1009;55;ASISTEN MANAGER;15;25;82;GEDUNG KANTOR;EPSON/CANON;Ebonit;3;;3;0;0;0;6.jpeg;
1010;217;ASISTEN MANAGER;15;25;82;GEDUNG KANTOR;CASIO DS 3L;Ebonit;3;;3;0;0;0;7.jpeg;
1011;0;0;15;27;82;0;0;0;0;0;0;0;0;0;0;0
1012;0;0;15;27;82;GEDUNG KANTOR;0;0;0;0;0;0;0;0;0;0
1013;0;UTAMA;15;27;82;GEDUNG KANTOR;0;0;0;0;0;0;0;0;0;0
1014;254;UTAMA;15;27;82;GEDUNG KANTOR;FANTONI;Ebonit;2;;2;0;0;0;649eaed36b5eb;
1015;481;UTAMA;15;27;82;GEDUNG KANTOR;LENOVO;Ebonit;1;;1;0;0;0;2.jpeg;
1016;441;UTAMA;15;27;82;GEDUNG KANTOR;ICA;Ebonit;1;;1;0;0;0;3.jpeg;
1017;290;UTAMA;15;27;82;GEDUNG KANTOR;SAGA;Ebonit;2;;2;0;0;0;4.jpeg;
1025;480;TATA USAHA;40;66;82;GEDUNG KANTOR;-;Ebonit;3;;3;0;0;0;6498ee299889f4.jpeg;
1026;275;TATA USAHA;40;66;82;GEDUNG KANTOR;-;Ebonit;3;;3;0;0;0;6498ee299d0f75.jpeg;
1027;481;TATA USAHA;40;66;82;GEDUNG KANTOR;-;Ebonit;2;UNIT;2;0;0;0;6498f0bcd95263.jpeg;
1028;127;TATA USAHA;40;66;82;GEDUNG KANTOR;;Ebonit;1;UNIT;1;0;0;0;6498f0bcddb956.jpeg;
1029;441;TATA USAHA;40;66;82;GEDUNG KANTOR;-;Ebonit;5;UNIT;5;0;0;0;6498f21e4eaf97.jpeg;
1030;142;TATA USAHA;40;66;82;GEDUNG KANTOR;FIRESAFE;Besi;1;UNIT;1;0;0;0;6498f21e52f4711.jpeg;
1031;254;TATA USAHA;40;66;82;GEDUNG KANTOR;-;Ebonit;6;BUAH;6;0;0;0;6498f21e561ad8.jpeg;
1032;486;TATA USAHA;40;66;82;GEDUNG KANTOR;-;Ebonit;1;Array;1;0;0;0;6498f3519dc4912.jpeg;
1033;55;TATA USAHA;40;66;82;GEDUNG KANTOR;CANON;Ebonit;1;UNIT;1;0;0;0;6498f351abcbb13.jpeg;
1034;0;0;40;146;82;0;0;0;0;0;0;0;0;0;0;0
1035;0;0;40;146;82;GEDUNG KANTOR;0;0;0;0;0;0;0;0;0;0
1036;0;LPSE;40;146;82;GEDUNG KANTOR;0;0;0;0;0;0;0;0;0;0
1037;481;LPSE;40;146;82;GEDUNG KANTOR;-;Ebonit;8;UNIT;8;0;0;0;6498faf3594142.jpeg;
1038;828;LPSE;40;146;82;GEDUNG KANTOR;-;Ebonit;1;UNIT;1;0;0;0;6498faf35da645.jpeg;
1039;281;LPSE;40;146;82;GEDUNG KANTOR;-;Besi;4;UNIT;4;0;0;0;6498faf360ba14.jpeg;
1040;55;LPSE;40;146;82;GEDUNG KANTOR;-;Ebonit;9;UNIT;9;0;0;0;6498faf363c213.jpeg;
1041;127;LPSE;40;146;82;GEDUNG KANTOR;-;Ebonit;1;UNIT;1;0;0;0;6498fb7cea8216.jpeg;
1042;376;LPSE;40;146;82;GEDUNG KANTOR;-;Ebonit;1;BUAH;1;0;0;0;6498fb7cefee27.jpeg;
1043;486;LPSE;40;146;82;GEDUNG KANTOR;-;Ebonit;1;UNIT;1;0;0;0;6498fc96d44e98.jpeg;
1044;0;0;15;124;82;0;0;0;0;0;0;0;0;0;0;0
1045;0;0;15;124;82;MANAGER;0;0;0;0;0;0;0;0;0;0
1046;0;MANAGER;15;124;82;MANAGER;0;0;0;0;0;0;0;0;0;0
1047;291;MANAGER;15;124;82;MANAGER;-;Ebonit;1;UNIT;1;0;0;0;64990063a7c239.jpeg;
1048;255;MANAGER;15;124;82;MANAGER;-;Ebonit;1;UNIT;1;0;0;0;64990063ac41f8.jpeg;
1049;678;MANAGER;15;124;82;MANAGER;-;Ebonit;2;BUAH;2;0;0;0;6499075ed83162.jpeg;
1050;275;MANAGER;15;124;82;MANAGER;"AOC 20""";Ebonit;1;UNIT;1;0;0;0;6499075edbbc83.jpeg;
1051;480;MANAGER;15;124;82;MANAGER;ACER;Ebonit;1;UNIT;1;0;0;0;64990800b24d04.jpeg;
1052;441;MANAGER;15;124;82;MANAGER;ICA;Ebonit;1;UNIT;1;0;0;0;64990800bb5276.jpeg;
1053;294;MANAGER;15;124;82;MANAGER;;Ebonit;1;BUAH;1;0;0;0;6499089ce38416.jpeg;
1054;55;MANAGER;15;124;82;MANAGER;CANON;Ebonit;1;UNIT;1;0;0;0;6499089ced80f7.jpeg;
1055;258;MANAGER;15;124;82;MANAGER;-;Ebonit;2;BUAH;2;0;0;0;649908da4d5be10.jpeg;
1056;0;0;15;26;82;0;0;0;0;0;0;0;0;0;0;0
1057;0;0;15;26;82;KAS;0;0;0;0;0;0;0;0;0;0
1058;0;KAS;15;26;82;KAS;0;0;0;0;0;0;0;0;0;0
1059;481;KAS;15;26;82;KAS;LENOVO;Ebonit;2;UNIT;2;0;0;0;649909fb031041.jpeg;
1060;275;KAS;15;26;82;KAS;LG;Ebonit;2;UNIT;2;0;0;0;649909fb071362.jpeg;
1061;281;KAS;15;26;82;KAS;BROTHER;Besi;5;BUAH;5;0;0;0;64990aa908f455.jpeg;
1062;142;KAS;15;26;82;KAS;-;Besi;1;UNIT;1;0;0;0;64990aa90c0bc6.jpeg;
1063;1133;MANAGER;15;124;82;MANAGER;SHARP;Ebonit;1;UNIT;1;0;0;0;64990cce2e6e41.jpeg;
1064;1132;KAS;15;26;82;KAS;GLORY;Ebonit;1;UNIT;1;0;0;0;64990da0520757.jpeg;
1065;291;KAS;15;26;82;KAS;SAGA;Ebonit;5;BUAH;5;0;0;0;64990da0561b28.jpeg;
1066;258;KAS;15;26;82;KAS;CHITOSE;Ebonit;7;BUAH;7;0;0;0;64990e685e51b9.jpeg;
1067;217;KAS;15;26;82;KAS;CITIZEN CT-666N;Ebonit;1;BUAH;1;0;0;0;64990e68617e110.jpeg;
1068;55;KAS;15;26;82;KAS;EPSON;Ebonit;3;UNIT;3;0;0;0;64990f38098e312.jpeg;
1069;0;0;15;24;82;0;0;0;0;0;0;0;0;0;0;0
1070;0;0;15;24;82;GEDUNG KANTOR;0;0;0;0;0;0;0;0;0;0
1071;0;0;40;161;82;0;0;0;0;0;0;0;0;0;0;0
1072;0;0;40;161;82;MANAGER;0;0;0;0;0;0;0;0;0;0
1073;0;MANAGER;40;161;82;MANAGER;0;0;0;0;0;0;0;0;0;0
1074;481;MANAGER;40;161;82;MANAGER;LENOVO;Ebonit;1;UNIT;1;0;0;0;64992c41bb05f1.jpeg;
1075;254;MANAGER;40;161;82;MANAGER;-;Ebonit;1;UNIT;1;0;0;0;64992c41bf3c12.jpeg;
1076;294;MANAGER;40;161;82;MANAGER;CUSTOME;Ebonit;1;BUAH;1;0;0;0;64992d48c945e3.jpeg;
1077;297;MANAGER;40;161;82;MANAGER;FORTUNER;Ebonit;2;BUAH;2;0;0;0;64992d48cddc14.jpeg;
1078;125;MANAGER;40;161;82;MANAGER;PANASONIC;Ebonit;1;UNIT;1;0;0;0;64992da927a615.jpeg;
1079;55;MANAGER;40;161;82;MANAGER;CANON;Ebonit;1;UNIT;1;0;0;0;64992da92c7976.jpeg;
1080;0;PERENCANAAN KEUANGAN;15;24;82;GEDUNG KANTOR;0;0;0;0;0;0;0;0;0;0
1081;481;PERENCANAAN KEUANGAN;15;24;82;GEDUNG KANTOR;LENOVO;Ebonit;1;UNIT;1;0;0;0;64992ea5794e71.jpeg;
1082;275;PERENCANAAN KEUANGAN;15;24;82;GEDUNG KANTOR;LG;Ebonit;2;UNIT;2;0;0;0;64992ea57dc6d2.jpeg;
1083;55;PERENCANAAN KEUANGAN;15;24;82;GEDUNG KANTOR;EPSON;Ebonit;3;UNIT;3;0;0;0;64992f21eaec53.jpeg;
1084;0;0;39;0;82;0;0;0;0;0;0;0;0;0;0;0
1085;0;0;39;142;82;0;0;0;0;0;0;0;0;0;0;0
1086;0;0;39;142;82;GEDUNG KANTOR;0;0;0;0;0;0;0;0;0;0
1087;0;ARSIP;39;142;82;GEDUNG KANTOR;0;0;0;0;0;0;0;0;0;0
1088;0;0;39;165;82;0;0;0;0;0;0;0;0;0;0;0
1089;0;0;40;0;80;0;0;0;0;0;0;0;0;0;0;0
1090;0;0;40;149;80;0;0;0;0;0;0;0;0;0;0;0
1091;0;0;40;149;80;KANTOR GUDANG;0;0;0;0;0;0;0;0;0;0
1092;0;0;20;41;80;0;0;0;0;0;0;0;0;0;0;0
1093;0;ASISTEN MANAGER;40;149;80;KANTOR GUDANG;0;0;0;0;0;0;0;0;0;0
1094;276;ASISTEN MANAGER;40;149;80;KANTOR GUDANG;TOSHIBA;Ebonit;1;UNIT;1;0;0;0;64b886d43ef94Nomor 1.jpeg;
1095;127;ASISTEN MANAGER;40;149;80;KANTOR GUDANG;PANASONIC;Ebonit;1;UNIT;1;0;0;0;64b8876a82c0dNomor 2.jpeg;
1097;664;ASISTEN MANAGER;40;149;80;KANTOR GUDANG;-;Ebonit;16;UNIT;16;0;0;0;64b8888d8059dWhatsApp Image 2023-07-18 at 07.58.06.jpeg;CCTV AREA GUDANG CENDANA
1098;217;ASISTEN MANAGER;40;149;80;KANTOR GUDANG;CITIZEN;Ebonit;2;BUAH;2;0;0;0;64b88a31250e4Nomor 4.jpeg;
1099;0;0;27;0;82;0;0;0;0;0;0;0;0;0;0;0
1100;0;0;49;0;82;0;0;0;0;0;0;0;0;0;0;0
1101;0;0;49;0;82;0;0;0;0;0;0;0;0;0;0;0
1102;0;0;49;0;82;0;0;0;0;0;0;0;0;0;0;0
1103;0;0;49;0;82;0;0;0;0;0;0;0;0;0;0;0
1104;0;0;27;140;82;0;0;0;0;0;0;0;0;0;0;0
1105;0;0;49;188;82;0;0;0;0;0;0;0;0;0;0;0
1106;0;0;49;187;82;0;0;0;0;0;0;0;0;0;0;0
1107;0;0;49;189;82;0;0;0;0;0;0;0;0;0;0;0
1108;0;0;27;140;82;GEDUNG KANTOR;0;0;0;0;0;0;0;0;0;0
1109;0;ASISTEN MANAGER;27;140;82;GEDUNG KANTOR;0;0;0;0;0;0;0;0;0;0
1110;0;0;49;189;82;MANAGER;0;0;0;0;0;0;0;0;0;0
1111;0;MANAGER;27;140;82;GEDUNG KANTOR;0;0;0;0;0;0;0;0;0;0
1112;0;0;49;0;80;0;0;0;0;0;0;0;0;0;0;0
1113;0;0;49;0;80;0;0;0;0;0;0;0;0;0;0;0
1114;0;0;49;187;80;0;0;0;0;0;0;0;0;0;0;0
1115;0;UTAMA;40;149;80;KANTOR GUDANG;0;0;0;0;0;0;0;0;0;0
1116;0;0;49;188;82;ASISTEN MANAGER;0;0;0;0;0;0;0;0;0;0
1117;0;0;49;187;80;GEDUNG KANTOR;0;0;0;0;0;0;0;0;0;0
1118;0;Diklat;49;187;80;GEDUNG KANTOR;0;0;0;0;0;0;0;0;0;0
1119;0;0;49;188;82;GEDUNG KANTOR;0;0;0;0;0;0;0;0;0;0
1120;0;0;49;187;82;GEDUNG KANTOR;0;0;0;0;0;0;0;0;0;0
1121;0;Diklat;49;187;82;GEDUNG KANTOR;0;0;0;0;0;0;0;0;0;0
1124;0;Kepegawaian;49;188;82;GEDUNG KANTOR;0;0;0;0;0;0;0;0;0;0
1128;0;Diklat;49;188;82;GEDUNG KANTOR;0;0;0;0;0;0;0;0;0;0
1130;127;ASISTEN MANAGER;27;140;82;GEDUNG KANTOR;PANASONIC;Ebonit;2;BUAH;2;0;0;0;64b89693e4f781.jpeg;-
1131;280;Diklat;49;188;82;GEDUNG KANTOR;Brother ;Besi;1;UNIT;1;0;0;0;64b89693e8a6a1.jpeg;-
1132;280;Kepegawaian;49;188;82;GEDUNG KANTOR;BROTHER;Besi;3;UNIT;3;0;0;0;64b8969424ced1.jpeg;-
1136;0;MANAGER;49;188;82;GEDUNG KANTOR;0;0;0;0;0;0;0;0;0;0
1137;173;Diklat;49;188;82;GEDUNG KANTOR;polytron;Ebonit;1;BUAH;1;0;0;0;64b8978476a8f2.jpeg;-
1138;290;Diklat;49;188;82;GEDUNG KANTOR;-;Ebonit;1;BUAH;1;0;0;0;64b898205b8783.jpeg;-
1139;275;ASISTEN MANAGER;27;140;82;GEDUNG KANTOR;LG;Ebonit;7;UNIT;7;0;0;0;64b898a86841d2.jpeg;-
1144;291;Diklat;49;188;82;GEDUNG KANTOR;-;Ebonit;7;SET;7;0;0;0;64b8993e853754.jpeg;-
1145;481;ASISTEN MANAGER;27;140;82;GEDUNG KANTOR;-;Ebonit;4;UNIT;4;0;0;0;64b8997393f553.jpeg;-
1146;55;ASISTEN MANAGER;27;140;82;GEDUNG KANTOR;-;Ebonit;8;UNIT;8;0;0;0;64b899b42b5154.jpeg;
1150;529;ASISTEN MANAGER;27;140;82;GEDUNG KANTOR;-;PVC;1;UNIT;1;0;0;0;64b89a7134d115.jpeg;-
1151;142;ASISTEN MANAGER;27;140;82;GEDUNG KANTOR;-;Besi;1;UNIT;1;0;0;0;64b89aaeb9cf36.jpeg;-
1152;0;0;40;149;80;GUDANG 1 Aksesoris Dan SR;0;0;0;0;0;0;0;0;0;0
1153;217;ASISTEN MANAGER;27;140;82;GEDUNG KANTOR;-;Plastik;1;UNIT;1;0;0;0;64b89bcb8532a8.jpeg;
1154;480;ASISTEN MANAGER;27;140;82;GEDUNG KANTOR;-;Ebonit;7;UNIT;7;0;0;0;64b89c2ba0aff7.jpeg;-
1155;480;Kepegawaian;49;188;82;GEDUNG KANTOR;-;Ebonit;7;UNIT;7;0;0;0;64b89c70e28732.jpeg;-
1156;275;Diklat;49;188;82;GEDUNG KANTOR;LG;Ebonit;4;UNIT;4;0;0;0;64b89c972f1ba5.jpeg;-
1157;280;ASISTEN MANAGER;27;140;82;GEDUNG KANTOR;-;Besi;8;UNIT;8;0;0;0;64b89cb422fa49.jpeg;-
1158;480;Diklat;49;188;82;GEDUNG KANTOR;-;Ebonit;4;UNIT;4;0;0;0;64b89cd25777b6.jpeg;-
1159;678;ASISTEN MANAGER;27;140;82;GEDUNG KANTOR;-;Kayu;1;UNIT;1;0;0;0;64b89ced16cf310.jpeg;-
1160;173;ASISTEN MANAGER;27;140;82;GEDUNG KANTOR;-;Plastik;1;UNIT;1;0;0;0;64b89d322821411.jpeg;-
1161;290;Kepegawaian;49;188;82;GEDUNG KANTOR;-;Ebonit;2;BUAH;2;0;0;0;64b89d351d676Logo PDAM.jpg;-
1162;441;Diklat;49;188;82;GEDUNG KANTOR;ICA;Ebonit;4;UNIT;4;0;0;0;64b89d3c0b4e9Logo Perumdam.jpg;-
1163;578;ASISTEN MANAGER;27;140;82;GEDUNG KANTOR;-;Besi;1;UNIT;1;0;0;0;64b89d9136f3112.jpeg;-
1164;55;Diklat;49;188;82;GEDUNG KANTOR;EPSON L3110;Ebonit;3;BUAH;3;0;0;0;64b89d93274038.jpeg;-
1165;291;Kepegawaian;49;188;82;GEDUNG KANTOR;-;Ebonit;1;SET;1;0;0;0;64b89d9a5fe45Logo PDAM.jpg;
1166;290;ASISTEN MANAGER;27;140;82;GEDUNG KANTOR;-;Kayu;15;UNIT;15;0;0;0;64b89de2480fa13.jpeg;-
1167;275;Kepegawaian;49;188;82;GEDUNG KANTOR;LG, HP, DELL;Ebonit;7;BUAH;7;0;0;0;64b89df3d14655.jpeg;-
1168;544;Kepegawaian;49;188;82;GEDUNG KANTOR;AVISION AD125;Ebonit;2;BUAH;2;0;0;0;64b89e28d0ed26.jpeg;-
1169;253;ASISTEN MANAGER;27;140;82;GEDUNG KANTOR;-;Besi;15;UNIT;15;0;0;0;64b89e44f060014.jpeg;-
1170;441;Kepegawaian;49;188;82;GEDUNG KANTOR;ICA;Ebonit;7;BUAH;7;0;0;0;64b89e734016d7.jpeg;-
1171;55;Kepegawaian;49;188;82;GEDUNG KANTOR;CANON/EPSON;Ebonit;6;BUAH;6;0;0;0;64b89ebcc80198.jpeg;-
1172;486;Kepegawaian;49;188;82;GEDUNG KANTOR;-;Ebonit;1;BUAH;1;0;0;0;64b89eed2e09d9.jpeg;-
1173;126;;49;189;82;MANAGER;LG;Ebonit;1;UNIT;1;0;0;0;64b8a0cf58259AC.jpg;-
1174;0;MANAGER;49;189;82;MANAGER;0;0;0;0;0;0;0;0;0;0
1175;126;MANAGER;49;189;82;MANAGER;LG;Ebonit;1;UNIT;1;0;0;0;64b8a15d2837bAC.jpg;-
1176;481;MANAGER;49;189;82;MANAGER;LENOVO;Ebonit;1;UNIT;1;0;0;0;64b8a1f50fa9aPC.jpg;-
1177;55;MANAGER;49;189;82;MANAGER;EPSON;Ebonit;1;UNIT;1;0;0;0;64b8a23333009PRINTER.jpg;-
1178;678;MANAGER;49;189;82;MANAGER;-;Ebonit;2;Array;2;0;0;0;64b8a2a259f42LEMARI.jpg;-
1179;0;0;21;0;82;0;0;0;0;0;0;0;0;0;0;0
1180;254;MANAGER;49;189;82;MANAGER;CHITOSE/BROTHER;Ebonit;3;UNIT;3;0;0;0;64b8a373d7e1cKURSI.jpg;-
1181;0;0;21;0;80;0;0;0;0;0;0;0;0;0;0;0
1182;88;OPERATOR;21;58;95;OPERATOR;LG;Ebonit;1;Array;1;0;0;0;64b8a98c69d81WhatsApp Image 2023-07-20 at 10.55.48.jpeg;-
1183;1038;OPERATOR;21;58;95;OPERATOR;SIEMENS;Besi;1;BUAH;1;0;0;0;64b8aaff93be22.jpeg;-
1184;990;POMPA DISTRIBUSI;21;57;107;Ruang Pompa;-;Besi;1;Array;1;0;0;0;64b8ab33d9605LITRIK.jpg;PANEL POMPA BARU
1185;365;OPERATOR;21;58;95;OPERATOR;-;Besi;1;BUAH;1;0;0;0;64b8ab356b8203.jpeg;-
1186;660;OPERATOR;21;58;95;OPERATOR;SIEMENS;Plastik;2;BUAH;2;0;0;0;64b8ab7698d904.jpeg;-
1187;990;POMPA DISTRIBUSI;21;57;107;Ruang Pompa;-;Besi;1;Array;1;0;0;0;64b8abbf51f26LISTRIK DOBEL.jpg;PANEL POMPA LAMA
1188;336;POMPA DISTRIBUSI;21;110;95;Ruang Pompa;TECO 110 Kw;Besi;1;;1;0;0;0;64b8abd04f3bamotor pompa teco.jpeg;-
1189;336;POMPA DISTRIBUSI;21;110;95;Ruang Pompa;ELECTRIM 125 Kw;Kayu;1;UNIT;1;0;0;0;64b8ac3a386cemotor pompa elektrim.jpeg;-
1190;1138;OPERATOR;21;58;95;OPERATOR;-;Besi;1;BUAH;1;0;0;0;64b8ac4f937175.jpeg;-
1191;507;POMPA DISTRIBUSI;21;110;95;Ruang Pompa;TORISHIMA  ETA-N 150X125-400;Besi;1;UNIT;0;1;0;0;64b8acacc8df5pompa torishima.jpeg;-
1192;992;POMPA DISTRIBUSI;21;57;107;Ruang Pompa;EBARA PUMP MODEL 80 X 65 FS4K;Besi;2;UNIT;2;0;0;0;64b8acc0de375POMPA.jpg;POMPA DISTRIBUSI BARU 
1193;507;POMPA DISTRIBUSI;21;110;95;Ruang Pompa;KSB;Besi;1;UNIT;1;0;0;0;64b8ad19be919pompa ksb.jpeg;-
1194;324;POMPA DISTRIBUSI;21;57;107;Ruang Pompa;WESTERN ELETRIC;Besi;2;UNIT;2;0;0;0;64b8adc43e069POMPA 2.jpg;MOTOR POMPA BARU 
1195;627;BOOSTER;21;111;110;BOOSTER;Sharp LED LC-24SA4100I;Ebonit;1;Array;1;0;0;0;64b8ae67a65f5IMG-20230720-WA0016.jpg;-
1196;507;POMPA DISTRIBUSI;21;57;107;Ruang Pompa;TORIISHIMA PUMP TYPE 32-200;Besi;2;Array;0;0;2;0;64b8b03162d05POMPA KECIL.jpg;POMPA DISTRIBUSI LAMA
1197;324;POMPA DISTRIBUSI;21;57;107;Ruang Pompa;TECO;Besi;2;UNIT;0;0;2;0;64b8af23ac794POMPA KECIL.jpg;MOTOR POMPA LAMA
1198;127;MANAGER;27;140;82;GEDUNG KANTOR;;Ebonit;1;UNIT;1;0;0;0;64b8af3571f4e1.jpeg;
1199;275;MANAGER;27;140;82;GEDUNG KANTOR;;Ebonit;1;UNIT;1;0;0;0;64b8af35756cc6.jpeg;
1200;217;MANAGER;27;140;82;GEDUNG KANTOR;;Ebonit;1;UNIT;1;0;0;0;64b8af3578a607.jpeg;
1201;290;MANAGER;27;140;82;GEDUNG KANTOR;;Ebonit;1;UNIT;1;0;0;0;64b8af357c4e63.jpeg;
1202;253;MANAGER;27;140;82;GEDUNG KANTOR;;Ebonit;1;UNIT;1;0;0;0;64b8af35801482.jpeg;
1203;254;BOOSTER;21;111;110;BOOSTER;Fantoni;Ebonit;1;BUAH;1;0;0;0;64b8af54a5c8aIMG-20230720-WA0018.jpg;-
1204;294;BOOSTER;21;111;110;BOOSTER;-;Kayu;1;BUAH;1;0;0;0;64b8afa13b04cIMG-20230720-WA0018.jpg;-
1205;237;BOOSTER;21;111;110;BOOSTER;"Maspion 55Watt 16""";Ebonit;1;UNIT;1;0;0;0;64b8afee0a46cLogo Perumdam.jpg;-
1206;182;POMPA DISTRIBUSI;21;110;95;Ruang Pompa;-;Karet;1;UNIT;0;1;0;0;64b8b038cdc9alogo pdam.jpeg;-
1207;181;POMPA DISTRIBUSI;21;110;95;Ruang Pompa;TOZEN;Karet;1;UNIT;1;0;0;0;64b8b038ead23logo pdam.jpeg;-
1208;173;BOOSTER;21;111;110;BOOSTER;Miyako WD-190 PH;Ebonit;1;UNIT;1;0;0;0;64b8b04073adaIMG-20230720-WA0017.jpg;-
1209;160;POMPA DISTRIBUSI;21;110;95;Ruang Pompa;-;Besi;1;BUAH;1;0;0;0;64b8b0c2d6adblogo pdam.jpeg;-
1210;159;POMPA DISTRIBUSI;21;110;95;Ruang Pompa;-;Besi;1;BUAH;1;0;0;0;64b8b0c2db58dlogo pdam.jpeg;-
1211;975;BOOSTER;21;111;110;BOOSTER;-;Besi;1;UNIT;1;0;0;0;64b8b0c3751c3IMG-20230720-WA0023.jpg;-
1212;976;BOOSTER;21;111;110;BOOSTER;TEE 4120306 30 kW;Besi;3;UNIT;3;0;0;0;64b8b1c222645IMG-20230720-WA0019.jpg;-
1213;972;BOOSTER;21;111;110;BOOSTER;-;Besi;1;UNIT;1;0;0;0;64b8b1f5ccd7cIMG-20230720-WA0021.jpg;-
1214;977;BOOSTER;21;111;110;BOOSTER;ABB;Besi;1;UNIT;1;0;0;0;64b8b265802c5IMG-20230720-WA0022.jpg;-
1215;992;BOOSTER;21;111;110;BOOSTER;Wilo Type MVI7005/1…Vertikal;Besi;3;UNIT;2;0;1;0;64b8b312d92bfIMG-20230720-WA0020.jpg;NO. 1 Trouble
1216;324;POMPA DISTRIBUSI;21;101;106;Ruang Pompa;GRUNDFOS 11 KW;Besi;1;;1;0;0;0;64b8b4adb570e2 MOTOR POMPA NO.2.jpg;No. 2
1217;445;POMPA DISTRIBUSI;21;101;106;Ruang Pompa;;Besi;1;;1;0;0;0;64b8b4adbbd118 PANEL LISTRIK.jpg;
1218;458;POMPA DISTRIBUSI;21;101;106;Ruang Pompa;;Besi;1;;1;0;0;0;64b8b4adbfb9d10 PANEL PENERANGAN.jpg;
1219;498;POMPA DISTRIBUSI;21;101;106;Ruang Pompa;Torishima Pump CFR 80-250;Besi;1;;0;0;1;0;64b8b4adc477e5 POMPA NO.1.jpg;
1220;498;POMPA DISTRIBUSI;21;101;106;Ruang Pompa;GRUNDFOS;Besi;1;;1;0;0;0;64b8b4adc89d33 POMPA NO2.jpg;No. 2
1221;1139;POMPA DISTRIBUSI;21;110;95;Ruang Pompa;TOZEN;Karet;2;BUAH;2;0;0;0;64b8c78584feclogo pdam.jpeg;-
1222;1140;POMPA DISTRIBUSI;21;110;95;Ruang Pompa;YONE & FKK;Besi;2;BUAH;2;0;0;0;64b8c78589124logo pdam.jpeg;-
1223;1141;POMPA DISTRIBUSI;21;110;95;Ruang Pompa;LOUIS VUITTON;Besi;1;BUAH;1;0;0;0;64b8c8200664blogo pdam.jpeg;-
1224;1142;POMPA DISTRIBUSI;21;110;95;Ruang Pompa;LOUIS VOITTON;Besi;1;BUAH;1;0;0;0;64b8c8200b027logo pdam.jpeg;-
1225;294;POS SECURITY;21;57;91;Pos Scurity;Saga;Ebonit;1;Array;1;0;0;0;64b8df4ab39241.jpg;-
1226;481;Loket;16;28;120;GEDUNG KANTOR;LENOVO;Ebonit;1;Array;1;0;0;0;64b8df7c2ecff1.jpg;-
1227;480;Loket;16;28;120;GEDUNG KANTOR;-;Ebonit;2;Array;2;0;0;0;64b8df7c34a912.jpg;-
1228;254;POS SECURITY;21;57;91;Pos Scurity;Fantoni;Ebonit;1;UNIT;1;0;0;0;64b8e0ab269982.jpg;-
1229;828;POS SECURITY;21;57;91;Pos Scurity;Miyako;Ebonit;1;UNIT;1;0;0;0;64b8e0ed9a66f3.jpg;-
1230;237;POS SECURITY;21;57;91;Pos Scurity;Maspion;Ebonit;1;UNIT;1;0;0;0;64b8e117a62cc4.jpg;-
1231;124;CUSTOMER SERVICE;17;36;102;GEDUNG KANTOR;SHARP 2 PK/AH-A9SEY;Ebonit;1;Array;1;0;0;0;64b8e1598e72b1. AC SPLIT.jpg;-
1232;283;CUSTOMER SERVICE;17;36;102;GEDUNG KANTOR;AKAKO;Plastik;1;Array;1;0;0;0;64b8e15992c0f2. LACI ARSIP PLASTIK.jpg;LEMARI 4 PINTU
1233;275;Loket;16;28;120;GEDUNG KANTOR;-;Ebonit;2;UNIT;2;0;0;0;64b8e163b37843.jpg;-
1234;86;Loket;16;28;120;GEDUNG KANTOR;Brother ;Besi;1;UNIT;1;0;0;0;64b8e163b7f824.jpg;-
1242;55;Loket;16;28;120;GEDUNG KANTOR;EPSON L3110;Ebonit;2;UNIT;2;0;0;0;64b8e1c6406f95.jpg;-
1243;291;CUSTOMER SERVICE;17;36;102;GEDUNG KANTOR;-;Ebonit;2;UNIT;2;0;0;0;64b8e1ef11f4c3. MEJA KERJA SETENGAH BIRO.jpg;-
1244;254;CUSTOMER SERVICE;17;36;102;GEDUNG KANTOR;FANTONI;Ebonit;1;UNIT;1;0;0;0;64b8e1ef2bda44. KURSI KERJA RODA PUTAR.jpg;-
1245;253;CUSTOMER SERVICE;17;36;102;GEDUNG KANTOR;CHITOS;Ebonit;2;UNIT;2;0;0;0;64b8e2be858685. KURSI KERJA.jpg;-
1246;481;CUSTOMER SERVICE;17;36;102;GEDUNG KANTOR;LENOVO PUTIH;Ebonit;1;UNIT;1;0;0;0;64b8e2be8a4a36. PC ALL IN ONE.jpg;-
1247;1132;Loket;16;28;120;GEDUNG KANTOR;PROMAXI;Ebonit;1;UNIT;1;0;0;0;64b8e2cd1b53b6.jpg;-
1248;237;Loket;16;28;120;GEDUNG KANTOR;MIYAKO;Besi;1;UNIT;1;0;0;0;64b8e2cd2062d7.jpg;-
1249;1143;POMPA DISTRIBUSI;21;139;109;Ruang Pompa;-;Besi;1;;1;0;0;0;64b8e40a470901 PANEL AMF.jpg;-
1250;324;POMPA DISTRIBUSI;21;139;109;Ruang Pompa;PACO PUMP ELH 355M2-4 250 Kw;Besi;1;;1;0;0;0;64b8e40ac41a67 MOTOR pompa no3.jpg;MOTOR POMPA NO. 3
1251;498;POMPA DISTRIBUSI;21;139;109;Ruang Pompa;PACO PUMP KP80206-JMB0J9;Besi;1;;1;0;0;0;64b8e40aca1b86 pompa no3.jpg;POMPA NO. 3
1252;324;POMPA DISTRIBUSI;21;139;109;Ruang Pompa;PACO PUMP ELH 315M-4 132 Kw;Besi;1;;1;0;0;0;64b8e40acdb595 MOTOR pompa no2.jpg;MOTOR POMPA NO. 2
1253;498;POMPA DISTRIBUSI;21;139;109;Ruang Pompa;PACO PUMP KP60204-JGB0J9;Besi;1;;1;0;0;0;64b8e40ad14904 pompa no2.jpg;POMPA NO. 2
1254;324;POMPA DISTRIBUSI;21;139;109;Ruang Pompa;PACO PUMP ELH 280S-4 75 kW;Besi;1;;1;0;0;0;64b8e40ad48973 MOTOR pompa no1.jpg;MOTOR POMPA NO 1
1255;498;POMPA DISTRIBUSI;21;139;109;Ruang Pompa;PACO PUMP KPE40152-A5B06S;Besi;1;;1;0;0;0;64b8e40ad9b8f2 pompa no1.jpg;POMPA NO. 1
1256;55;CUSTOMER SERVICE;17;36;102;GEDUNG KANTOR;CANON / MP237;Ebonit;1;UNIT;1;0;0;0;64b8e41334c1d7. PRINTER.jpg;-
1257;1146;CUSTOMER SERVICE;17;36;102;GEDUNG KANTOR;EPSON / LQ310;Ebonit;1;UNIT;1;0;0;0;64b8e41338fdf8. PRINTER DOT MATRIK.jpg;-
1258;1145;Loket;16;28;120;GEDUNG KANTOR;-;Besi;1;UNIT;1;0;0;0;64b8e5096c4f0Logo Perumdam.jpg;-
1259;253;Loket;16;28;120;GEDUNG KANTOR;-;Ebonit;3;UNIT;3;0;0;0;64b8e50970899Logo Perumdam.jpg;-
1260;441;Loket;16;28;120;GEDUNG KANTOR;ICA;Ebonit;1;UNIT;1;0;0;0;64b8e58d2f3e310.jpg;-
1261;664;Loket;16;28;120;GEDUNG KANTOR;HIKVISION H.265;Ebonit;1;UNIT;1;0;0;0;64b8e58d3446711.jpg;-
1262;1144;POMPA DISTRIBUSI;21;139;109;Ruang Pompa;-;Besi;1;UNIT;1;0;0;0;64b8e59fde7f5logo pdam.jpeg;-
1263;622;POMPA DISTRIBUSI;21;139;109;Ruang Pompa;UNINDO NO.82123 800 KVA;Besi;1;UNIT;1;0;0;0;64b8e59fe283e12 TRAFO.jpg;-
1264;611;POMPA DISTRIBUSI;21;139;109;Ruang Pompa;-;Besi;1;UNIT;1;0;0;0;64b8e59fe7a6f11 tangki bbm genset.jpg;-
1265;197;POMPA DISTRIBUSI;21;139;109;Ruang Pompa;-;Besi;1;UNIT;1;0;0;0;64b8e59ff32f110 genset.jpg;-
1267;124;Loket;16;28;120;GEDUNG KANTOR;PANASONIC;Ebonit;1;UNIT;1;0;0;0;64b8e6b1e879314.jpg;-
1268;433;POMPA DISTRIBUSI;21;139;109;Ruang Pompa;-;Besi;1;UNIT;1;0;0;0;64b8e71cbb27blogo pdam.jpeg;
1269;664;Loket;16;28;120;GEDUNG KANTOR;HIKVISION H.265;Ebonit;1;UNIT;1;0;0;0;64b8e73dd205011.jpg;-
1270;259;Loket;16;28;120;GEDUNG KANTOR;3 sit;Kayu;3;UNIT;3;0;0;0;64b8e7d9daac112.jpg;-
1274;0;ASISTEN MANAGER;17;36;102;GEDUNG KANTOR;0;0;0;0;0;0;0;0;0;0
1275;0;0;21;57;91;GENSET;0;0;0;0;0;0;0;0;0;0
1276;0;GENSET;21;57;91;GENSET;0;0;0;0;0;0;0;0;0;0
1277;294;ASISTEN MANAGER;16;30;120;GEDUNG KANTOR;Equity;Ebonit;2;Array;2;0;0;0;64b9cff150ad11 MEJA KRJ STAF.jpg;-
1278;55;ASISTEN MANAGER;16;30;120;GEDUNG KANTOR;Epson L360;Ebonit;1;Array;1;0;0;0;64b9cff1561d42 PRINTER EPSON L360.jpg;-
1279;55;ASISTEN MANAGER;16;30;120;GEDUNG KANTOR;Epson LQ-2190;Ebonit;1;UNIT;1;0;0;0;64b9d221f3c0f3 PRINTER LQ 2190.jpg;-
1280;275;ASISTEN MANAGER;16;30;120;GEDUNG KANTOR;LG,Logitech;Ebonit;2;SET;2;0;0;0;64b9d222039cf4 PC MONITOR.jpg;-
1281;441;ASISTEN MANAGER;17;36;102;GEDUNG KANTOR;ICA CE - 1200;Ebonit;4;UNIT;4;1;3;0;64b9d2b2c4ed6WhatsApp Image 2023-07-18 at 07.58.06.jpeg;-
1282;55;ASISTEN MANAGER;17;36;102;GEDUNG KANTOR;CANON MP 237;Ebonit;1;UNIT;1;0;0;0;64b9d2b2c7c262.jpg;-
1283;197;GENSET;21;57;91;GENSET;FG WILSON P250H2;Besi;1;UNIT;1;0;0;0;64b9d359a09111.jpg;-
1284;253;ASISTEN MANAGER;16;30;120;GEDUNG KANTOR;Chitos;Ebonit;3;UNIT;3;0;0;0;64b9d398340e65 KURSI KRJ STAF.jpg;-
1285;254;ASISTEN MANAGER;16;30;120;GEDUNG KANTOR;Fantoni;Ebonit;2;UNIT;2;0;0;0;64b9d3983cf626 KURSI KRJ STAF BERODA.jpg;Besar dan Kecil
1286;481;ASISTEN MANAGER;17;36;102;GEDUNG KANTOR;LENOVO;Ebonit;1;UNIT;1;0;0;0;64b9d3a06dc786. PC ALL IN ONE.jpg;-
1287;55;ASISTEN MANAGER;17;36;102;GEDUNG KANTOR;EPSON LP 310;Ebonit;1;UNIT;1;0;0;0;64b9d3a0720e94.jpg;-
1288;611;GENSET;21;57;91;GENSET;-;Besi;3;UNIT;0;3;0;0;64b9d3d29256a2.jpg;-
1289;356;GENSET;21;57;91;GENSET;-;Besi;1;UNIT;1;0;0;0;64b9d3d2e1f3a3.jpg;-
1290;451;GENSET;21;57;91;GENSET;-;Besi;1;UNIT;1;0;0;0;64b9d41a353154.jpg;-
1291;459;GENSET;21;57;91;GENSET;-;Besi;1;UNIT;1;0;0;0;64b9d41a399fa5.jpg;-
1292;0;0;21;57;91;OPERATOR;0;0;0;0;0;0;0;0;0;0
1293;0;OPERATOR;21;57;91;OPERATOR;0;0;0;0;0;0;0;0;0;0
1294;275;ASISTEN MANAGER;17;36;102;GEDUNG KANTOR;ACER;Ebonit;1;UNIT;0;0;1;0;64b9d51a6b38c14. AYAR MONITOR.jpeg;RUSAK
1296;127;ASISTEN MANAGER;16;30;120;GEDUNG KANTOR;Panasonic;Ebonit;1;UNIT;1;0;0;0;64b9d5b8b03da7 AC 2 PK PANASONIC.jpg;-
1297;481;ASISTEN MANAGER;16;30;120;GEDUNG KANTOR;"Lenovo 19,5""";Ebonit;1;UNIT;1;0;0;0;64b9d5b8b449a10 PC ALL IN ONE ASISTEN MNGR.jpg;-
1298;826;OPERATOR;21;57;91;OPERATOR;TIGER;Besi;1;UNIT;1;0;0;0;64b9d6227e066Logo Perumdam.jpg;-
1299;254;OPERATOR;21;57;91;OPERATOR;FANTORI;Ebonit;3;UNIT;3;0;0;0;64b9d62282c732.jpg;-
1300;827;OPERATOR;21;57;91;OPERATOR;TIGER;Ebonit;1;UNIT;1;0;0;0;64b9d6930ef233.jpg;-
1301;828;OPERATOR;21;57;91;OPERATOR;UCHIDA MD-106 PAS;Ebonit;1;UNIT;1;0;0;0;64b9d693147f24.jpg;-
1302;121;ASISTEN MANAGER;16;30;120;GEDUNG KANTOR;TOP;Besi;1;UNIT;1;0;0;0;64b9d6ae38f3911 RAK AESIP 4 LACI.jpg;-
1303;441;ASISTEN MANAGER;16;30;120;GEDUNG KANTOR;ICA;Ebonit;1;UNIT;1;0;0;0;64b9d6ae3d4c212 UPS ASISTEN MNGR.jpeg;-
1304;275;ASISTEN MANAGER;17;36;102;GEDUNG KANTOR;LG;Ebonit;1;UNIT;1;0;0;0;64b9d6e6396113.jpeg;-
1305;55;ASISTEN MANAGER;17;36;102;GEDUNG KANTOR;EPSON LX 220;Ebonit;1;UNIT;1;0;0;0;64b9d6e63ce894.jpg;-
1306;829;OPERATOR;21;57;91;OPERATOR;LG  32LJ500D;Ebonit;1;UNIT;1;0;0;0;64b9d6faeb5315.jpg;-
1307;830;OPERATOR;21;57;91;OPERATOR;SAGA;Ebonit;2;UNIT;2;0;0;0;64b9d6faefeba6.jpg;-
1308;830;OPERATOR;21;57;91;OPERATOR;AGIO;Ebonit;1;UNIT;1;0;0;0;64b9d755047ed7.jpg;-
1309;831;OPERATOR;21;57;91;OPERATOR;EKO CAP;Besi;1;UNIT;1;0;0;0;64b9d7550fca9Logo Perumdam.jpg;-
1310;55;ASISTEN MANAGER;16;30;120;GEDUNG KANTOR;Canon;Ebonit;1;UNIT;0;0;1;0;64b9d75a2adb213 PRINTER CS PEL.jpg;-
1311;55;ASISTEN MANAGER;16;30;120;GEDUNG KANTOR;Erpson L120;Ebonit;1;UNIT;1;0;0;0;64b9d75a2f05a14 PRINTER EPSON L120.jpg;-
1312;481;ASISTEN MANAGER;17;36;102;GEDUNG KANTOR;ASUS;Kayu;1;UNIT;1;0;0;0;64b9d78746ee16. PC ALL IN ONE.jpg;-
1313;55;ASISTEN MANAGER;17;36;102;GEDUNG KANTOR;EPSON LX 310;Ebonit;2;UNIT;2;0;0;0;64b9d7874bc2c4.jpg;-
1314;133;OPERATOR;21;57;91;OPERATOR;YOKO MODEL;Besi;1;UNIT;1;0;0;0;64b9d7b603fb79.jpg;-
1315;832;OPERATOR;21;57;91;OPERATOR;KEIKO;Ebonit;1;UNIT;1;0;0;0;64b9d7b6084a2Logo Perumdam.jpg;-
1316;627;ASISTEN MANAGER;16;30;120;GEDUNG KANTOR;-;Ebonit;1;UNIT;1;0;0;0;64b9d7ee5adba15 TV.jpg;-
1317;294;ASISTEN MANAGER;16;30;120;GEDUNG KANTOR;Equity;Ebonit;1;UNIT;1;0;0;0;64b9d7ee6054116 MEJA KRJ STAF EQUITY.jpg;-
1318;55;ASISTEN MANAGER;17;36;102;GEDUNG KANTOR;CANON G4010;Ebonit;1;UNIT;1;0;0;0;64b9d83475fb64.jpg;-
1319;294;ASISTEN MANAGER;17;36;102;GEDUNG KANTOR;-;Ebonit;6;UNIT;6;4;2;0;64b9d8347a31d1.MEJA KERJA SETENGAH BIRO.jpg;-
1320;259;OPERATOR;21;57;91;OPERATOR;4 seat;Besi;1;UNIT;1;0;0;0;64b9d87e9846411.jpg;-
1321;124;OPERATOR;21;57;91;OPERATOR;PANASONIC  CS-IN 95KL;Ebonit;1;UNIT;1;0;0;0;64b9d87e9cb3012.jpg;-
1322;294;ASISTEN MANAGER;16;30;120;GEDUNG KANTOR;Saga;Ebonit;1;UNIT;1;0;0;0;64b9d893b4f2c17 MEJA KRJ STAF SAGA.jpg;-
1323;0;0;21;57;91;POMPA IPA 1;0;0;0;0;0;0;0;0;0;0
1324;0;POMPA IPA 1;21;57;91;POMPA IPA 1;0;0;0;0;0;0;0;0;0;0
1325;253;ASISTEN MANAGER;17;36;102;GEDUNG KANTOR;FANTASI;Ebonit;4;UNIT;4;0;0;0;64b9d90e3823510. KURSI KERJA.jpg;-
1326;1044;ASISTEN MANAGER;17;36;102;GEDUNG KANTOR;CHITOSE;Ebonit;3;UNIT;0;1;2;0;64b9d90e4a3d510. KURSI KERJA.jpg;-
1327;336;POMPA IPA 1;21;57;91;POMPA IPA 1;WEG 75 KW;Besi;2;UNIT;2;0;0;0;64b9d9554deca1.jpg;-
1328;507;POMPA IPA 1;21;57;91;POMPA IPA 1;EBARA PUMP 150X100 FS4 NA 575;Besi;2;UNIT;2;0;0;0;64b9d95552b032.jpg;-
1329;275;ASISTEN MANAGER;16;30;120;GEDUNG KANTOR;LG,Logitech;Ebonit;2;SET;2;0;0;0;64b9d9d28f71218 PC MONITOR.jpg;-
1330;55;ASISTEN MANAGER;16;30;120;GEDUNG KANTOR;Canon G4010;Ebonit;1;UNIT;1;0;0;0;64b9d9d29391a19 PRINTER CANON G4010.jpg;-
1331;281;ASISTEN MANAGER;17;36;102;GEDUNG KANTOR;BROTHER;Besi;2;UNIT;2;0;0;0;64b9d9ed97c4a12. LEMARI ARSIP.jpg;-
1332;55;ASISTEN MANAGER;17;36;102;GEDUNG KANTOR;EPSON LQ 2190;Ebonit;1;UNIT;1;0;0;0;64b9d9ed9b8d22.jpg;-
1333;990;POMPA IPA 1;21;57;91;POMPA IPA 1;-;Besi;2;UNIT;2;0;0;0;64b9da5b816323.jpeg;Panel Pompa No 1 & 2
1334;201;POMPA IPA 1;21;57;91;POMPA IPA 1;ARTCO;Besi;2;UNIT;2;0;0;0;64b9da5b85e42Logo Perumdam.jpg;-
1335;124;ASISTEN MANAGER;16;30;120;GEDUNG KANTOR;Sharp;Ebonit;1;UNIT;1;0;0;0;64b9db0c47cd020 AC R ASMEN.jpg;-
1337;178;ASISTEN MANAGER;17;36;102;GEDUNG KANTOR;-;Kayu;1;UNIT;1;0;0;0;64b9db2395470WhatsApp Image 2023-07-18 at 07.58.06.jpeg;-
1338;480;ASISTEN MANAGER;17;36;102;GEDUNG KANTOR;INTER CORE i5 2, 90HZ 8 GB RAI;Ebonit;1;Array;1;0;0;0;64b9db2399ce215. PC.jpg;BARU
1339;828;ASISTEN MANAGER;16;30;120;GEDUNG KANTOR;Polytron;Ebonit;1;UNIT;1;0;0;0;64b9dbcf0705922 DISPENSER POLYRON.jpg;Galon Bawah
1340;281;ASISTEN MANAGER;16;30;120;GEDUNG KANTOR;Brother ;Besi;2;UNIT;2;0;0;0;64b9dbcf0b34723 LEMARI ARSIP 2PINTU.jpg;-
1341;480;ASISTEN MANAGER;17;36;102;GEDUNG KANTOR;LG 22MK 400H 22;Ebonit;1;UNIT;1;0;0;0;64b9dc06543985. MONITOR PC DAN PC RUSAK.jpg;BARU
1342;258;ASISTEN MANAGER;16;30;120;GEDUNG KANTOR;Chitos;Ebonit;3;Array;3;0;0;0;64b9dcb62475324 KURSI TUNGGU.jpg;Kursi Tunggu Pelanggan
1343;664;ASISTEN MANAGER;16;30;120;GEDUNG KANTOR;Hikvision;Ebonit;1;UNIT;1;0;0;0;64b9dcb62957725 CAMERA CCTV.jpg;-
1344;0;0;16;0;102;0;0;0;0;0;0;0;0;0;0;0
1345;0;0;16;28;102;0;0;0;0;0;0;0;0;0;0;0
1346;294;ASISTEN MANAGER;16;30;120;GEDUNG KANTOR;Equity;Ebonit;1;UNIT;1;0;0;0;64b9ddcb9df998 MEJA KRJ ASISTEN MNGR.jpg;-
1347;255;ASISTEN MANAGER;16;30;120;GEDUNG KANTOR;-;Ebonit;2;UNIT;2;0;0;0;64b9ddcba22069 KURSI KRJ ASISTEN MNGR.jpg;Besar
1348;830;OPERATOR;20;52;103;Gedung Kantor, Operator,Gudang Dan PBK;Oggi 1/2 biro;Ebonit;2;;2;0;0;0;64b9dddd0f12a1 Meja krj Oggy.jpg;-
1349;254;OPERATOR;20;52;103;Gedung Kantor, Operator,Gudang Dan PBK;Fantoni F90-HD;Ebonit;2;;2;0;0;0;64b9dddd12e672  Kursi Fantoni.jpg;-
1350;0;0;16;69;102;0;0;0;0;0;0;0;0;0;0;0
1351;0;STAF;16;30;120;ASISTEN MANAGER;0;0;0;0;0;0;0;0;0;0
1352;258;STAF;16;30;120;GEDUNG KANTOR;Chitos;Ebonit;4;UNIT;4;0;0;0;64b9e2db3e2921 KURSI TAMU CS.jpg;-
1353;1145;STAF;16;30;120;GEDUNG KANTOR;-;Ebonit;1;SET;1;0;0;0;64b9e2db5a79b2 MEJA BAR CS.jpg;-
1354;0;0;16;28;102;GEDUNG KANTOR;0;0;0;0;0;0;0;0;0;0
1355;0;Loket;16;28;102;GEDUNG KANTOR;0;0;0;0;0;0;0;0;0;0
1356;253;STAF;16;30;120;GEDUNG KANTOR;Chitos;Ebonit;3;UNIT;3;0;0;0;64b9e392b38883 KURSI STAF CS.jpg;-
1357;294;STAF;16;30;120;GEDUNG KANTOR;-;Ebonit;1;UNIT;1;0;0;0;64b9e392b840c4 MEJA SCURITY.jpg;-
1358;0;0;21;139;109;Ruang Operator Dan Lab Mini;0;0;0;0;0;0;0;0;0;0
1359;253;STAF;16;30;120;GEDUNG KANTOR;Chitos;Ebonit;1;UNIT;1;0;0;0;64b9e4268241f5 KURSI SCURITY.jpg;-
1360;275;STAF;16;30;120;GEDUNG KANTOR;LG;Ebonit;1;UNIT;1;0;0;0;64b9e426868086 MONITOR PC CS.jpg;-
1361;480;STAF;16;30;120;GEDUNG KANTOR;Simbadda;Ebonit;1;UNIT;1;0;0;0;64b9e4951cc8b7 PC CS.jpg;-
1362;441;STAF;16;30;120;GEDUNG KANTOR;ICA;Ebonit;1;UNIT;1;0;0;0;64b9e495212e08 UPS CS.jpg;-
1363;259;Loket;16;28;102;GEDUNG KANTOR; 3 SEAT;Besi;5;Array;2;2;1;0;64b9e49e224492.jpg;1 UNIT DI LUAR. KURSI TUNGGU 3 SEAT
1364;259;Loket;16;28;102;GEDUNG KANTOR;4 SEAT;Besi;1;Array;1;0;0;0;64b9e49e26b523.jpg;KURSI TUNGGU 4 SEAT
1365;275;Loket;16;28;119;Gedung Loket Pembayaran Karpotec;LG FLATRON WI9425;Ebonit;1;;1;0;0;0;64b9e4e945f7d1.jpg;-
1366;441;Loket;16;28;119;Gedung Loket Pembayaran Karpotec;ICA CE1200;Ebonit;1;;1;0;0;0;64b9e4e94a3d12.jpg;-
1367;376;Loket;16;28;102;GEDUNG KANTOR;MASTER;Ebonit;1;UNIT;0;1;0;0;64b9e5807188d1.jpg;PAPAN TULIS BESAR
1368;127;Loket;16;28;102;GEDUNG KANTOR;PANASONIC CS-YN18TKP;Ebonit;1;UNIT;1;0;0;0;64b9e5807525f4.jpg;-
1369;121;STAF;16;30;120;GEDUNG KANTOR;Brother ;Besi;2;UNIT;2;0;0;0;64b9e58bda3799 RAK ARSIP.jpg;-
1370;1145;STAF;16;30;120;GEDUNG KANTOR;-;Ebonit;1;SET;1;0;0;0;64b9e58c0514b10 MEJA BAR PENGADUAN METER.jpg;-
1371;480;Loket;16;28;119;Gedung Loket Pembayaran Karpotec;BRIZZ;Ebonit;1;UNIT;1;0;0;0;64b9e5fb5a7453.jpg;-
1372;1146;Loket;16;28;119;Gedung Loket Pembayaran Karpotec;EPSON LX 300;Ebonit;1;UNIT;1;0;0;0;64b9e5fb5f6ba4.jpg;-
1373;88;Loket;16;28;102;GEDUNG KANTOR;LG 42 INCHI;Ebonit;1;UNIT;0;1;0;0;64b9e63da9d605.jpg;-
1374;572;Loket;16;28;102;GEDUNG KANTOR;TOA;Besi;1;UNIT;0;1;0;0;64b9e63daeb036.jpg;-
1375;258;STAF;16;30;120;GEDUNG KANTOR;Chitos;Ebonit;5;UNIT;5;0;0;0;64b9e66a7f40311 KURSI TAMU PENGADUAN METER.jpg;-
1377;124;Loket;16;28;119;Gedung Loket Pembayaran Karpotec;PANASONIC CS-PC18MKP;Ebonit;1;UNIT;1;0;0;0;64b9e67a5294a5.jpg;-
1378;259;Loket;16;28;119;Gedung Loket Pembayaran Karpotec;4 seat;Besi;7;UNIT;5;2;0;0;64b9e67a57e5f6.jpg;-
1379;256;Loket;16;28;119;Gedung Loket Pembayaran Karpotec;-;Besi;1;UNIT;1;0;0;0;64b9e6db85cf2Logo Perumdam.jpg;-
1380;254;Loket;16;28;119;Gedung Loket Pembayaran Karpotec;TIGER;Ebonit;3;UNIT;1;1;1;0;64b9e6db89589Logo Perumdam.jpg;-
1381;294;STAF;16;30;120;GEDUNG KANTOR;Equity;Ebonit;2;UNIT;2;0;0;0;64b9e704df37213 MEJA KOORDINATOR P METER.jpg;"Meja Koordinator Pembaca Meter	"
1382;275;STAF;16;30;120;GEDUNG KANTOR;Simbadda;Ebonit;1;SET;1;0;0;0;64b9e704e2f8b14 PC MONITOR PENG METER.jpg;-
1383;321;Loket;16;28;119;Gedung Loket Pembayaran Karpotec;STAR;Ebonit;2;UNIT;0;0;2;0;64b9e73700a53Logo Perumdam.jpg;-
1384;217;Loket;16;28;119;Gedung Loket Pembayaran Karpotec;CASIO DM 1400 TV;Ebonit;1;UNIT;1;0;0;0;64b9e7370420710.jpg;-
1385;283;Loket;16;28;102;GEDUNG KANTOR;-;Kayu;1;UNIT;0;1;0;0;64b9e78d7889b7.jpg;LOKER ARSIP 3 RAK
1386;55;Loket;16;28;102;GEDUNG KANTOR;EPSON LX - 300 + II;Ebonit;1;UNIT;0;1;0;0;64b9e78d97c348.jpg;-
1387;481;STAF;16;30;120;GEDUNG KANTOR;Lenovo;Ebonit;2;UNIT;2;0;0;0;64b9e794d01e315 PC ALL IN ONE PENG METER.jpg;-
1388;55;STAF;16;30;120;GEDUNG KANTOR;Epson L220;Ebonit;1;UNIT;1;0;0;0;64b9e794d591716 PRINTER PENG METER.jpg;-
1389;88;Loket;16;28;119;Gedung Loket Pembayaran Karpotec;LG;Ebonit;1;UNIT;1;0;0;0;64b9e7c2d4d8f11.jpg;21 inc
1390;197;Loket;16;28;119;Gedung Loket Pembayaran Karpotec;EXCELL;Besi;1;UNIT;0;0;1;0;64b9e7c2d928712.jpg;-
1391;127;ASISTEN MANAGER;22;63;81;GEDUNG KANTOR;Panasonic;Ebonit;1;;1;0;0;0;64b9e846c2d6d1.jpg;
1392;441;ASISTEN MANAGER;22;63;81;GEDUNG KANTOR;ICA;Ebonit;1;;1;0;0;0;64b9e846c782c10.jpg;
1393;254;ASISTEN MANAGER;22;63;81;GEDUNG KANTOR;Chitos;Ebonit;4;;4;0;0;0;64b9e846cb08b9.jpg;
1394;481;ASISTEN MANAGER;22;63;81;GEDUNG KANTOR;Lenovo RAM4 HD500GB;Ebonit;1;;1;0;0;0;64b9e846cf35a8.jpg;
1395;55;ASISTEN MANAGER;22;63;81;GEDUNG KANTOR;Epson L1300;Ebonit;1;;1;0;0;0;64b9e846d3d1d7.jpg;
1396;830;ASISTEN MANAGER;22;63;81;GEDUNG KANTOR;Saga;Ebonit;3;;3;0;0;0;64b9e846e08916.jpg;
1397;258;ASISTEN MANAGER;22;63;81;GEDUNG KANTOR;Chitos;Ebonit;4;;4;0;0;0;64b9e846e3e765.jpg;
1398;291;ASISTEN MANAGER;22;63;81;GEDUNG KANTOR;Saga;Ebonit;1;;1;0;0;0;64b9e8470de374.jpg;
1399;828;ASISTEN MANAGER;22;63;81;GEDUNG KANTOR;Polytron PWC 777;Ebonit;1;;1;0;0;0;64b9e847141bf3.jpg;
1400;121;ASISTEN MANAGER;22;63;81;GEDUNG KANTOR;BROTHER;Besi;3;;3;0;0;0;64b9e8471806c2.jpg;
1401;828;Loket;16;28;119;Gedung Loket Pembayaran Karpotec;UCHIDA MP-03 PAS;Ebonit;1;UNIT;1;0;0;0;64b9e85430a3c13.jpg;-
1402;664;Loket;16;28;119;Gedung Loket Pembayaran Karpotec;HIK VISION MODEL: DS-7616NI;Ebonit;1;UNIT;0;0;1;0;64b9e8544b5b214.jpg;-
1403;480;Loket;16;28;102;GEDUNG KANTOR;-;Ebonit;3;UNIT;3;0;0;0;64b9ece1b2c5321.jpg;-
1404;275;Loket;16;28;102;GEDUNG KANTOR;-;Ebonit;3;UNIT;3;0;0;0;64b9ecc9074719.jpg;-
1405;0;0;21;0;81;0;0;0;0;0;0;0;0;0;0;0
1406;0;0;21;59;81;0;0;0;0;0;0;0;0;0;0;0
1407;0;0;21;59;81;GEDUNG KANTOR;0;0;0;0;0;0;0;0;0;0
1408;237;Loket;16;28;119;Gedung Loket Pembayaran Karpotec;MIYAKO;Ebonit;1;UNIT;0;0;1;0;64b9e8c454474Logo Perumdam.jpg;Dibawa ke BK
1409;830;Loket;16;28;119;Gedung Loket Pembayaran Karpotec;-;Ebonit;1;UNIT;0;0;1;0;64b9e8c458b2eLogo Perumdam.jpg;-
1410;0;ASISTEN MANAGER;21;59;81;GEDUNG KANTOR;0;0;0;0;0;0;0;0;0;0
1411;578;Loket;16;28;119;Gedung Loket Pembayaran Karpotec;ABB FIRE EXTINGUISHER;Besi;1;UNIT;1;0;0;0;64b9e8fe9a2d717.jpg;-
1412;254;Loket;16;28;102;GEDUNG KANTOR;FANTONI;Ebonit;2;UNIT;1;0;1;0;64b9e93b3f22112.jpg;-
1413;253;Loket;16;28;102;GEDUNG KANTOR;CHITOSE;Ebonit;1;UNIT;1;0;0;0;64b9e93b438d113.jpg;-
1414;217;STAF;16;30;120;GEDUNG KANTOR;Casio DH-20;Ebonit;1;UNIT;1;0;0;0;64b9e9b13e04517 CALCULATOR PENG METER.jpg;-
1415;142;Loket;16;28;102;GEDUNG KANTOR;ICHIBAN;Besi;1;UNIT;1;0;0;0;64b9ea1ba532f14.jpg;-
1416;1132;Loket;16;28;102;GEDUNG KANTOR;NEW MARK;Ebonit;1;UNIT;0;1;0;0;64b9ea1bab12915.jpg;-
1417;481;STAF;16;30;120;GEDUNG KANTOR;Lenovo;Ebonit;1;UNIT;1;0;0;0;64b9ea9961c3718 PC ALL IN ONE KOOR PEMB METER.jpg;-
1418;275;STAF;16;30;120;GEDUNG KANTOR;-;Ebonit;1;SET;1;0;0;0;64b9ea9965e8619 PC&MONITOR KOOR PEMB METER.jpg;-
1419;259;STAF;16;30;120;GEDUNG KANTOR;-;Besi;3;UNIT;3;0;0;0;64b9eaf2c20c120 KURSI TUNGU.jpeg;"Kursi Tunggu Tamu 4 Seat	
"
1420;55;Loket;16;28;102;GEDUNG KANTOR;EPSON LX - 300;Ebonit;1;UNIT;0;1;0;0;64b9eb35320dd17.jpg;-
1421;321;Loket;16;28;102;GEDUNG KANTOR;ECOMAX LED 50;Ebonit;1;UNIT;0;1;0;0;64b9eb35368d216.jpg;-
1422;291;Loket;16;28;102;GEDUNG KANTOR;-;Ebonit;1;UNIT;0;1;0;0;64b9ee9ed036311.jpg;-
1423;1145;Loket;16;28;102;GEDUNG KANTOR;-;Ebonit;1;UNIT;0;1;0;0;64b9eeb1115cc;-
1424;0;0;17;0;82;0;0;0;0;0;0;0;0;0;0;0
1425;324;PANEL;20;51;126;Rumah Panel Pompa;WEG 110 kW;Besi;2;;2;0;0;0;64b9ecb8eb392Logo PDAM.jpeg;
1426;498;PANEL;20;51;126;Rumah Panel Pompa;220 KW;Besi;1;;1;0;0;0;64b9ecb8f0a73Logo PDAM.jpeg;
1427;498;PANEL;20;51;126;Rumah Panel Pompa;EBARA PUMP 150x100 KS4NA;Besi;1;;1;0;0;0;64b9ecb8f3dbcLogo PDAM.jpeg;
1428;324;PANEL;20;51;126;Rumah Panel Pompa;TECO AEEBKBO4010VEMB 75kW;Besi;1;;1;0;0;0;64b9ecb903807Logo PDAM.jpeg;
1429;498;PANEL;20;51;126;Rumah Panel Pompa;EBARA PUMP 250x150 CNJA;Besi;2;;2;0;0;0;64b9ecb906ce0Logo PDAM.jpeg;
1430;0;0;17;163;82;0;0;0;0;0;0;0;0;0;0;0
1431;0;0;17;163;82;MANAGER;0;0;0;0;0;0;0;0;0;0
1432;0;0;17;34;82;0;0;0;0;0;0;0;0;0;0;0
1433;0;0;17;34;82;GEDUNG KANTOR;0;0;0;0;0;0;0;0;0;0
1434;481;;17;163;82;MANAGER;LENOVO;Ebonit;1;UNIT;1;0;0;0;64b9ee379e48c1.jpeg;-
1435;254;;17;163;82;MANAGER;-;Ebonit;1;UNIT;1;0;0;0;64b9ee37a363b2.jpeg;-
1436;0;MANAGER;17;163;82;MANAGER;0;0;0;0;0;0;0;0;0;0
1437;481;MANAGER;17;163;82;MANAGER;LENOVO;Ebonit;1;UNIT;1;0;0;0;64b9eed7e30311.jpeg;-
1438;254;MANAGER;17;163;82;MANAGER;-;Ebonit;1;UNIT;1;0;0;0;64b9eed7e74a22.jpeg;-
1439;290;MANAGER;17;163;82;MANAGER;-;Ebonit;2;UNIT;2;0;0;0;64b9ef2f53c093.jpeg;-
1440;258;MANAGER;17;163;82;MANAGER;-;Ebonit;6;UNIT;6;0;0;0;64b9ef2f581414.jpeg;-
1441;0;0;21;0;102;0;0;0;0;0;0;0;0;0;0;0
1442;0;0;21;58;102;0;0;0;0;0;0;0;0;0;0;0
1443;280;MANAGER;17;163;82;MANAGER;-;Besi;1;UNIT;1;0;0;0;64b9efbf075ad5.jpeg;-
1444;480;MANAGER;17;163;82;MANAGER;-;Besi;1;UNIT;1;0;0;0;64b9efbf0b7b56.jpeg;-
1445;0;STAF;17;34;82;GEDUNG KANTOR;0;0;0;0;0;0;0;0;0;0
1446;55;MANAGER;17;163;82;MANAGER;CANON;Ebonit;1;UNIT;1;0;0;0;64b9f014932297.jpeg;-
1447;275;MANAGER;17;163;82;MANAGER;LENOVO;Ebonit;1;UNIT;1;0;0;0;64b9f014983ba8.jpeg;"Monitor 20"""
1448;441;MANAGER;17;163;82;MANAGER;-;Besi;1;UNIT;1;0;0;0;64b9f05311c85Logo Perumdam.jpg;-
1449;126;MANAGER;17;163;82;MANAGER;-;Ebonit;1;UNIT;1;0;0;0;64b9f053247d410.jpeg;-
1450;0;0;22;0;120;0;0;0;0;0;0;0;0;0;0;0
1451;0;0;22;61;120;0;0;0;0;0;0;0;0;0;0;0
1452;0;0;21;58;102;GEDUNG KANTOR;0;0;0;0;0;0;0;0;0;0
1453;0;STAF;21;58;102;GEDUNG KANTOR;0;0;0;0;0;0;0;0;0;0
1454;0;0;22;61;120;GEDUNG KANTOR;0;0;0;0;0;0;0;0;0;0
1455;830;STAF;21;58;102;GEDUNG KANTOR;AGGI;Ebonit;3;UNIT;3;0;0;0;64b9f18b111a21. MEJA KERJA SETENGAH BIRO.jpg;2 BARU
1456;254;STAF;21;58;102;GEDUNG KANTOR;FANTONI;Ebonit;4;UNIT;4;0;0;0;64b9f18b1548d2.KURSI KERJA RODA PUTAR.jpg;-
1457;0;ASISTEN MANAGER;22;61;120;GEDUNG KANTOR;0;0;0;0;0;0;0;0;0;0
1458;481;STAF;17;34;82;GEDUNG KANTOR;LENOVO;Ebonit;3;UNIT;3;0;0;0;64b9f2147098e1.jpeg;
1459;627;STAF;17;34;82;GEDUNG KANTOR;-;Ebonit;1;UNIT;1;0;0;0;64b9f21473e1e12.jpeg;
1460;55;STAF;17;34;82;GEDUNG KANTOR;-;Ebonit;5;UNIT;5;0;0;0;64b9f21476c7b11.jpeg;
1461;127;STAF;17;34;82;GEDUNG KANTOR;-;Ebonit;1;UNIT;1;0;0;0;64b9f21479f4710.jpeg;
1462;126;STAF;17;34;82;GEDUNG KANTOR;-;Ebonit;1;UNIT;1;0;0;0;64b9f2147d1a69.jpeg;
1463;173;STAF;17;34;82;GEDUNG KANTOR;-;Ebonit;1;UNIT;1;0;0;0;64b9f214824518.jpeg;
1464;827;STAF;17;34;82;GEDUNG KANTOR;-;Ebonit;10;UNIT;10;0;0;0;64b9f21484f867.jpeg;
1465;290;STAF;17;34;82;GEDUNG KANTOR;-;Ebonit;8;UNIT;8;0;0;0;64b9f21487acc6.jpeg;
1466;280;STAF;17;34;82;GEDUNG KANTOR;-;Besi;4;UNIT;4;0;0;0;64b9f2148a7cc5.jpeg;
1467;441;STAF;17;34;82;GEDUNG KANTOR;-;Ebonit;6;UNIT;6;0;0;0;64b9f2148f05c4.jpeg;
1468;275;STAF;17;34;82;GEDUNG KANTOR;LG;Ebonit;3;UNIT;3;0;0;0;64b9f2149239e2.jpeg;
1469;481;STAF;41;39;118;GEDUNG KANTOR;HP;Ebonit;3;;3;0;0;0;64b9f255cbf391.jpeg;-
1470;480;STAF;41;39;118;GEDUNG KANTOR;SETPC;Ebonit;4;;4;0;0;0;64b9f255d03102.jpeg;-
1471;0;0;16;0;82;0;0;0;0;0;0;0;0;0;0;0
1472;275;STAF;41;39;118;GEDUNG KANTOR;LG/SAMSUNG;Ebonit;6;UNIT;6;0;0;0;64b9f2a6b353d3.jpeg;-
1473;441;STAF;41;39;118;GEDUNG KANTOR;ICA;Ebonit;6;UNIT;6;0;0;0;64b9f2a6b74c74.jpeg;-
1474;0;0;16;29;82;0;0;0;0;0;0;0;0;0;0;0
1475;0;0;16;29;82;GEDUNG KANTOR;0;0;0;0;0;0;0;0;0;0
1476;127;ASISTEN MANAGER;22;61;120;GEDUNG KANTOR;PANASONIC 2 PK;Ebonit;1;UNIT;1;0;0;0;64b9f2f0d08e11.jpg;-
1477;664;ASISTEN MANAGER;22;61;120;GEDUNG KANTOR;-;Ebonit;1;UNIT;1;0;0;0;64b9f2f0d51a02.jpg;-
1478;307;STAF;41;39;118;GEDUNG KANTOR;KRISBOW;Ebonit;2;UNIT;2;0;0;0;64b9f32793b205.jpeg;-
1479;55;STAF;41;39;118;GEDUNG KANTOR;EPSON/CANON;Ebonit;4;UNIT;4;0;0;0;64b9f327974546.jpeg;-
1480;0;STAF;16;29;82;GEDUNG KANTOR;0;0;0;0;0;0;0;0;0;0
1481;178;STAF;21;58;102;GEDUNG KANTOR;BROTHER;Kayu;1;UNIT;1;0;0;0;64b9f407105203. FILLING CABINET.jpg;-
1482;290;STAF;41;39;118;GEDUNG KANTOR;CUSTOM;Ebonit;9;UNIT;9;0;0;0;64b9f48b36bc08.jpeg;-
1483;254;STAF;41;39;118;GEDUNG KANTOR;TIGER/CHITOSE;Ebonit;8;UNIT;8;0;0;0;64b9f48b3ab919.jpeg;-
1484;828;ASISTEN MANAGER;22;61;120;GEDUNG KANTOR;POLYTRON;Ebonit;1;UNIT;1;0;0;0;64b9f49a214873.jpg;-
1485;280;ASISTEN MANAGER;22;61;120;GEDUNG KANTOR;Brother ;Besi;1;UNIT;1;0;0;0;64b9f49a28a664.jpg;Lemari arsip
1486;285;STAF;21;58;102;GEDUNG KANTOR;BROTHER;Besi;1;UNIT;1;0;0;0;64b9f4b3b29634. LEMARI ARSIP.jpg;-
1487;281;STAF;21;58;102;GEDUNG KANTOR;BROTHER;Besi;1;UNIT;1;0;0;0;64b9f4b3c83365. LEMARI ARSIP.jpg;-
1488;127;STAF;41;39;118;GEDUNG KANTOR;PANASONIC;Ebonit;1;UNIT;1;0;0;0;64b9f4ca7a0bb10.jpeg;-
1489;126;STAF;41;39;118;GEDUNG KANTOR;LG;Ebonit;1;UNIT;0;0;1;0;64b9f4ca7d89e11.jpeg;-
1490;481;STAF;16;29;82;GEDUNG KANTOR;Lenovo/HP;Ebonit;5;UNIT;5;0;0;0;64b9f4ff89e2c1.jpeg;
1491;290;STAF;16;29;82;GEDUNG KANTOR;CUSTOM;Ebonit;10;UNIT;10;0;0;0;64b9f4ff95f186.jpeg;
1492;281;STAF;16;29;82;GEDUNG KANTOR;BROTHER;Besi;4;UNIT;4;0;0;0;64b9f4ff98f4c5.jpeg;
1493;441;STAF;16;29;82;GEDUNG KANTOR;ICA;Besi;8;UNIT;8;0;0;0;64b9f4ff9c11eLogo PDAM.jpeg;
1494;480;STAF;16;29;82;GEDUNG KANTOR;-;Ebonit;3;UNIT;2;0;1;0;64b9f4ff9f1163.jpeg;
1495;275;STAF;16;29;82;GEDUNG KANTOR;LG;Ebonit;4;UNIT;3;0;1;0;64b9f4ffa24b12.jpeg;
1496;121;ASISTEN MANAGER;22;61;120;GEDUNG KANTOR;Brother ;Besi;1;UNIT;1;0;0;0;64b9f505074155.jpg;-
1497;294;ASISTEN MANAGER;22;61;120;GEDUNG KANTOR;SAGA;Ebonit;4;UNIT;4;0;0;0;64b9f5050b16f6.jpg;-
1504;275;STAF;21;58;102;GEDUNG KANTOR;SAMSUNG / S194300N;Ebonit;1;;1;0;0;0;64bdc4049b1b26. MONITOR PC.jpg;-
1505;480;STAF;21;58;102;GEDUNG KANTOR;LG;Ebonit;1;;1;0;0;0;64bdc4049f4757. PC.jpg;-
1506;55;STAF;21;58;102;GEDUNG KANTOR;EPSON / L3110;Ebonit;1;;1;0;0;0;64bdc4423ad3a8. PRINTER.jpg;-
1507;0;0;22;0;102;0;0;0;0;0;0;0;0;0;0;0
1508;0;0;22;62;102;0;0;0;0;0;0;0;0;0;0;0
1509;0;0;22;62;102;GEDUNG KANTOR;0;0;0;0;0;0;0;0;0;0
1510;0;STAF;22;62;102;GEDUNG KANTOR;0;0;0;0;0;0;0;0;0;0
1511;124;STAF;22;62;102;GEDUNG KANTOR;SHARP 3/4 PK;Ebonit;1;;1;0;0;0;64bdc67f799ef1. AC SPLIT.jpg;-
1512;291;STAF;22;62;102;GEDUNG KANTOR;-;Ebonit;1;;1;0;0;0;64bdc67f7d8e82. MEJA KERJA 1 BIRO.jpg;-
1513;830;STAF;22;62;102;GEDUNG KANTOR;EXPO;Ebonit;1;;1;0;0;0;64bdc6eccac0d3. MEJA KERJA SETENGAH BIRO.jpg;-
1514;254;STAF;22;62;102;GEDUNG KANTOR;TIGER;Ebonit;5;;5;0;0;0;64bdc6eccf0a84. KURSI KERJA RODA PUTAR.jpg;-
1515;481;STAF;22;62;102;GEDUNG KANTOR;LG HITAM / 20 MK400A;Ebonit;1;;1;0;0;0;64bdc75d2de6b10. PC ALL IN ONE.jpg;-
1516;441;STAF;22;62;102;GEDUNG KANTOR;ICA;Ebonit;1;;1;0;0;0;64bdc75d326077. UPS.jpg;-
1517;178;STAF;22;62;102;GEDUNG KANTOR;BROTHER;Besi;1;;1;0;0;0;64bdc7bb3a9768. FILLING CABINET.jpg;-
1518;55;STAF;22;62;102;GEDUNG KANTOR;EPSON / L3110;Ebonit;1;;1;0;0;0;64bdc7bb3eb069. PRINTER.jpg;-
1519;481;STAF;22;62;102;GEDUNG KANTOR;LENOVO PUTIH / F0CD008ID;Ebonit;1;;1;0;0;0;64bdc8270c3d710. PC ALL IN ONE.jpg;-
1520;290;STAF;16;29;82;GEDUNG KANTOR;CUSTOM;Ebonit;10;;10;0;0;0;64bdc86720f0cWhatsApp Image 2023-02-01 at 12.44.26.jpeg;
1521;173;STAF;16;29;82;GEDUNG KANTOR;-;Ebonit;2;;2;0;0;0;64bdc867244f011.jpeg;
1522;127;STAF;16;29;82;GEDUNG KANTOR;-;Ebonit;1;;1;0;0;0;64bdc867276ef10.jpeg;
1523;627;STAF;16;29;82;GEDUNG KANTOR;-;Ebonit;1;;1;0;0;0;64bdc8672a98aWhatsApp Image 2023-07-20 at 10.33.55.jpeg;
1524;55;STAF;16;29;82;GEDUNG KANTOR;EPSON/CANON;Ebonit;4;;4;0;0;0;64bdc8672dbca8.jpeg;
1525;253;STAF;16;29;82;GEDUNG KANTOR;CHITOS/FANTONI;Ebonit;10;;10;0;0;0;64bdc86730c117.jpeg;
1526;0;0;16;31;102;0;0;0;0;0;0;0;0;0;0;0
1527;0;0;16;31;102;GEDUNG KANTOR;0;0;0;0;0;0;0;0;0;0
1528;0;STAF;16;31;102;GEDUNG KANTOR;0;0;0;0;0;0;0;0;0;0
1529;480;ASISTEN MANAGER;22;61;120;GEDUNG KANTOR;SIMBADDA/DAZUMBA;Ebonit;3;;3;0;0;0;64bdc98c7790e7.jpg;-
1530;275;ASISTEN MANAGER;22;61;120;GEDUNG KANTOR;LG;Ebonit;3;;3;0;0;0;64bdc98c7be4f8.jpg;-
1531;124;STAF;16;31;102;GEDUNG KANTOR;SHARP / 1 PK;Ebonit;1;;1;0;0;0;64bdca2a4d6291. AC SPLIT.jpg;-
1532;291;STAF;16;31;102;GEDUNG KANTOR;-;Ebonit;1;;1;0;0;0;64bdca2a50cfa2. MEJA KERJA 1 BIRO.jpg;-
1533;55;ASISTEN MANAGER;22;61;120;GEDUNG KANTOR;EPSON L1300;Ebonit;1;;1;0;0;0;64bdca34dddb19.jpg;-
1534;55;ASISTEN MANAGER;22;61;120;GEDUNG KANTOR;EPSON L3110;Ebonit;1;;1;0;0;0;64bdca34e2ae710.jpg;-
1535;830;STAF;16;31;102;GEDUNG KANTOR;-;Ebonit;4;;4;0;0;0;64bdca919b5c73. MEJA KERJA SETENGAH BIRO.jpg;-
1536;254;STAF;16;31;102;GEDUNG KANTOR;FANTONI;Ebonit;5;;5;0;0;0;64bdca91a0f274. KURSI KERJA RODA PUTAR.jpg;-
1537;827;ASISTEN MANAGER;22;61;120;GEDUNG KANTOR;FANTONI;Ebonit;4;;4;0;0;0;64bdcaab31df311.jpg;-
1538;253;STAF;16;31;102;GEDUNG KANTOR;CHITOS;Ebonit;2;;1;1;0;0;64bdcc3a469445. KURSI KERJA.jpeg;-
1539;278;STAF;16;31;102;GEDUNG KANTOR;BROTHER;Besi;5;;5;0;0;0;64bdcc3a4be3d6. LEMARI ARSIP 2 PINTU.jpg;-
1540;178;STAF;16;31;102;GEDUNG KANTOR;BROTHER;Besi;1;;1;0;0;0;64bdcd069f46d7. FILLING CABINET.jpg;-
1541;275;STAF;16;31;102;GEDUNG KANTOR;LG 22MM430M;Ebonit;1;;1;0;0;0;64bdcd06a384c8. MONITOR PC.jpg;-
1542;480;STAF;16;31;102;GEDUNG KANTOR;SAMSUNG;Ebonit;1;;1;0;0;0;64bdce0a408409. PC.jpg;-
1543;275;STAF;16;31;102;GEDUNG KANTOR;LG/19M38A;Ebonit;1;;1;0;0;0;64bdce0a4695b10. MONITOR PC.jpg;-
1544;280;Diklat;49;187;82;GEDUNG KANTOR;BROTHER;Besi;1;;1;0;0;0;64bdce500dfe91.jpeg;-
1545;828;Diklat;49;187;82;GEDUNG KANTOR;POLYTRON;Ebonit;1;;1;0;0;0;64bdce50136b82.jpeg;-
1546;480;STAF;16;31;102;GEDUNG KANTOR;LG;Ebonit;1;;1;0;0;0;64bdcea4043bd11.PC LG.jpg;-
1547;55;STAF;16;31;102;GEDUNG KANTOR;EPSON / L3110;Ebonit;2;;2;0;0;0;64bdcea4080df12. PRINTER.jpg;-
1548;132;OPERATOR;21;57;98;OPERATOR;PF ANTENNA 850;Ebonit;1;;1;0;0;0;64bdcf24daf261 ANTENA.jpg;-
1549;828;OPERATOR;21;57;98;OPERATOR;MASPION MD-16 PAS;Ebonit;1;;1;0;0;0;64bdcf24edf602 DISPENSER.jpg;-
1550;290;Diklat;49;187;82;GEDUNG KANTOR;-;Ebonit;1;;1;0;0;0;64bdcf35c147d3.jpeg;-
1551;294;Diklat;49;187;82;GEDUNG KANTOR;-;Ebonit;7;;7;0;0;0;64bdcf35c547b4.jpeg;-
1552;275;STAF;16;31;102;GEDUNG KANTOR;LG;Ebonit;1;;1;0;0;0;64bdcf61052d213. MONITOR PC.jpg;-
1553;480;STAF;16;31;102;GEDUNG KANTOR;ASUS;Ebonit;1;;1;0;0;0;64bdcf610940c14. PC.jpeg;-
1554;88;OPERATOR;21;57;98;OPERATOR;SHARP MODEL LC-24SA4100I;Ebonit;1;;1;0;0;0;64bdcfa229f9d3 TV LED.jpg;-
1555;237;OPERATOR;21;57;98;OPERATOR;MASPION MODEL : PW-452;Ebonit;1;;1;0;0;0;64bdcfa22e5f14 KIPAS ANGIN.jpg;-
1556;275;Diklat;49;187;82;GEDUNG KANTOR;LG;Ebonit;4;;4;0;0;0;64bdcfab3be495.jpeg;-
1557;480;Diklat;49;187;82;GEDUNG KANTOR;-;Ebonit;4;;4;0;0;0;64bdcfab4012d6.jpeg;-
1558;0;POMPA;21;57;98;OPERATOR;0;0;0;0;0;0;0;0;0;0
1559;55;STAF;16;31;102;GEDUNG KANTOR;EPSON/3210;Ebonit;1;;1;0;0;0;64bdd0539f8a815. PRINTER.jpg;-
1560;1146;STAF;16;31;102;GEDUNG KANTOR;EPSON / LX-310;Ebonit;1;;1;0;0;0;64bdd053a39f516. PRINTER DOT MATRIK.jpg;-
1561;441;Diklat;49;187;82;GEDUNG KANTOR;ICA;Ebonit;4;;4;0;0;0;64bdd056efc22Logo Perumdam.jpg;-
1562;55;Diklat;49;187;82;GEDUNG KANTOR;EPSON L3110;Ebonit;3;;3;0;0;0;64bdd057034238.jpeg;-
1563;0;Kepegawaian;49;187;82;GEDUNG KANTOR;0;0;0;0;0;0;0;0;0;0
1564;275;STAF;16;31;102;GEDUNG KANTOR;LG;Ebonit;1;;1;0;0;0;64bdd0c5541a717. MONITOR PC.jpg;-
1565;480;STAF;16;31;102;GEDUNG KANTOR;BRIZZ;Ebonit;1;;1;0;0;0;64bdd0c55809d18. PC.jpg;-
1566;507;POMPA;21;57;98;OPERATOR;WILO TYPE MV1954/1-3/E;Besi;2;;2;0;0;0;64bdd17f985aa1 POMPA DISTRIBUSI.jpg;( NO 1 & 2 )
1567;331;POMPA;21;57;98;OPERATOR;TEE G2E FA 200L2C-40 H;Besi;2;;2;0;0;0;64bdd17f9db892 MOTOR POMPA DISTRIBUSI.jpg;-
1568;280;Kepegawaian;49;187;82;GEDUNG KANTOR;BROTHER;Besi;3;;3;0;0;0;64bdd2151c8c41.jpeg;-
1569;480;Kepegawaian;49;187;82;GEDUNG KANTOR;-;Ebonit;7;;7;0;0;0;64bdd215207582.jpeg;-
1570;830;POMPA;21;57;98;OPERATOR;EXPO;Ebonit;1;;1;0;0;0;64bdd25da64303 MEJA KRJ.jpg;-
1571;253;POMPA;21;57;98;OPERATOR;POLARIS;Ebonit;2;;2;0;0;0;64bdd25daa9e44 KURSI KERJA.jpg;-
1572;275;STAF;16;31;102;GEDUNG KANTOR;LG;Ebonit;1;;1;0;0;0;64bdd264ebe2619. LAYAR MONITOR.jpeg;-
1573;480;STAF;16;31;102;GEDUNG KANTOR;LG;Ebonit;1;;1;0;0;0;64bdd264f0ad320. PC LG.jpg;-
1574;290;Kepegawaian;49;187;82;GEDUNG KANTOR;-;Ebonit;2;;2;0;0;0;64bdd28ec81f2Logo Perumdam.jpg;-
1575;294;Kepegawaian;49;187;82;GEDUNG KANTOR;-;Ebonit;1;;1;0;0;0;64bdd28ecce08Logo Perumdam.jpg;-
1576;55;STAF;16;31;102;GEDUNG KANTOR;PIXMA / IP 2770;Ebonit;1;;1;0;0;0;64bdd2e75ff1721. PRINTER.jpg;-
1577;481;STAF;16;31;102;GEDUNG KANTOR;LENOVO PUTIH F0BV004DI;Ebonit;1;;1;0;0;0;64bdd2e76401722.PC ALL IN ONE.jpg;-
1578;275;Kepegawaian;49;187;82;GEDUNG KANTOR;LG, HP, DELL;Ebonit;7;;7;0;0;0;64bdd2e9e10415.jpeg;-
1579;544;Kepegawaian;49;187;82;GEDUNG KANTOR;AVISION AD125;Ebonit;2;;2;0;0;0;64bdd2e9e54536.jpeg;-
1580;79;POMPA;21;57;98;OPERATOR;UNO;Ebonit;1;;1;0;0;0;64bdd318205765 LOCKER 4 LACI.jpg;-
1581;173;POMPA;21;57;98;OPERATOR;UCHIDA MD. 03VAS;Ebonit;1;;1;0;0;0;64bdd31824cb06 DISPENSER.jpg;-
1582;441;Kepegawaian;49;187;82;GEDUNG KANTOR;ICA;Ebonit;7;;7;0;0;0;64bdd35f476b57.jpeg;-
1583;55;Kepegawaian;49;187;82;GEDUNG KANTOR;CANON/EPSON;Ebonit;6;;6;0;0;0;64bdd35f4bee18.jpeg;-
1584;486;Kepegawaian;49;187;82;GEDUNG KANTOR;-;Ebonit;1;;1;0;0;0;64bdd3c0c03449.jpeg;-
1585;81;POMPA;21;57;98;OPERATOR;POWER LITE;Ebonit;1;;1;0;0;0;64bdd3c4759ea7 SENTER LED.jpg;-
1586;975;POMPA;21;57;98;OPERATOR;-;Besi;1;;1;0;0;0;64bdd3c493bf48 PANEL POMPA.jpg;PANEL POMPA NO 1 & 2
1587;0;MANAGER;49;187;82;GEDUNG KANTOR;0;0;0;0;0;0;0;0;0;0
1588;151;POMPA;21;57;98;OPERATOR;OTO;Besi;1;;1;0;0;0;64bdd47f2a8d79 CHAIN BLOCK.jpg;-
1589;445;POMPA;21;57;98;OPERATOR;AMF+ATS 135 KVA;Besi;1;;1;0;0;0;64bdd47f2fc7b10 PANEL LISTRIK.jpg;-
1590;126;MANAGER;49;187;82;GEDUNG KANTOR;LG;Ebonit;1;;1;0;0;0;64bdd4a19b9141.jpeg;-
1591;481;MANAGER;49;187;82;GEDUNG KANTOR;LENOVO;Ebonit;1;;1;0;0;0;64bdd4a19fe982.jpeg;-
1592;0;STAF;16;31;102;GEDUNG KANTOR;0;0;0;0;0;0;0;0;0;0
1593;0;STAF;16;31;102;GEDUNG KANTOR;0;0;0;0;0;0;0;0;0;0
1594;55;MANAGER;49;187;82;GEDUNG KANTOR;EPSON;Ebonit;1;;1;0;0;0;64bdd506caef53.jpeg;-
1595;678;MANAGER;49;187;82;GEDUNG KANTOR;-;Ebonit;2;;2;0;0;0;64bdd506cf56b4.jpeg;-
1596;254;MANAGER;49;187;82;GEDUNG KANTOR;CHITOSE/BROTHER;Ebonit;3;;3;0;0;0;64bdd543649be5.jpeg;-
1601;367;POMPA;21;57;98;OPERATOR;2X37 Kw;Besi;1;;1;0;0;0;64bdd5fb170d411 PANEL INVERTER.jpg;-
1602;197;POMPA;21;57;98;OPERATOR;PERKINS;Besi;1;;1;0;0;0;64bdd5fb1d072Logo Perumdam.jpg;TROUBLE
1605;151;POMPA;21;57;98;OPERATOR;BECO;Besi;1;;1;0;0;0;64bdd67256e8e13 CHAIN BLOCK.jpg;BARU
1606;512;POMPA;21;57;98;OPERATOR;SHIMIZU MODEL : PS-135 E;Besi;1;;1;0;0;0;64bdd6725af9d14 POMPA SHIMITZU.jpg;BARU
1607;124;STAF;16;31;102;GEDUNG KANTOR;PANASONIV 2 PK / CNPN18RK;Ebonit;1;;1;0;0;0;64bdd727a7a4b1. AC SPLIT.jpg;-
1608;627;STAF;16;31;102;GEDUNG KANTOR;PANASONIC/42;Ebonit;1;;1;0;0;0;64bdd727ac0482. TV.jpg;-
1609;259;STAF;16;31;102;GEDUNG KANTOR;3 SEAT SILVER;Besi;1;;1;0;0;0;64bdd79c4f4a03. KURSI TUNGGU.jpg;-
1610;253;STAF;16;31;102;GEDUNG KANTOR;CHITOS;Ebonit;7;;7;0;0;0;64bdd79c547a34. KURSI KERJA.jpg;-
1611;254;STAF;16;31;102;GEDUNG KANTOR;FANTONI;Ebonit;1;;1;0;0;0;64bdd82b6f1ba5. KURSI KERJA RODA PUTAR.jpg;-
1612;826;STAF;16;31;102;GEDUNG KANTOR;SECURELINE;Besi;1;;1;0;0;0;64bdd82b74ab06. LOCKER ARSIP.jpg;-
1613;0;0;45;0;118;0;0;0;0;0;0;0;0;0;0;0
1614;294;ASISTEN MANAGER;22;129;118;GEDUNG KANTOR;OGGI;Ebonit;1;;1;0;0;0;64bdd99cf178e1.jpg;Meja Kerja Asmen
1615;253;ASISTEN MANAGER;22;129;118;GEDUNG KANTOR;-;Ebonit;1;;1;0;0;0;64bdd99d0196f2.jpg;Kursi Kerja Asmen
1616;0;0;45;184;118;0;0;0;0;0;0;0;0;0;0;0
1617;830;STAF;16;31;102;GEDUNG KANTOR;-;Ebonit;4;;0;4;0;0;64bddbdfbf194Screenshot (1).png;-
1618;481;STAF;16;31;102;GEDUNG KANTOR;ASUS PUTIH ;Ebonit;1;;1;0;0;0;64bddbdfc35b37. PC ALL IN ONE.jpg;-
1619;0;0;45;184;118;Gedung Kantor, Operator,Gudang Dan PBK;0;0;0;0;0;0;0;0;0;0
1620;0;0;45;184;118;Gedung Kantor, Operator,Gudang Dan PBK;0;0;0;0;0;0;0;0;0;0
1621;258;ASISTEN MANAGER;22;129;118;GEDUNG KANTOR;-;Ebonit;1;;1;0;0;0;64bddc34f1c063.jpg;-
1622;275;ASISTEN MANAGER;22;129;118;GEDUNG KANTOR;"Samsung 19""";Ebonit;1;;1;0;0;0;64bddc3501d784.jpg;-
1623;275;STAF;16;31;102;GEDUNG KANTOR;LG / 19M38A;Ebonit;1;;1;0;0;0;64bddc7b501578. MONITOR PC.jpg;-
1624;480;STAF;16;31;102;GEDUNG KANTOR;SIMBADDA;Ebonit;1;;1;0;0;0;64bddc7b5490e9. PC.jpg;-
1625;480;ASISTEN MANAGER;22;129;118;GEDUNG KANTOR;Brizz;Ebonit;1;;1;0;0;0;64bddcc2189ba5.jpg;"PC + Keyboard Mouse	"
1626;275;STAF;16;31;102;GEDUNG KANTOR;LG;Ebonit;1;;1;0;0;0;64bddcd38e6b210. MONITOR PC.jpg;-
1627;481;STAF;16;31;102;GEDUNG KANTOR;BRIZZ;Ebonit;1;;1;0;0;0;64bddcd395ca211. PC BRIZZ.jpg;-
1628;0;STAF;22;129;118;GEDUNG KANTOR;0;0;0;0;0;0;0;0;0;0
1629;55;STAF;16;31;102;GEDUNG KANTOR;EPSON/L360;Ebonit;1;;1;0;0;0;64bddd399cbd312. PRINTER.jpg;-
1630;481;STAF;16;31;102;GEDUNG KANTOR;LENOVO HITAM;Ebonit;1;;1;0;0;0;64bddd39a16e413. PC ALL IN ONE HITAM.jpg;-
1631;441;STAF;16;31;102;GEDUNG KANTOR;ICA/CE 1200;Ebonit;1;;1;0;0;0;64bddd87e27a614. UPS.jpg;-
1632;55;STAF;16;31;102;GEDUNG KANTOR;EPSON / L3110;Ebonit;1;;1;0;0;0;64bddd87e77b615. PRINTER.jpg;-
1633;124;STAF;22;129;118;GEDUNG KANTOR;Panasonic;Ebonit;2;;2;0;0;0;64bddddd3e4151.jpg;-
1634;290;STAF;22;129;118;GEDUNG KANTOR;-;Ebonit;1;;1;0;0;0;64bddddd590142.jpg;Meja Tengah
1635;237;STAF;16;31;102;GEDUNG KANTOR;MIYAKO/18;Ebonit;1;;1;0;0;0;64bddde491e5b16 KIPAS ANGIN.jpg;-
1636;179;STAF;16;31;102;GEDUNG KANTOR;SOLUTION X601;Ebonit;1;;1;0;0;0;64bddde497d7b17. FINGER PRINT.jpg;-
1637;830;STAF;22;129;118;GEDUNG KANTOR;Oggi;Ebonit;8;;8;0;0;0;64bdde5e080043.jpg;-
1638;827;STAF;22;129;118;GEDUNG KANTOR;;Ebonit;14;;14;0;0;0;64bdde5e0c4d54.jpg;-
1639;481;STAF;22;129;118;GEDUNG KANTOR;Lenovo;Ebonit;4;;4;0;0;0;64bdded3b37235.jpg;-
1640;481;STAF;22;129;118;GEDUNG KANTOR;DELL;Ebonit;1;;1;0;0;0;64bdded3b7bf56.jpg;-
1641;55;STAF;22;129;118;GEDUNG KANTOR;Epson L350;Ebonit;1;;1;0;0;0;64bddf32b33127.jpg;-
1642;55;STAF;22;129;118;GEDUNG KANTOR;Epson L3251;Ebonit;1;;1;0;0;0;64bddf32b8b138.jpg;-
1643;0;0;22;0;82;0;0;0;0;0;0;0;0;0;0;0
1644;0;0;22;60;82;0;0;0;0;0;0;0;0;0;0;0
1645;0;0;22;60;82;GEDUNG KANTOR;0;0;0;0;0;0;0;0;0;0
1646;0;ASISTEN MANAGER;22;60;82;GEDUNG KANTOR;0;0;0;0;0;0;0;0;0;0
1647;55;STAF;22;129;118;GEDUNG KANTOR;Canon  lx 6560;Ebonit;1;;1;0;0;0;64bde0108e15d9.jpg;-
1648;55;STAF;22;129;118;GEDUNG KANTOR;Epson L1800;Ebonit;1;;1;0;0;0;64bde01092f3f10.jpg;-
1649;126;ASISTEN MANAGER;22;60;82;GEDUNG KANTOR;SAMSUNG;Ebonit;1;;1;0;0;0;64bde070e600f1.jpeg;-
1650;481;ASISTEN MANAGER;22;60;82;GEDUNG KANTOR;LENOVO;Ebonit;1;;1;0;0;0;64bde0711460d2.jpeg;-
1651;290;ASISTEN MANAGER;22;60;82;GEDUNG KANTOR;OGGI;Ebonit;1;;1;0;0;0;64bde0dccd3703.jpeg;-
1652;255;ASISTEN MANAGER;22;60;82;GEDUNG KANTOR;-;Ebonit;1;;1;0;0;0;64bde0dcd17784.jpeg;-
1653;55;STAF;22;129;118;GEDUNG KANTOR;Epson L360;Ebonit;1;;1;0;0;0;64bde0f943ca211.jpg;-
1654;275;STAF;22;129;118;GEDUNG KANTOR;LG;Ebonit;5;;5;0;0;0;64bde0f95402512.jpg;"2 Di Atas Lemari
"
1655;0;MANAGER;22;60;82;GEDUNG KANTOR;0;0;0;0;0;0;0;0;0;0
1656;55;MANAGER;22;60;82;GEDUNG KANTOR;EPSON/CANON;Ebonit;3;;2;0;1;0;64bde177d4df51.jpeg;-
1657;481;MANAGER;22;60;82;GEDUNG KANTOR;LENOVO;Ebonit;1;;1;0;0;0;64bde177d94012.jpeg;-
1658;678;MANAGER;22;60;82;GEDUNG KANTOR;SAGA;Ebonit;0;;1;0;0;0;64bde1f7db8813.jpeg;-
1659;126;MANAGER;22;60;82;GEDUNG KANTOR;PANASONIC;Ebonit;1;;1;0;0;0;64bde1f7df1464.jpeg;-
1660;480;STAF;22;129;118;GEDUNG KANTOR;Simbadda;Ebonit;5;;4;0;1;0;64bde252b890b13.jpg;-
1661;676;STAF;22;129;118;GEDUNG KANTOR;Brother ;Besi;1;;1;0;0;0;64bde252beb5a14.jpg;Lemari Arsip
1662;0;0;22;60;118;0;0;0;0;0;0;0;0;0;0;0
1663;0;0;22;60;118;MANAGER;0;0;0;0;0;0;0;0;0;0
1664;0;MANAGER;22;60;118;MANAGER;0;0;0;0;0;0;0;0;0;0
1665;676;STAF;22;129;118;GEDUNG KANTOR;-;Ebonit;3;;3;0;0;0;64bde335bbdd815.jpg;-
1666;284;STAF;22;129;118;GEDUNG KANTOR;Brother ;Kayu;1;;1;0;0;0;64bde335c100b16.jpg;"Lemari Arsip Pintu Kaca	"
1667;0;0;22;60;118;ASISTEN MANAGER;0;0;0;0;0;0;0;0;0;0
1668;0;ASISTEN MANAGER;22;60;118;ASISTEN MANAGER;0;0;0;0;0;0;0;0;0;0
1669;126;ASISTEN MANAGER;22;60;118;ASISTEN MANAGER;SAMSUNG;Ebonit;1;;1;0;0;0;64bde3ee8e8991.jpeg;-
1670;481;ASISTEN MANAGER;22;60;118;ASISTEN MANAGER;LENOVO;Ebonit;1;;1;0;0;0;64bde3eea79cc2.jpeg;-
1671;290;ASISTEN MANAGER;22;60;118;ASISTEN MANAGER;OGGI;Ebonit;1;;1;0;0;0;64bde42b93d9d3.jpeg;-
1672;255;ASISTEN MANAGER;22;60;118;ASISTEN MANAGER;-;Ebonit;1;;1;0;0;0;64bde42b981e44.jpeg;Kursi Asman
1673;55;MANAGER;22;60;118;MANAGER;EPSON/CANON;Ebonit;3;;2;0;1;0;64bde48aeafae1.jpeg;-
1674;481;MANAGER;22;60;118;MANAGER;LENOVO;Ebonit;1;;1;0;0;0;64bde48aef48c2.jpeg;-
1675;678;MANAGER;22;60;118;MANAGER;SAGA;Ebonit;1;;1;0;0;0;64bde4fe13cc73.jpeg;-
1676;126;MANAGER;22;60;118;MANAGER;PANASONIC;Ebonit;1;;1;0;0;0;64bde4fe178c84.jpeg;-
1677;177;MANAGER;22;60;118;MANAGER;-;Ebonit;1;;1;0;0;0;64bde543a45f65.jpeg;-
1678;376;MANAGER;22;60;118;MANAGER;-;Ebonit;1;;1;0;0;0;64bde543a88376.jpeg;-
1679;121;STAF;22;129;118;GEDUNG KANTOR;-;Kayu;2;;2;0;0;0;64bde5da8e0e817.jpg;-
1680;828;STAF;22;129;118;GEDUNG KANTOR;Uchida;Ebonit;1;;1;0;0;0;64bde5da9258018.jpg;-
1681;828;MANAGER;22;60;118;MANAGER;UCHIDA;Ebonit;1;;1;0;0;0;64bde5ed48a227.jpeg;-
1682;280;MANAGER;22;60;118;MANAGER;BROTHER;Besi;1;;1;0;0;0;64bde5ed4bf9f8.jpeg;-
1683;441;MANAGER;22;60;118;MANAGER;ICA;Ebonit;4;;2;0;2;0;64bde69d690f29.jpeg;-
1684;480;MANAGER;22;60;118;MANAGER;SETPC;Ebonit;2;;1;0;1;0;64bde69d6e88f10.jpeg;-
1685;616;POMPA DISTRIBUSI;21;101;106;Ruang Pompa;-;Besi;2;;2;0;0;0;64bde73ca3d441 TANKI WATER HAMMER.jpg;-
1686;327;POMPA DISTRIBUSI;21;101;106;Ruang Pompa;GRUNDFOS 11 KW;Besi;1;;1;0;0;0;64bde73cab0df2 MOTOR POMPA NO.2.jpg;-
1687;0;0;21;0;118;0;0;0;0;0;0;0;0;0;0;0
1688;0;0;22;60;118;Gedung Kantor - Operator - Gudang Dan PBK;0;0;0;0;0;0;0;0;0;0
1689;0;0;21;56;118;0;0;0;0;0;0;0;0;0;0;0
1690;0;STAF;22;60;118;Gedung Kantor - Operator - Gudang Dan PBK;0;0;0;0;0;0;0;0;0;0
1691;0;0;21;56;118;GEDUNG KANTOR;0;0;0;0;0;0;0;0;0;0
1692;126;STAF;22;60;118;Gedung Kantor - Operator - Gudang Dan PBK;SAMSUNG-SHARP;Ebonit;2;;2;0;0;0;64bde7f6c273c1.jpeg;-
1693;254;STAF;22;60;118;Gedung Kantor - Operator - Gudang Dan PBK;BROTHER;Ebonit;4;;3;0;1;0;64bde7f6c62202.jpeg;-
1694;0;ASISTEN MANAGER;21;56;118;GEDUNG KANTOR;0;0;0;0;0;0;0;0;0;0
1695;290;STAF;22;60;118;Gedung Kantor - Operator - Gudang Dan PBK;SAGA;Ebonit;4;;4;0;0;0;64bde849614b13.jpeg;-
1696;55;STAF;22;60;118;Gedung Kantor - Operator - Gudang Dan PBK;EPSON;Ebonit;1;;1;0;0;0;64bde84964d644.jpeg;-
1697;280;STAF;22;60;118;Gedung Kantor - Operator - Gudang Dan PBK;BROTHER;Besi;2;;2;0;0;0;64bde89434c2c5.jpeg;-
1698;275;STAF;22;60;118;Gedung Kantor - Operator - Gudang Dan PBK;LG;Ebonit;2;;2;0;0;0;64bde894388716.jpeg;"20"""
1699;480;STAF;22;60;118;Gedung Kantor - Operator - Gudang Dan PBK;SETPC;Ebonit;2;;2;0;0;0;64bde8e5f27777.jpeg;-
1700;290;STAF;22;60;118;Gedung Kantor - Operator - Gudang Dan PBK;SET;Ebonit;2;;2;0;0;0;64bde8e6023cf8.jpeg;Meja Custom
1701;678;STAF;22;60;118;Gedung Kantor - Operator - Gudang Dan PBK;SAGA;Ebonit;1;;1;0;0;0;64bde90863c0d9.jpeg;-
1702;294;ASISTEN MANAGER;21;56;118;GEDUNG KANTOR;Melody Furniture;Ebonit;1;;1;0;0;0;64bde939c915d1.jpg;"Meja Admin Manager Distribusi	"
1703;481;ASISTEN MANAGER;21;56;118;GEDUNG KANTOR;Lenovo All In One;Ebonit;1;;1;0;0;0;64bde939d49672.jpg;"PC Admin Manager Distribusi	"
1704;498;POMPA DISTRIBUSI;21;101;106;Ruang Pompa;GRUNFOS ;Besi;1;;1;0;0;0;64bde93c0b3043 POMPA NO2.jpg;-
1705;324;POMPA DISTRIBUSI;21;101;106;Ruang Pompa;GRUNDFOS TYPE CR125-3-1A-F-A-E-HQQE;Besi;1;;1;0;0;0;64bde93c0fdb24 MOTOR POMPA NO1.jpg;-
1706;178;STAF;41;39;118;GEDUNG KANTOR;BROTHER;Besi;1;;1;0;0;0;64bde9a13be12Logo Perumdam.jpg;-
1707;55;ASISTEN MANAGER;21;56;118;GEDUNG KANTOR;Epson L3110;Ebonit;1;;1;0;0;0;64bde9fbea7e53.jpg;"Printer Admin Manager Distribusi		"
1708;275;ASISTEN MANAGER;21;56;118;GEDUNG KANTOR;LG;Ebonit;1;;1;0;0;0;64bde9fc10dd24.jpg;"Monitor PC Admin Manager Dist		"
1709;0;0;45;184;118;Gedung Kantor - Operator - Gudang Dan PBK;0;0;0;0;0;0;0;0;0;0
1710;294;ASISTEN MANAGER;21;56;118;GEDUNG KANTOR;Melody Furniture;Ebonit;1;;1;0;0;0;64bdeaaa35e795.jpg;"Meja Kerja Admin Dist. Wil.1	"
1711;480;ASISTEN MANAGER;21;56;118;GEDUNG KANTOR;-;Ebonit;1;;1;0;0;0;64bdeaaa588346.jpg;"PC Admin Dist. Wil.1	
"
1712;0;Ruang Direktur Teknik;45;184;118;Gedung Kantor - Operator - Gudang Dan PBK;0;0;0;0;0;0;0;0;0;0
1714;55;Ruang Direktur Teknik;45;184;118;Gedung Kantor - Operator - Gudang Dan PBK;EPSON;Ebonit;1;;1;0;0;0;64bdeb4f1ef842.jpeg;-
1715;55;ASISTEN MANAGER;21;56;118;GEDUNG KANTOR;Epson L3110;Ebonit;1;;1;0;0;0;64bdeb62bb7d87.jpg;"Printer Admin Dist. Wil.1	
"
1716;290;ASISTEN MANAGER;21;56;118;GEDUNG KANTOR;"-		";Ebonit;1;;1;0;0;0;64bdeb62bfdbb8.jpg;"Meja Asisten Manager Dist. Wil.1		"
1717;481;Ruang Direktur Teknik;45;184;118;Gedung Kantor - Operator - Gudang Dan PBK;HP;Ebonit;1;;1;0;0;0;64bdeba73e3b73.jpeg;-
1718;255;Ruang Direktur Teknik;45;184;118;Gedung Kantor - Operator - Gudang Dan PBK;INFORMA;Ebonit;1;;1;0;0;0;64bdeba7435cd4.jpeg;-
1719;290;Ruang Direktur Teknik;45;184;118;Gedung Kantor - Operator - Gudang Dan PBK;INFORMA;Ebonit;1;;1;0;0;0;64bdec09ca7465.jpeg;-
1720;258;Ruang Direktur Teknik;45;184;118;Gedung Kantor - Operator - Gudang Dan PBK;INFORMA;Ebonit;2;;2;0;0;0;64bdec09d04836.jpeg;-
1721;827;ASISTEN MANAGER;21;56;118;GEDUNG KANTOR;Fantoni;Ebonit;6;;5;1;0;0;64bdecb4afdd39.jpg;-
1722;259;ASISTEN MANAGER;21;56;118;GEDUNG KANTOR;-;Besi;2;;2;0;0;0;64bdecb4c18a410.jpg;"Kursi Tunggu 4 Seat	
"
1723;88;Ruang Direktur Teknik;45;184;118;Gedung Kantor - Operator - Gudang Dan PBK;SAMSUNG;Ebonit;1;;1;0;0;0;64bdecc4eaa4e8.jpeg;-
1726;282;Ruang Direktur Teknik;45;184;118;Gedung Kantor - Operator - Gudang Dan PBK;CUSTOM;Ebonit;1;;1;0;0;0;64bdede33c4507.jpeg;-
1727;498;POMPA DISTRIBUSI;21;101;106;Ruang Pompa;RESS 2 HEAD 65,5 M;Besi;1;;1;0;0;0;64bdee079fefb5 POMPA NO.1.jpg;-
1728;975;POMPA DISTRIBUSI;21;101;106;Ruang Pompa;NO 1 RESS 2;Besi;1;;1;0;0;0;64bdee07a65656 PANEL POMPA NO.1.jpg;-
1729;0;Ruang Rapat Direktur Teknik;45;184;118;Gedung Kantor - Operator - Gudang Dan PBK;0;0;0;0;0;0;0;0;0;0
1730;88;Ruang Rapat Direktur Teknik;45;184;118;Gedung Kantor - Operator - Gudang Dan PBK;SHARP;Ebonit;1;;1;0;0;0;64bdee8f9118dLogo Perumdam.jpg;"42"""
1731;88;Ruang Rapat Direktur Teknik;45;184;118;Gedung Kantor - Operator - Gudang Dan PBK;MITV;Ebonit;1;;1;0;0;0;64bdee8f975082.jpeg;"32"""
1732;975;POMPA DISTRIBUSI;21;101;106;Ruang Pompa;NO 2 REE 2;Besi;1;;1;0;0;0;64bdeed7748267 PANEL POMPA NO.2.jpg;-
1733;445;POMPA DISTRIBUSI;21;101;106;Ruang Pompa;REE 2 ;Besi;1;;1;0;0;0;64bdeed7786c48 PANEL LISTRIK.jpg;-
1734;528;Ruang Rapat Direktur Teknik;45;184;118;Gedung Kantor - Operator - Gudang Dan PBK;EPSON;Ebonit;1;;1;0;0;0;64bdeeea711893.jpeg;-
1735;678;Ruang Rapat Direktur Teknik;45;184;118;Gedung Kantor - Operator - Gudang Dan PBK;CUSTOM;Ebonit;1;;1;0;0;0;64bdeeea74dfa4.jpeg;-
1736;281;ASISTEN MANAGER;21;56;118;GEDUNG KANTOR;Brother ;Besi;1;;1;0;0;0;64bdef192207b13.jpg;-
1737;828;ASISTEN MANAGER;21;56;118;GEDUNG KANTOR;Maspion MD-04 ND;Ebonit;1;;1;0;0;0;64bdef192693014.jpg;-
1738;498;POMPA DISTRIBUSI;21;101;106;Ruang Pompa;RESS 1 TORIMSHA PUMP CFR 80-250;Besi;1;;1;0;0;0;64bdef5b25c455 POMPA NO.1.jpg;-
1739;458;POMPA DISTRIBUSI;21;101;106;Ruang Pompa;-;Besi;1;;1;0;0;0;64bdef5b29ab310 PANEL PENERANGAN.jpg;-
1740;679;Ruang Rapat Direktur Teknik;45;184;118;Gedung Kantor - Operator - Gudang Dan PBK;INFORMA;Ebonit;1;;1;0;0;0;64bdefe1ae85d5.jpeg;-
1741;256;Ruang Rapat Direktur Teknik;45;184;118;Gedung Kantor - Operator - Gudang Dan PBK;INFORMA;Ebonit;13;;13;0;0;0;64bdefe1b1d626.jpeg;-
1742;441;Ruang Rapat Direktur Teknik;45;184;118;Gedung Kantor - Operator - Gudang Dan PBK;ICA;Ebonit;1;;1;0;0;0;64bdf03592a117.jpeg;-
1743;452;Ruang Rapat Direktur Teknik;45;184;118;Gedung Kantor - Operator - Gudang Dan PBK;-;Ebonit;1;;1;0;0;0;64bdf03595a7e8.jpeg;-
1744;572;Ruang Rapat Direktur Teknik;45;184;118;Gedung Kantor - Operator - Gudang Dan PBK;AUDIO;Ebonit;1;;1;0;0;0;64bdf095c7cae9.jpeg;-
1745;480;Ruang Rapat Direktur Teknik;45;184;118;Gedung Kantor - Operator - Gudang Dan PBK;SETPC;Ebonit;1;;1;0;0;0;64bdf095dd2fa10.jpeg;-
1746;197;ASISTEN MANAGER;21;56;118;GEDUNG KANTOR;Krisbow 8500 W;Besi;1;;1;0;0;0;64bdf137564fc15.jpg;-
1747;676;ASISTEN MANAGER;21;56;118;GEDUNG KANTOR;-;Ebonit;2;;2;0;0;0;64bdf1376f3be16.jpg;-
1748;376;Ruang Rapat Direktur Teknik;45;184;118;Gedung Kantor - Operator - Gudang Dan PBK;-;Kaca;1;;1;0;0;0;64bdf1913342011.jpeg;-
1749;126;Ruang Rapat Direktur Teknik;45;184;118;Gedung Kantor - Operator - Gudang Dan PBK;DAIKIN;Ebonit;1;;1;0;0;0;64bdf19136e5e12.jpeg;-
1750;0;Ruang Sekretaris Direktur Teknik;45;184;118;Gedung Kantor - Operator - Gudang Dan PBK;0;0;0;0;0;0;0;0;0;0
1751;280;Ruang Sekretaris Direktur Teknik;45;184;118;Gedung Kantor - Operator - Gudang Dan PBK;BROTHER;Besi;2;;2;0;0;0;64bdf25e24b361.jpeg;-
1752;481;Ruang Sekretaris Direktur Teknik;45;184;118;Gedung Kantor - Operator - Gudang Dan PBK;LENOVO;Ebonit;1;;1;0;0;0;64bdf25e2c58a2.jpeg;-
1753;480;Ruang Sekretaris Direktur Teknik;45;184;118;Gedung Kantor - Operator - Gudang Dan PBK;SETPC;Ebonit;1;;1;0;0;0;64bdf2c6c003a3.jpeg;-
1754;275;Ruang Sekretaris Direktur Teknik;45;184;118;Gedung Kantor - Operator - Gudang Dan PBK;LG;Ebonit;1;;1;0;0;0;64bdf2c6c55434.jpeg;-
1755;55;Ruang Sekretaris Direktur Teknik;45;184;118;Gedung Kantor - Operator - Gudang Dan PBK;EPSON/CANON;Ebonit;2;;2;0;0;0;64bdf322af6045.jpeg;-
1756;486;Ruang Sekretaris Direktur Teknik;45;184;118;Gedung Kantor - Operator - Gudang Dan PBK;DINO;Ebonit;1;;1;0;0;0;64bdf322b881cLogo Perumdam.jpg;-
1757;178;ASISTEN MANAGER;21;56;118;GEDUNG KANTOR;Brother ;Besi;1;;1;0;0;0;64bdf3741cdf711.jpg;-
1758;178;ASISTEN MANAGER;21;56;118;GEDUNG KANTOR;TOP;Besi;1;;1;0;0;0;64bdf37420eba12.jpg;-
1759;0;0;21;101;106;OPERATOR;0;0;0;0;0;0;0;0;0;0
1760;294;Ruang Sekretaris Direktur Teknik;45;184;118;Gedung Kantor - Operator - Gudang Dan PBK;CUSTOM;Ebonit;2;;2;0;0;0;64bdf414417147.jpeg;-
1761;254;Ruang Sekretaris Direktur Teknik;45;184;118;Gedung Kantor - Operator - Gudang Dan PBK;FANTONI;Ebonit;5;;5;0;0;0;64bdf414457d28.jpeg;-
1762;0;MANAGER;21;56;118;GEDUNG KANTOR;0;0;0;0;0;0;0;0;0;0
1763;0;OPERATOR;21;101;106;OPERATOR;0;0;0;0;0;0;0;0;0;0
1764;0;0;20;52;103;Gedung Kantor - Operator - Gudang Dan PBK;0;0;0;0;0;0;0;0;0;0
1765;0;OPERATOR;20;52;103;Gedung Kantor - Operator - Gudang Dan PBK;0;0;0;0;0;0;0;0;0;0
1766;291;MANAGER;21;56;118;GEDUNG KANTOR;Saga;Ebonit;1;;1;0;0;0;64bdf4d9883821.jpg;-
1767;253;MANAGER;21;56;118;GEDUNG KANTOR;-;Ebonit;1;;1;0;0;0;64bdf4d98c65e2.jpg;-
1768;830;OPERATOR;20;52;103;Gedung Kantor - Operator - Gudang Dan PBK;Oggi 1/2 Biro;Ebonit;2;;2;0;0;0;64bdf53d0ee4e1 Meja krj Oggy.jpg;-
1769;254;OPERATOR;20;52;103;Gedung Kantor - Operator - Gudang Dan PBK;Fantoni F90-HD;Ebonit;2;;2;0;0;0;64bdf53d136e82  Kursi Fantoni.jpg;-
1770;258;MANAGER;21;56;118;GEDUNG KANTOR;Chitos;Ebonit;2;;2;0;0;0;64bdf542b76713.jpg;-
1771;121;MANAGER;21;56;118;GEDUNG KANTOR;-;Kayu;1;;1;0;0;0;64bdf542bb7bd4.jpg;-
1772;237;OPERATOR;21;101;106;OPERATOR;MIYAKO KST - 18 RC;Ebonit;1;;0;0;0;0;64bdf550935221 KIPAS ANGIN.jpg;RUSAK
1773;253;OPERATOR;21;101;106;OPERATOR;CHITOS;Ebonit;1;;1;0;0;0;64bdf550982c32 KURSI KERJA.jpg;-
1774;830;OPERATOR;21;101;106;OPERATOR;-;Ebonit;2;;0;2;0;0;64bdf5d24d3b93 MEJA KERJA.jpg;-
1775;975;OPERATOR;21;101;106;OPERATOR;-;Besi;1;;1;0;0;0;64bdf5d26e59c4 PANEL POMPA.jpg;-
1776;126;MANAGER;21;56;118;GEDUNG KANTOR;Panasonic 1 PK;Ebonit;1;;1;0;0;0;64bdf5e6eca255.jpg;-
1777;217;MANAGER;21;56;118;GEDUNG KANTOR;Casio;Ebonit;1;;1;0;0;0;64bdf5e6f19eb6.jpg;-
1778;258;OPERATOR;20;52;103;Gedung Kantor - Operator - Gudang Dan PBK;Chitose Caesar;Ebonit;4;;4;0;0;0;64bdf5edb6f55Logo Perumdam.jpg;-
1779;173;OPERATOR;20;52;103;Gedung Kantor - Operator - Gudang Dan PBK;Miyako;Ebonit;1;;1;0;0;0;64bdf5f2625bb4 dispenser Miyako.jpg;-
1780;88;OPERATOR;21;101;106;OPERATOR;TV LED + ANTENA SHARP LC 24S4100;Ebonit;1;;1;0;0;0;64bdf676d68545 TV LED.jpg;BARU
1781;173;OPERATOR;21;101;106;OPERATOR;-;Ebonit;1;;1;0;0;0;64bdf676dc6e96 DISPENSER.jpg;BARU
1782;124;OPERATOR;21;101;106;OPERATOR;PANASONIC 2 PK ;Ebonit;1;;1;0;0;0;64bdf69feebdf7 AC.jpg;BARU
1783;124;OPERATOR;20;52;103;Gedung Kantor - Operator - Gudang Dan PBK;Daikin;Ebonit;2;;2;0;0;0;64bdf80beded35 AC.jpg;-
1784;0;OPERATOR;21;139;109;Ruang Operator Dan Lab Mini;0;0;0;0;0;0;0;0;0;0
1785;124;OPERATOR;21;139;109;Ruang Operator Dan Lab Mini;PANASONIC CS-YN9TKJ;Ebonit;1;;1;0;0;0;64be0a6eb41571 AC ruang operator.jpg;
1786;828;OPERATOR;21;139;109;Ruang Operator Dan Lab Mini;SHARP SWD-66EHL-BP;Ebonit;1;;0;0;1;0;64be0a6eb83424 dispenser sharp (rusak).jpg;
1787;828;OPERATOR;21;139;109;Ruang Operator Dan Lab Mini;POLYTRON;Ebonit;1;;1;0;0;0;64be0a6ebc4863 dispenser polytron.jpg;
1788;88;OPERATOR;21;139;109;Ruang Operator Dan Lab Mini;SHARP LC-24SA4100l;Ebonit;1;;0;0;1;0;64be0a6ec0baf2 tv ruang operator.jpg;
1789;0;0;21;139;109;PANEL;0;0;0;0;0;0;0;0;0;0
1790;0;PANEL;21;139;109;PANEL;0;0;0;0;0;0;0;0;0;0
1791;124;PANEL;21;139;109;PANEL;PANASONIC CS-YN9TKJ;Ebonit;1;;1;0;0;0;64be0d921051b2 AC ruang panel pompa.jpg;
1792;975;PANEL;21;139;109;PANEL;315 Kw;Besi;1;;1;0;0;0;64be0d9215aa010 panel pompa 315 KW.jpg;
1793;975;PANEL;21;139;109;PANEL;160 Kw;Besi;1;;1;0;0;0;64be0d92196769 panel pompa 160 KW.jpg;
1795;1032;PANEL;21;139;109;PANEL;PT. MITRA UTAMA SEJATI;Ebonit;1;;1;0;0;0;64be0d9220d037 FLOW METER.jpg;
1796;578;PANEL;21;139;109;PANEL;ABB 3,5 KG;Besi;1;;1;0;0;0;64be0d92247936 tabung pemadam.jpg;
1797;830;PANEL;21;139;109;PANEL;BIG PANEL;Ebonit;1;;1;0;0;0;64be0d9227de15 meja operator.jpg;
1798;124;PANEL;21;139;109;PANEL;PANASONIC;Ebonit;1;;1;0;0;0;64be0d922b5a13 AC ruang panel pompa.jpg;
1799;0;PBK;20;52;103;Gedung Kantor - Operator - Gudang Dan PBK;0;0;0;0;0;0;0;0;0;0
1800;828;PBK;20;52;103;Gedung Kantor - Operator - Gudang Dan PBK;Miyako WD-290 PHC;Ebonit;1;;1;0;0;0;64be0ecac09a81 DISPENSER.jpg;-
1801;464;PBK;20;52;103;Gedung Kantor - Operator - Gudang Dan PBK;-;Besi;1;;1;0;0;0;64be0ecac5c802 panel pompa dosing dan mixer.jpg;Panel Pompa Dosing & Mixer
1802;508;PBK;20;52;103;Gedung Kantor - Operator - Gudang Dan PBK;NORD SK 71L/4 0,37kW;Besi;3;;3;0;0;0;64be0f2d588d63 pompa dosing bahan kimia.jpg;Pompa Dosing Bahan Kimia
1803;311;PBK;20;52;103;Gedung Kantor - Operator - Gudang Dan PBK;WD GL-80 0,75kW;Besi;3;;3;0;0;0;64be0f2d5e4b54 mixer bahan kimia.jpg;-
1804;975;PANEL;20;51;126;Rumah Panel Pompa;75 Kw;Besi;1;;1;0;0;0;64be109714e5dWhatsApp Image 2023-07-20 at 10.33.55.jpeg;
1805;975;PANEL;20;51;126;Rumah Panel Pompa;220 Kw;Besi;1;;1;0;0;0;64be109718613WhatsApp Image 2023-07-20 at 10.33.55.jpeg;
1806;975;PANEL;20;51;126;Rumah Panel Pompa;110 Kw;Besi;1;;1;0;0;0;64be1097443b8WhatsApp Image 2023-07-20 at 10.33.55.jpeg;
1807;0;POMPA;20;52;103;Gedung Kantor - Operator - Gudang Dan PBK;0;0;0;0;0;0;0;0;0;0
1808;507;POMPA;20;52;103;Gedung Kantor - Operator - Gudang Dan PBK;WPIL 6WLNV18C 252 m3/jam;Besi;1;;1;0;0;0;64be11b565a171 POMPA BESAR.jpeg;Pompa Distribusi Besar
1809;336;POMPA;20;52;103;Gedung Kantor - Operator - Gudang Dan PBK;ABB 125kW 170Hp;Besi;1;;1;0;0;0;64be11b5695cc2 MOTOR POMPA BESAR.jpeg;-
1810;507;POMPA;20;52;103;Gedung Kantor - Operator - Gudang Dan PBK;Grundfos Model B967930..;Besi;1;;1;0;0;0;64be1240ca1c73 pompa dist sedang.jpeg;Pompa Distribusi Sedang
1811;336;POMPA;20;52;103;Gedung Kantor - Operator - Gudang Dan PBK;TECO Type AEEB.. 45Kw;Besi;1;;1;0;0;0;64be1240ce1d64 motor pompa dist sedang.jpg;Motor Pompa Distribusi Sedang
1812;507;POMPA;20;52;103;Gedung Kantor - Operator - Gudang Dan PBK;KSB Model 065-040-250 GG;Besi;1;;1;0;0;0;64be12be9ea095 pompa kecil.jpg;Pompa Distribusi Kecil
1813;336;POMPA;20;52;103;Gedung Kantor - Operator - Gudang Dan PBK;-;Besi;1;;1;0;0;0;64be12bea325d6 MOTOR pompa dist kecil.jpg;Motor Pompa Distribusi Kecil
1814;660;POMPA;20;52;103;Gedung Kantor - Operator - Gudang Dan PBK;EUROMAG MC 60B;Besi;1;;1;0;0;0;64be1350159787 display water meter.jpg;-
1815;990;POMPA;20;52;103;Gedung Kantor - Operator - Gudang Dan PBK;-;Besi;1;;1;0;0;0;64be1350196238 panel pompa dist besar.jpg;Panel Pompa Distribusi Besar
1816;0;GUDANG;40;149;80;GUDANG 1 Aksesoris Dan SR;0;0;0;0;0;0;0;0;0;0
1817;975;POMPA;20;52;103;Gedung Kantor - Operator - Gudang Dan PBK;-;Besi;1;;1;0;0;0;64be14a50f7cb9 panel pompa dist sedang dan kecil.jpg;Panel Pompa Sedang & Kecil
1818;975;POMPA;20;52;103;Gedung Kantor - Operator - Gudang Dan PBK;-;Besi;2;;2;0;0;0;64be14a51419a10 panel amphere pompa dist.jpg;Panel Voltase & Ampere
1819;166;OPERATOR;20;52;103;Gedung Kantor - Operator - Gudang Dan PBK;Loviband;Ebonit;1;;1;0;0;0;64be1501d54b26 Komparador.jpg;-
1820;126;ASISTEN MANAGER;20;47;94;GEDUNG KANTOR;HONSHU;Ebonit;1;;1;0;0;0;64be1519263f21. AC SPLIT.jpg;-
1821;830;ASISTEN MANAGER;20;47;94;GEDUNG KANTOR;LIGNA;Ebonit;1;;0;1;0;0;64be15192a00c2. MEJA KERJA SETENGAH BIRO.jpg;-
1822;254;ASISTEN MANAGER;20;47;94;GEDUNG KANTOR;FANTASI;Ebonit;1;;1;0;0;0;64be159e3776d3. KURSI KERJA RODA PUTAR.jpeg;-
1823;253;ASISTEN MANAGER;20;47;94;GEDUNG KANTOR;CHITOS;Ebonit;1;;1;0;0;0;64be159e3bfd04. KURSI KERJA.jpeg;-
1824;178;GUDANG;40;149;80;GUDANG 1 Aksesoris Dan SR;Brother ;Besi;1;;1;0;0;0;64be15ef032411 filling kabinet.jpg;-
1825;178;GUDANG;40;149;80;GUDANG 1 Aksesoris Dan SR;-;Besi;1;;1;0;0;0;64be15ef075ba2 Rak arsip 4 laci.jpg;-
1826;830;GUDANG;40;149;80;GUDANG 1 Aksesoris Dan SR;Expo;Ebonit;2;;2;0;0;0;64be16bb60a083 meja expo.jpg;-
1827;830;GUDANG;40;149;80;GUDANG 1 Aksesoris Dan SR;Saga;Ebonit;4;;4;0;0;0;64be16bb650334 meja saga.jpg;-
1828;241;ASISTEN MANAGER;20;47;94;GEDUNG KANTOR;LAKONI IMOLAA ;Besi;1;;1;0;0;0;64be16e20d157IMG20220802110332.jpg;-
1829;502;ASISTEN MANAGER;20;47;94;GEDUNG KANTOR;POWER TECH VX-SERIES SO2;Besi;1;;1;0;0;0;64be16e210d6e5. POMPA AIR ALKOM.jpg;-
1831;55;GUDANG;40;149;80;GUDANG 1 Aksesoris Dan SR;Epson LQ-2190;Ebonit;1;;1;0;0;0;64be17524d04e7 PRINTER EPSON LQ-2190.jpg;-
1832;55;GUDANG;40;149;80;GUDANG 1 Aksesoris Dan SR;Epson L-3110;Ebonit;1;;1;0;0;0;64be17a1309288 printer epson L3110.jpg;-
1833;295;ASISTEN MANAGER;20;47;94;GEDUNG KANTOR;-;Ebonit;1;;1;0;0;0;64be184f8ba076. MEJA KOMPUTER.jpg;-
1834;480;ASISTEN MANAGER;20;47;94;GEDUNG KANTOR;SIMBADDA COREi5;Ebonit;1;;1;0;0;0;64be184fa44b98. PC.jpg;-
1835;124;Loket;16;28;149;GEDUNG KANTOR;PANASONIC;Ebonit;1;;1;0;0;0;64be18bc55f061 AC.jpg;-
1836;55;Loket;16;28;149;GEDUNG KANTOR;Epson LX-300+II;Ebonit;2;;2;0;0;0;64be18bc5b30f4 Printer.jpg;-
1837;275;GUDANG;40;149;80;GUDANG 1 Aksesoris Dan SR;Lenovo;Ebonit;1;;1;0;0;0;64be1928c574b9 mini pc n monitor.jpg;-
1838;544;GUDANG;40;149;80;GUDANG 1 Aksesoris Dan SR;Avision AD125;Ebonit;1;;1;0;0;0;64be1928c969810 BARCODE.jpeg;-
1839;275;Loket;16;28;149;GEDUNG KANTOR;-;Ebonit;1;;1;0;0;0;64be19373d7ce5 PC + Monitor.jpg;-
1841;254;Loket;16;28;149;GEDUNG KANTOR;Fantoni;Ebonit;3;;3;0;0;0;64be19f1923e17 Kursi.jpg;-
1842;1038;PANEL;21;139;109;PANEL;-;Besi;1;;1;0;0;0;64be1a53d0aa91 panel indikator level resservoir.jpg;"
"
1843;177;PANEL;21;139;109;PANEL;MASPION;Ebonit;1;;1;0;0;0;64be1a53d5d0b4 EXAUST FAN.jpg;
1844;664;Loket;16;28;149;GEDUNG KANTOR;-;Ebonit;1;;1;0;0;0;64be1aaadef773 Camera CCTV.jpg;Camera CCTV in door
1845;664;Loket;16;28;149;GEDUNG KANTOR;Hikvision;Ebonit;1;;1;0;0;0;64be1aaae2e4910 Camera CCTV Out.jpg;-
1846;221;ASISTEN MANAGER;20;47;94;GEDUNG KANTOR;LOGITECH;Ebonit;1;;0;0;1;0;64be1af0ed74fWhatsApp Image 2023-07-18 at 07.58.06.jpeg;-
1847;342;ASISTEN MANAGER;20;47;94;GEDUNG KANTOR;TOSHIBA;Ebonit;1;;0;0;1;0;64be1af0f124aWhatsApp Image 2023-07-18 at 07.58.06.jpeg;-
1848;55;ASISTEN MANAGER;20;47;94;GEDUNG KANTOR;CANON MP 237;Ebonit;1;;1;0;0;0;64be1bd2cbf719. PRINTER.jpg;-
1849;1049;ASISTEN MANAGER;20;47;94;GEDUNG KANTOR;GRAND FURN;Ebonit;1;;1;0;0;0;64be1bd2d03fc10. LEMARI ARSIP.jpg;-
1850;285;ASISTEN MANAGER;20;47;94;GEDUNG KANTOR;KRISBOW;Besi;1;;1;0;0;0;64be1c5fe1d87WhatsApp Image 2023-07-18 at 07.58.06.jpeg;-
1851;441;ASISTEN MANAGER;20;47;94;GEDUNG KANTOR;ICA CE - 1200;Ebonit;1;;1;0;0;0;64be1c5fec06c11. UPS.jpeg;-
1852;621;ASISTEN MANAGER;20;47;94;GEDUNG KANTOR;-;Besi;1;;1;0;0;0;64be1cdbdf57312. TOOL BOX.jpg;-
1853;502;ASISTEN MANAGER;20;47;94;GEDUNG KANTOR;ROBINN EY- 15-3;Besi;1;;1;0;0;0;64be1cdbe358613. ALKON.jpg;-
1854;220;ASISTEN MANAGER;20;47;94;GEDUNG KANTOR;LOGITECH MK 220;Ebonit;1;;1;0;0;0;64be1d0b7a8856. MEJA KOMPUTER.jpg;-
1855;0;OPERATOR;20;47;94;GEDUNG KANTOR;0;0;0;0;0;0;0;0;0;0
1856;975;OPERATOR;20;47;94;GEDUNG KANTOR;NO 1 75 KW;Besi;1;;1;0;0;0;64be1f224c5ef1. PANEL POMPA 1.jpg;-
1857;975;OPERATOR;20;47;94;GEDUNG KANTOR;NO 2 ;Besi;1;;1;0;0;0;64be1f2250b6c2. PANEL POMPA 2.jpg;-
1858;124;OPERATOR;20;47;94;GEDUNG KANTOR;PANASONIC TYPR CS - PN 18SKP;Ebonit;1;;1;0;0;0;64be1f95aebcb3. AC.jpg;-
1862;1149;GUDANG;40;149;80;GUDANG 1 Aksesoris Dan SR;CM-400;Ebonit;1;;1;0;0;0;64be20808caae6 BARCODE.jpg;-
1863;1150;Loket;16;28;149;GEDUNG KANTOR;-;Ebonit;1;;1;0;0;0;64be20854ecb52 Recorder CCTV.jpg;-
1864;1151;Loket;16;28;149;GEDUNG KANTOR;ZTE;Ebonit;1;;1;0;0;0;64be20e4aad548 Reuter Wifi.jpg;-
1865;1039;OPERATOR;20;47;94;GEDUNG KANTOR;BROTHER;Besi;2;;0;2;0;0;64be2140cdae04. LOKER 6 PINTU.jpg;-
1866;244;OPERATOR;20;47;94;GEDUNG KANTOR;-;Ebonit;1;;1;0;0;0;64be2140d1df65. KORTAK P3K.jpeg;-
1867;341;ASISTEN MANAGER;21;59;81;GEDUNG KANTOR;LOGITECH B100;Ebonit;3;;1;0;2;0;64be21f3edaceWhatsApp Image 2023-07-20 at 10.33.55.jpeg;
1868;278;ASISTEN MANAGER;21;59;81;GEDUNG KANTOR;BROTHER;Besi;1;;1;0;0;0;64be21f3f24c7WhatsApp Image 2023-07-20 at 10.33.55.jpeg;
1869;482;ASISTEN MANAGER;21;59;81;GEDUNG KANTOR;SAMSUNG COREi3;Ebonit;1;;1;0;0;0;64be21f404d64WhatsApp Image 2023-07-20 at 10.33.55.jpeg;"di pindah ke CS Depan
"
1870;275;ASISTEN MANAGER;21;59;81;GEDUNG KANTOR;"LG E1624 19""";Ebonit;1;;0;0;1;0;64be21f4083b6WhatsApp Image 2023-07-20 at 10.33.55.jpeg;
1871;480;ASISTEN MANAGER;21;59;81;GEDUNG KANTOR;SIMBADDA COREi5;Ebonit;1;;0;0;1;0;64be21f40b5b6WhatsApp Image 2023-07-20 at 10.33.55.jpeg;
1872;441;ASISTEN MANAGER;21;59;81;GEDUNG KANTOR;ICA CE1200;Ebonit;2;;2;0;0;0;64be21f40e641WhatsApp Image 2023-07-20 at 10.33.55.jpeg;
1873;124;ASISTEN MANAGER;21;59;81;GEDUNG KANTOR;LG 2PK;Ebonit;1;;0;0;1;0;64be21f4115c5WhatsApp Image 2023-07-20 at 10.33.55.jpeg;
1874;55;ASISTEN MANAGER;21;59;81;GEDUNG KANTOR;CANON MP-237;Ebonit;1;;0;0;1;0;64be21f414b20WhatsApp Image 2023-07-20 at 10.33.55.jpeg;
1875;827;ASISTEN MANAGER;21;59;81;GEDUNG KANTOR;TIGER;Ebonit;4;;0;0;4;0;64be21f41820dWhatsApp Image 2023-07-20 at 10.33.55.jpeg;
1876;253;ASISTEN MANAGER;21;59;81;GEDUNG KANTOR;CHITOS;Ebonit;5;;0;0;5;0;64be21f41af4fWhatsApp Image 2023-07-20 at 10.33.55.jpeg;
1877;830;ASISTEN MANAGER;21;59;81;GEDUNG KANTOR;SAGA;Kayu;3;;2;0;1;0;64be21f41fdddWhatsApp Image 2023-07-20 at 10.33.55.jpeg;
1878;55;ASISTEN MANAGER;21;59;81;GEDUNG KANTOR;EPSON L-385;Ebonit;1;;1;0;0;0;64be21f4232c6WhatsApp Image 2023-07-20 at 10.33.55.jpeg;-
1879;481;ASISTEN MANAGER;21;59;81;GEDUNG KANTOR;LENOVO 500Gb COREi3;Ebonit;1;;0;0;1;0;64be21f426247WhatsApp Image 2023-07-20 at 10.33.55.jpeg;LCD PECAH
1880;828;OPERATOR;20;47;94;GEDUNG KANTOR;UCHIDA TYPE MD - 03 PAS ;Besi;1;;1;0;0;0;64bf0b0887a93WhatsApp Image 2023-07-18 at 07.58.06.jpeg;DIGUDANG
1881;578;OPERATOR;20;47;94;GEDUNG KANTOR;SAFNI FIRE;Besi;1;;1;0;0;0;64bf0b088dc2e7.jpeg;-
1882;477;OPERATOR;20;47;94;GEDUNG KANTOR;MASTER;Kayu;1;;0;1;0;0;64bf0b82d46a58.jpg;-
1883;830;OPERATOR;20;47;94;GEDUNG KANTOR;-;Ebonit;2;;0;0;2;0;64bf0b82dab349.jpg;-
1884;206;OPERATOR;20;47;94;GEDUNG KANTOR;ICOM TYPE IC-2300H;Besi;1;;1;0;0;0;64bf0e6d09c2310.jpg;-
1885;482;OPERATOR;20;47;94;GEDUNG KANTOR;AEC TYPE EC 25 A;Besi;1;;1;0;0;0;64bf0e6d0fc0011.jpg;-
1886;1042;OPERATOR;20;47;94;GEDUNG KANTOR;SIEMENS;Ebonit;2;;2;0;0;0;64bf0f69e892212.DISPLAY WATER METER AIR BAKU.jpg;-
1887;133;OPERATOR;20;47;94;GEDUNG KANTOR;YOKO MODEL 20;Besi;1;;1;0;0;0;64bf0f69eec4cWhatsApp Image 2023-07-18 at 07.58.06.jpeg;-
1888;828;OPERATOR;20;47;94;GEDUNG KANTOR;MASPION MD-04 ND;Ebonit;1;;1;0;0;0;64bf0fc2299beWhatsApp Image 2023-07-18 at 07.58.06.jpeg;-
1889;121;Loket;16;28;149;GEDUNG KANTOR;-;Ebonit;1;;0;1;0;0;64bf1082cc9d76 Rak Arsip.jpg;-
1890;121;ASISTEN MANAGER;21;59;81;GEDUNG KANTOR;TOP;Besi;1;;1;0;0;0;64bf10f94f396Logo PDAM.jpeg;4 laci
1891;127;ASISTEN MANAGER;21;59;81;GEDUNG KANTOR;Panasonic;Ebonit;1;;1;0;0;0;64bf10f9551b1Logo PDAM.jpeg;
1892;827;ASISTEN MANAGER;21;59;81;GEDUNG KANTOR;Fantoni;Ebonit;1;;1;0;0;0;64bf10f95b2b4Logo PDAM.jpeg;Baru 
1893;253;ASISTEN MANAGER;21;59;81;GEDUNG KANTOR;Chitos;Ebonit;2;;2;0;0;0;64bf10f95ffaaLogo PDAM.jpeg;baru
1894;830;ASISTEN MANAGER;21;59;81;GEDUNG KANTOR;-;Ebonit;1;;1;0;0;0;64bf10f966330Logo PDAM.jpeg;baru
1895;828;ASISTEN MANAGER;21;59;81;GEDUNG KANTOR;POLYTRON PWC 777 WR;Besi;1;;1;0;0;0;64bf10f9768e2Logo PDAM.jpeg;
1896;121;ASISTEN MANAGER;21;59;81;GEDUNG KANTOR;BROTHER;Besi;1;;1;0;0;0;64bf10f9840b4Logo PDAM.jpeg;4 laci
1897;0;LAB MINI;20;47;94;GEDUNG KANTOR;0;0;0;0;0;0;0;0;0;0
1898;124;LAB MINI;20;47;94;GEDUNG KANTOR;PANASONIC CS -YN9 SKJ 1PK;Besi;1;;1;0;0;0;64bf136c22f041. AC SPLIT.jpg;-
1899;1154;LAB MINI;20;47;94;GEDUNG KANTOR;VELP SCIENTIFICA C6F;Besi;1;;0;1;0;0;64bf136c2b6d02. JAR TEST.jpg;-
1900;194;LAB MINI;20;47;94;GEDUNG KANTOR;SCHOTT & PYREX;Kaca;6;;6;0;0;0;64bf14539325e3. GELAS UKUR.jpg;-
1901;583;LAB MINI;20;47;94;GEDUNG KANTOR;MC;Kaca;1;;1;0;0;0;64bf14539908cWhatsApp Image 2023-07-18 at 07.58.06.jpeg;-
1902;0;MANAGER;41;39;118;GEDUNG KANTOR;0;0;0;0;0;0;0;0;0;0
1903;205;LAB MINI;20;47;94;GEDUNG KANTOR;TYPE VEV V8 PLUS;Ebonit;1;;0;0;1;0;64bf155790ec1WhatsApp Image 2023-07-18 at 07.58.06.jpeg;-
1904;623;LAB MINI;20;47;94;GEDUNG KANTOR;HACH;Ebonit;1;;1;0;0;0;64bf155797d176.TURBIDI METER.jpg;-
1905;480;MANAGER;41;39;118;GEDUNG KANTOR;SETPC;Ebonit;1;;1;0;0;0;64bf1569e7dafcpu-upshh.jpeg;-
1906;441;MANAGER;41;39;118;GEDUNG KANTOR;ICA;Ebonit;1;;1;0;0;0;64bf1569edbf3cpu-upshh.jpeg;-
1907;275;MANAGER;41;39;118;GEDUNG KANTOR;LG;Ebonit;1;;1;0;0;0;64bf1643008eb36e982a5-fb6d-4e6c-9d71-b7871517ec6b.jpeg;"Monitor 19"""
1908;255;MANAGER;41;39;118;GEDUNG KANTOR;-;Ebonit;1;;1;0;0;0;64bf16431f3652e730aa9-c21f-40df-9010-0125af7e2823.jpeg;-
1909;166;LAB MINI;20;47;94;GEDUNG KANTOR;LOVINBAND TYPE 2000+;Ebonit;1;;1;0;0;0;64bf16ba0e2757. COMPARATOR.jpeg;-
1910;195;LAB MINI;20;47;94;GEDUNG KANTOR;PYREX;Kaca;4;;4;0;0;0;64bf16ba15e30WhatsApp Image 2023-07-18 at 07.58.06.jpeg;-
1911;0;0;45;0;118;0;0;0;0;0;0;0;0;0;0;0
1912;0;0;45;0;118;0;0;0;0;0;0;0;0;0;0;0
1913;290;MANAGER;41;39;118;GEDUNG KANTOR;CUSTOM;Ebonit;1;;1;0;0;0;64bf17cd8d53a136def06-ea10-4f7a-837a-77296b626530.jpeg;-
1914;280;MANAGER;41;39;118;GEDUNG KANTOR;BROTHER;Besi;1;;1;0;0;0;64bf17cd946563dcdc41a-6c6c-48a3-9775-6ed875dfe64b.jpeg;-
1915;193;LAB MINI;20;47;94;GEDUNG KANTOR;PYREX;Kaca;1;;1;0;0;0;64bf187c1bf96WhatsApp Image 2023-07-18 at 07.58.06.jpeg;-
1916;196;LAB MINI;20;47;94;GEDUNG KANTOR;PYREX;Kaca;3;;3;0;0;0;64bf187c22a17WhatsApp Image 2023-07-18 at 07.58.06.jpeg;-
1917;258;MANAGER;41;39;118;GEDUNG KANTOR;CHITOSE;Ebonit;2;;2;0;0;0;64bf18f3b80cd8b8d68ed-891a-4d04-bb1f-46075b8335dd.jpeg;-
1918;126;MANAGER;41;39;118;GEDUNG KANTOR;PANASONIC;Ebonit;1;;1;0;0;0;64bf18f3cde652ea5ca55-c00d-4b76-b0aa-4b0973ce466d.jpeg;-
1919;0;0;16;0;118;0;0;0;0;0;0;0;0;0;0;0
1920;0;0;16;28;118;0;0;0;0;0;0;0;0;0;0;0
1921;282;LAB MINI;20;47;94;GEDUNG KANTOR;2 PINTU;Kayu;1;;0;0;1;0;64bf19a9838e311. LEMARI BUFFET 2 PINTU.jpeg;-
1922;284;LAB MINI;20;47;94;GEDUNG KANTOR;FRONTILE;Besi;1;;1;0;0;0;64bf1af8ef40eWhatsApp Image 2023-07-18 at 07.58.06.jpeg;-
1923;578;LAB MINI;20;47;94;GEDUNG KANTOR;SAFNI FIRE ;Besi;1;;0;1;0;0;64bf1af90285113. TABUNG PEMADAM KEBAKARAN.jpeg;-
1924;282;MANAGER;41;39;118;GEDUNG KANTOR;-;Kayu;2;;2;0;0;0;64bf1b7b12879accbe6b1-6b56-480e-813c-870b143365fb.jpeg;-
1925;121;MANAGER;41;39;118;GEDUNG KANTOR;-;Kayu;1;;1;0;0;0;64bf1b7b180c394bc52ac-f708-4056-821d-b6567572ab9d.jpeg;-
1926;88;LAB MINI;20;47;94;GEDUNG KANTOR;LG 21;Ebonit;1;;1;0;0;0;64bf1b7d595f0WhatsApp Image 2023-07-18 at 07.58.06.jpeg;-
1927;124;OPERATOR;20;51;116;OPERATOR; Panasonic CS-PN18 SKP ;Ebonit;1;;1;0;0;0;64bf200c44cb0Logo PDAM.jpeg;
1928;502;OPERATOR;20;51;116;OPERATOR;LAKONI DAYTONA 100;Besi;1;;1;0;0;0;64bf200c4d879Logo PDAM.jpeg;
1929;173;OPERATOR;20;51;116;OPERATOR;SHARP MDL SWP-72CHL-WH;Ebonit;1;;1;0;0;0;64bf200c5306bLogo PDAM.jpeg;
1930;1044;OPERATOR;20;51;116;OPERATOR;SINTANO;Ebonit;1;;1;0;0;0;64bf200c58a6aLogo PDAM.jpeg;
1931;174;OPERATOR;20;51;116;OPERATOR;SIEMENS;Ebonit;2;;2;0;0;0;64bf200c5d7e6Logo PDAM.jpeg;
1932;475;OPERATOR;20;51;116;OPERATOR;-;Ebonit;1;;1;0;0;0;64bf200c627cdLogo PDAM.jpeg;
1933;275;OPERATOR;20;51;116;OPERATOR;LG;Ebonit;1;;1;0;0;0;64bf200c677e9Logo PDAM.jpeg;"19"""
1934;441;OPERATOR;20;51;116;OPERATOR;ICA ;Ebonit;2;;1;1;0;0;64bf200c6c8bfLogo PDAM.jpeg;dari IPA Lempake
1935;55;OPERATOR;20;51;116;OPERATOR;EPSON L360;Ebonit;1;;1;0;0;0;64bf200c7247fLogo PDAM.jpeg;
1936;1047;OPERATOR;20;51;116;OPERATOR;FANTASI;Ebonit;1;;0;1;0;0;64bf200c77b19Logo PDAM.jpeg;
1937;1047;OPERATOR;20;51;116;OPERATOR;POLARIS;Ebonit;3;;3;0;0;0;64bf200c7cce8Logo PDAM.jpeg;
1938;830;OPERATOR;20;51;116;OPERATOR;EXPO;Ebonit;2;;2;0;0;0;64bf200c824dcLogo PDAM.jpeg;
1939;168;OPERATOR;20;51;116;OPERATOR;BELL  PS-130A;Besi;2;;2;0;0;0;64bf200c8797fLogo PDAM.jpeg;
1940;206;OPERATOR;20;51;116;OPERATOR;hANNA HI 98703;Ebonit;1;;1;0;0;0;64bf200c8cf3cLogo PDAM.jpeg;
1941;623;OPERATOR;20;51;116;OPERATOR;HANNA HI 98703;Ebonit;1;;1;0;0;0;64bf200c932f3Logo PDAM.jpeg;
1942;192;OPERATOR;20;51;116;OPERATOR;PYREX 1000 ML;Kaca;6;;6;0;0;0;64bf200c98fb7Logo PDAM.jpeg;
1943;244;OPERATOR;20;51;116;OPERATOR;MASPION;Ebonit;1;;1;0;0;0;64bf200c9e228Logo PDAM.jpeg;
1944;476;OPERATOR;20;51;116;OPERATOR;MITSUBISHI;Ebonit;3;;1;2;0;0;64bf200ca37f2Logo PDAM.jpeg;
1945;281;OPERATOR;20;51;116;OPERATOR;BROTHER;Besi;1;;1;0;0;0;64bf200ca8b9cLogo PDAM.jpeg;
1946;0;POMPA;20;47;94;GEDUNG KANTOR;0;0;0;0;0;0;0;0;0;0
1949;1154;OPERATOR;20;51;116;OPERATOR;JLTG VELP SCIENTIFICA;Besi;1;;1;0;0;0;64bf2451ecfa6Logo PDAM.jpeg;
1950;480;OPERATOR;20;51;116;OPERATOR;RAM 4G SIMBADA ;Ebonit;1;;1;0;0;0;64bf245200bbcLogo PDAM.jpeg;
1951;627;OPERATOR;20;51;116;OPERATOR;"LED 22"" SHARP ";Ebonit;1;;1;0;0;0;64bf24520606cLogo PDAM.jpeg;
1952;0;0;20;47;94;Rumah Pompa;0;0;0;0;0;0;0;0;0;0
1953;0;POMPA;20;47;94;Rumah Pompa;0;0;0;0;0;0;0;0;0;0
1954;0;0;45;179;118;0;0;0;0;0;0;0;0;0;0;0
1955;324;POMPA;20;47;94;Rumah Pompa;GRUNDFOS 75 KW;Besi;1;;1;0;0;0;64bf263b1faab1 Motor Pompa Ruang baru.jpg;-
1956;498;POMPA;20;47;94;Rumah Pompa;GRUNFOS ;Besi;1;;1;0;0;0;64bf263b26a3d2 POMPA.jpg;-
1957;1093;POMPA;20;47;94;Rumah Pompa;-;Karet;1;;1;0;0;0;64bf268d12b973 Flexyble Karet.jpg;-
1958;154;POMPA;20;47;94;Rumah Pompa;-;Besi;1;;1;0;0;0;64bf268d196d44 cek valve.jpg;-
1959;0;0;16;28;118;GEDUNG KANTOR;0;0;0;0;0;0;0;0;0;0
1960;630;POMPA;20;47;94;Rumah Pompa;-;Besi;1;;1;0;0;0;64bf26bc2175d5 valve.jpg;-
1961;0;0;45;179;118;GEDUNG KANTOR;0;0;0;0;0;0;0;0;0;0
1962;0;STAF;16;28;118;GEDUNG KANTOR;0;0;0;0;0;0;0;0;0;0
1963;259;STAF;16;28;118;GEDUNG KANTOR;-;Besi;5;;5;0;0;0;64bf27904f7211.jpg;(Kursi Tunggu 4 Seat) 1 unit di luar
1964;664;STAF;16;28;118;GEDUNG KANTOR;-;Ebonit;1;;1;0;0;0;64bf2790561252.jpg;-
1965;1132;STAF;16;28;118;GEDUNG KANTOR;Promaxi LD-50VC;Ebonit;1;;1;0;0;0;64bf2861a15653.jpg;-
1966;830;STAF;16;28;118;GEDUNG KANTOR;Saga;Ebonit;2;;0;2;0;0;64bf2861a87644.jpg;-
1967;0;0;20;47;94;PBK;0;0;0;0;0;0;0;0;0;0
1968;0;PBK;20;47;94;PBK;0;0;0;0;0;0;0;0;0;0
1969;178;STAF;16;28;118;GEDUNG KANTOR;Brother ;Besi;1;;1;0;0;0;64bf2a1fbfc7e5.jpg;-
1970;827;STAF;16;28;118;GEDUNG KANTOR;Tiger;Ebonit;2;;2;0;0;0;64bf2a1fc694a6.jpg;-
1971;0;Lobby;45;179;118;GEDUNG KANTOR;0;0;0;0;0;0;0;0;0;0
1972;275;STAF;16;28;118;GEDUNG KANTOR;LG;Ebonit;2;;0;2;0;0;64bf2a88452f87.jpg;-
1973;480;STAF;16;28;118;GEDUNG KANTOR;-;Ebonit;2;;0;2;0;0;64bf2a884b0a28.jpg;-
1974;127;Lobby;45;179;118;GEDUNG KANTOR;PANASONIC;Ebonit;1;;1;0;0;0;64bf2a8f4776f1.jpeg;-
1975;299;Lobby;45;179;118;GEDUNG KANTOR;-;Ebonit;1;;1;0;0;0;64bf2a8f4eae12.jpeg;-
1976;290;Lobby;45;179;118;GEDUNG KANTOR;CUSTOM;Ebonit;1;;1;0;0;0;64bf2befafaa93.jpeg;-
1977;683;Lobby;45;179;118;GEDUNG KANTOR;INFORMA;Kayu;1;;1;0;0;0;64bf2befb4e424.jpeg;-
1978;55;STAF;16;28;118;GEDUNG KANTOR;Epson LX-310;Ebonit;1;;1;0;0;0;64bf2c29d9da39.jpg;-
1979;217;STAF;16;28;118;GEDUNG KANTOR;Casio DM-1400TV;Ebonit;1;;1;0;0;0;64bf2c29e012b10.jpg;-
1980;1130;Lobby;45;179;118;GEDUNG KANTOR;CUSTOM;Ebonit;1;;1;0;0;0;64bf2c5577e155.jpeg;-
1981;254;Lobby;45;179;118;GEDUNG KANTOR;FANTONI;Ebonit;1;;1;0;0;0;64bf2c5594f376.jpeg;-
1982;259;Lobby;45;179;118;GEDUNG KANTOR;-;Besi;2;;2;0;0;0;64bf2c7fbfc927.jpeg;-
1983;88;STAF;16;28;118;GEDUNG KANTOR;"Panasonic 32""";Ebonit;1;;0;0;1;0;64bf2d0bcf27511.jpg;-
1984;1151;STAF;16;28;118;GEDUNG KANTOR;TP Link;Ebonit;1;;1;0;0;0;64bf2d0bd4ee412.jpg;-
1985;0;Lobby;45;179;118;GEDUNG KANTOR;0;0;0;0;0;0;0;0;0;0
1986;0;Lobby;45;179;118;GEDUNG KANTOR;0;0;0;0;0;0;0;0;0;0
1987;0;Lobby;45;179;118;GEDUNG KANTOR;0;0;0;0;0;0;0;0;0;0
1988;126;ASISTEN MANAGER;20;53;154;GEDUNG KANTOR;SHARP / AH-A9UCY 1 PK ;Ebonit;3;;3;0;0;0;64bf2ed99c43c1. AC SPLIT.jpg;-
1989;830;ASISTEN MANAGER;20;53;154;GEDUNG KANTOR;AKTIV FURNITURE;Ebonit;1;;1;0;0;0;64bf2ed9a23cf2. MEJA KERJA SETENGAH BIRO.jpg;-
1990;0;0;40;149;80;0;0;0;0;0;0;0;0;0;0;0
1991;254;ASISTEN MANAGER;20;53;154;GEDUNG KANTOR;BROTHER;Ebonit;1;;0;0;1;0;64bf30d293cdd3. KURSI KERJA RODA PUTAR.jpg;-
1992;284;ASISTEN MANAGER;20;53;154;GEDUNG KANTOR;EVERY OFFICE ;Besi;1;;1;0;0;0;64bf30d29e8b04. LEMARI ARSIP BESI PINTU KACA.jpg;-
1993;210;ASISTEN MANAGER;20;53;154;GEDUNG KANTOR;DEKKO;Ebonit;1;;1;0;0;0;64bf314260bd55. JAM DINDING.jpeg;-
1994;621;ASISTEN MANAGER;20;53;154;GEDUNG KANTOR;TEKIRO/ST -TB1072 TOOL BOX & ISI;Besi;1;;1;0;0;0;64bf31426908d6. TOOL BOX & ISI.jpg;-
1995;0;STAF;40;149;80;KANTOR GUDANG;0;0;0;0;0;0;0;0;0;0
1996;126;STAF;40;149;80;KANTOR GUDANG;Panasonic;Ebonit;2;;1;0;1;0;64bf32e75cf0eNomor 1.jpeg;-
1997;127;STAF;40;149;80;KANTOR GUDANG;Panasonic;Ebonit;1;;1;0;0;0;64bf32e78046bNomor 2.jpeg;-
1998;376;STAF;40;149;80;KANTOR GUDANG;-;Ebonit;2;;2;0;0;0;64bf334ed145dNomor 3.jpeg;-
1999;257;STAF;40;149;80;KANTOR GUDANG;-;Ebonit;2;;2;0;0;0;64bf334ed777bNomor 4.jpeg;"Kursi Panjang Tunggu	"
2000;830;STAF;40;149;80;KANTOR GUDANG;Saga;Kayu;2;;2;0;0;0;64bf343c5fa85Nomor 5.jpeg;-
2001;253;STAF;40;149;80;KANTOR GUDANG;Pantasi;Ebonit;5;;4;0;1;0;64bf343c659c6Nomor 6.jpeg;-
2002;281;STAF;40;149;80;KANTOR GUDANG;Lion;Besi;5;;5;0;0;0;64bf34a212c8bNomor 7.jpeg;-
2003;627;STAF;40;149;80;KANTOR GUDANG;LG;Ebonit;1;;1;0;0;0;64bf34a21828bNomor 8.jpeg;"TV 14 In	"
2004;0;Lobby Teknik I & Ruang Dashboard;45;179;118;GEDUNG KANTOR;0;0;0;0;0;0;0;0;0;0
2005;53;STAF;40;149;80;KANTOR GUDANG;LG;Ebonit;2;;2;0;0;0;64bf357bbbaeaNomor 9.jpeg;-
2006;55;STAF;40;149;80;KANTOR GUDANG;Epson / Canon;Ebonit;2;;1;0;1;0;64bf357bc1e68Nomor 10.jpeg;-
2009;678;STAF;40;149;80;KANTOR GUDANG;-;Kayu;2;;2;0;0;0;64bf36f181e54Nomor 11.jpeg;-
2010;1133;STAF;40;149;80;KANTOR GUDANG;Sanyo;Ebonit;1;;1;0;0;0;64bf36f187606Nomor 12.jpeg;-
2011;173;STAF;40;149;80;KANTOR GUDANG;Poltron;Ebonit;1;;0;0;1;0;64bf380d3867fNomor 13.jpeg;-
2012;618;STAF;40;149;80;KANTOR GUDANG;Plastik;Plastik;1;;1;0;0;0;64bf380d3e6c2Nomor 14.jpeg;-
2013;127;Lobby Teknik I ;45;179;118;GEDUNG KANTOR;DAIKIN;Ebonit;1;;1;0;0;0;64bf3925ba5e21.jpeg;-
2014;676;Lobby Teknik I ;45;179;118;GEDUNG KANTOR;CUSTOM;Ebonit;1;;1;0;0;0;64bf3925c197fLogo Perumdam.jpg;-
2015;178;STAF;40;149;80;KANTOR GUDANG;HP;Kayu;1;;1;0;0;0;64bf394e4bca2Nomor 15.jpeg;warna hitam
2016;53;STAF;40;149;80;KANTOR GUDANG;LG;Ebonit;1;;1;0;0;0;64bf394e53251Logo Perumdam.jpg;Barang Baru
2019;0;0;20;53;154;PBK;0;0;0;0;0;0;0;0;0;0
2020;0;PBK;20;53;154;PBK;0;0;0;0;0;0;0;0;0;0
2021;256;Lobby Teknik I ;45;179;118;GEDUNG KANTOR;-;Besi;1;;1;0;0;0;64bf3cef1677765856b54-e709-4b47-8e4a-6878cbe16877.jpeg;-
2022;88;Lobby Teknik I ;45;179;118;GEDUNG KANTOR;SONY;Ebonit;1;;1;0;0;0;64bf3cef1d1224.jpeg;"TV 85"""
2023;676;Lobby Teknik I ;45;179;118;GEDUNG KANTOR;CUSTOM;Ebonit;1;;1;0;0;0;64bf3d83466d65.jpeg;Lemari Penyimpanan
2024;480;Lobby Teknik I ;45;179;118;GEDUNG KANTOR;SETPCS;Ebonit;1;;1;0;0;0;64bf3d836d07d6.jpeg;-
2025;290;Lobby Teknik I ;45;179;118;GEDUNG KANTOR;-;Besi;1;;1;0;0;0;64bf3e307dfe37.jpeg;-
2026;468;PBK;20;53;154;PBK;SHIMIZU /PS - 230 BIT;Besi;2;;2;0;0;0;64bf3eefe1a041. POMPA TRANSFER TAWAS.jpg;-
2028;0;Lobby Teknik II;45;179;118;GEDUNG KANTOR;0;0;0;0;0;0;0;0;0;0
2029;127;Lobby Teknik II;45;179;118;GEDUNG KANTOR;PANASONIC;Ebonit;1;;1;0;0;0;64bf3f6b2c8381.jpeg;-
2030;258;Lobby Teknik II;45;179;118;GEDUNG KANTOR;SETCUSTOM;Ebonit;1;;1;0;0;0;64bf3f6b33ff52.jpeg;-
2031;88;Lobby Teknik II;45;179;118;GEDUNG KANTOR;LG;Ebonit;1;;1;0;0;0;64bf40127b34b3.jpeg;"TV 30"""
2032;578;Lobby Teknik II;45;179;118;GEDUNG KANTOR;APIDAM;Ebonit;1;;1;0;0;0;64bf401281e18Logo Perumdam.jpg;-
2033;258;Lobby Teknik II;45;179;118;GEDUNG KANTOR;SETCUSTOM;Ebonit;2;;2;0;0;0;64bf409e797025.jpeg;Kursi set merah
2034;290;Lobby Teknik II;45;179;118;GEDUNG KANTOR;INFORMA;Ebonit;1;;1;0;0;0;64bf409e7f56f6.jpeg;-
2035;0;0;20;53;154;Ruang Operator Dan Lab Mini;0;0;0;0;0;0;0;0;0;0
2036;1162;ASISTEN MANAGER;20;53;154;GEDUNG KANTOR;TEKIRO/ST -TB1072;Besi;1;;1;0;0;0;64bf42f6ab5627. HAND SOCKET SET.jpg;HAND SOCKET SET
2037;1163;ASISTEN MANAGER;20;53;154;GEDUNG KANTOR;WIPRO/WPSO728;Besi;1;;1;0;0;0;64bf42f6b20df8. OBENG LISTRIK SET.jpg;OBENG LISTRIK SET 
2038;345;ASISTEN MANAGER;20;53;154;GEDUNG KANTOR;TEKOIRP/TE-GT6223A ;Besi;1;;1;0;0;0;64bf4330e77ce9. OBENG SET.jpg;-
2039;387;HALAMAN;20;50;90;Bangunan Gedung Instalasi;-;Besi;1;;1;0;0;0;64bf4627bb1fb1. TABUNG KOMPRESOR.jpg;-
2040;611;HALAMAN;20;50;90;Bangunan Gedung Instalasi;-;Besi;1;;1;0;0;0;64bf4627c53422. TANGKI SOLAR.jpg;-
2041;0;OPERATOR;20;53;154;Ruang Operator Dan Lab Mini;0;0;0;0;0;0;0;0;0;0
2042;619;HALAMAN;20;50;90;Bangunan Gedung Instalasi;-;Besi;1;;1;0;0;0;64bf46795b20e3, TIANG BENDERA.jpeg;-
2043;63;HALAMAN;20;50;90;Bangunan Gedung Instalasi;-;Besi;1;;1;0;0;0;64bf4679626e84. WATER HAMER.jpeg;-
2044;0;OPERATOR;20;53;154;Ruang Operator Dan Lab Mini;0;0;0;0;0;0;0;0;0;0
2045;147;HALAMAN;20;50;90;Bangunan Gedung Instalasi;-;Besi;1;;1;0;0;0;64bf46f37b21cLogo Perumdam.jpg;-
2046;191;HALAMAN;20;50;90;Bangunan Gedung Instalasi;ENDRESH+HAUSE;Ebonit;1;;1;0;0;0;64bf46f3816a3Logo Perumdam.jpg;-
2047;127;OPERATOR;20;53;154;Ruang Operator Dan Lab Mini;SHARP 2 PK;Ebonit;2;;2;0;0;0;64bf46fe1ab4c01 AC 2 PK.jpg;-
2048;126;OPERATOR;20;53;154;Ruang Operator Dan Lab Mini;SHARP / 1 PK;Ebonit;2;;2;0;0;0;64bf46fe218ac02. AC 1 PK.jpg;-
2049;154;HALAMAN;20;50;90;Bangunan Gedung Instalasi;-;Besi;1;;1;0;0;0;64bf471811c20Logo Perumdam.jpg;-
2052;210;OPERATOR;20;53;154;Ruang Operator Dan Lab Mini;EDISON;Ebonit;1;;1;0;0;0;64bf476c607f93 JAM DINDING.jpeg;-
2053;88;OPERATOR;20;53;154;Ruang Operator Dan Lab Mini;SHARP 32 / 2T-C32DC11;Ebonit;1;;1;0;0;0;64bf476c723f04 TV LED.jpg;-
2055;0;0;20;50;90;ASISTEN MANAGER;0;0;0;0;0;0;0;0;0;0
2056;0;ASISTEN MANAGER;20;50;90;ASISTEN MANAGER;0;0;0;0;0;0;0;0;0;0
2057;88;OPERATOR;20;53;154;Ruang Operator Dan Lab Mini;LG 32/32LM550BPTA;Ebonit;1;;1;0;0;0;64bf5ff3c78135 TV LED LG.jpg;CCTV
2058;376;OPERATOR;20;53;154;Ruang Operator Dan Lab Mini;-;Ebonit;1;;1;0;0;0;64bf5ff3cf5256. PAPAN TULIS.jpeg;-
2061;664;OPERATOR;20;53;154;Ruang Operator Dan Lab Mini;HIKVISION/DS 7616MI-Q1;Ebonit;1;;1;0;0;0;64bf6099efdec07. NETWORK VIDEO RECORDER.jpg;9 CAMERA CCTV
2062;830;OPERATOR;20;53;154;Ruang Operator Dan Lab Mini;AKTIF FURNITURE;Ebonit;4;;4;0;0;0;64bf609a051e48. MEJA KERJA SETENGAH BIRO.jpg;-
2063;830;ASISTEN MANAGER;20;50;90;ASISTEN MANAGER;SAGA;Ebonit;2;;2;0;0;0;64bf60d5a60671. MEJA KRJ 0,5 BIRO.jpg;-
2064;295;ASISTEN MANAGER;20;50;90;ASISTEN MANAGER;-;Ebonit;1;;1;0;0;0;64bf60d5acad72. MEJA KOMPUTER.jpg;-
2065;254;OPERATOR;20;53;154;Ruang Operator Dan Lab Mini;BROTHER;Ebonit;3;;2;0;1;0;64bf60f7e593a9. KURSI KERJA RODA PUTAR.jpg;-
2066;55;OPERATOR;20;53;154;Ruang Operator Dan Lab Mini;CANON / MP 287;Ebonit;1;;1;0;0;0;64bf60f7eebcd10 PRINTER.jpg;-
2069;254;ASISTEN MANAGER;20;50;90;ASISTEN MANAGER;FANTONI/TIGER;Ebonit;3;;3;0;0;0;64bf611e765713 KURSI KERJA BERODA.jpg;-
2070;178;ASISTEN MANAGER;20;50;90;ASISTEN MANAGER;BROTHER;Besi;2;;2;0;0;0;64bf611e7d64d4. FILLING KABINET 2 PINTU.jpg;2 pintu
2071;481;OPERATOR;20;53;154;Ruang Operator Dan Lab Mini;ASUS/CORE I3;Ebonit;1;;1;0;0;0;64bf61660b68411. PC.jpg;-
2072;441;OPERATOR;20;53;154;Ruang Operator Dan Lab Mini;ICA /CN1300;Ebonit;1;;1;0;0;0;64bf61661138412. UPS.jpg;-
2073;121;ASISTEN MANAGER;20;50;90;ASISTEN MANAGER;LION;Besi;1;;1;0;0;0;64bf616febfb45. RAK ARSIP 4 PINTU.jpg;4 pintu
2074;376;ASISTEN MANAGER;20;50;90;ASISTEN MANAGER;MASTER;Ebonit;1;;1;0;0;0;64bf616ff3eb36. PAPAN TULIS MERK MASTER.jpg;-
2075;127;ASISTEN MANAGER;20;50;90;ASISTEN MANAGER;LG;Ebonit;2;;2;0;0;0;64bf61c1288e17. AC 2PK LG.jpg;-
2076;290;ASISTEN MANAGER;20;50;90;ASISTEN MANAGER;SAGA;Ebonit;2;;2;0;0;0;64bf61c12ebaf8. MEJA MERK SAGA.jpg;--
2077;284;OPERATOR;20;53;154;Ruang Operator Dan Lab Mini;EVERY OFFICE;Besi;1;;1;0;0;0;64bf61f829fef13. LEMARI ARSIP.jpg;-
2078;1154;OPERATOR;20;53;154;Ruang Operator Dan Lab Mini;OEMEGA / OJT-6D;Ebonit;1;;1;0;0;0;64bf61f8314bd14. JAR TES.jpg;
2079;0;0;20;0;80;0;0;0;0;0;0;0;0;0;0;0
2080;254;ASISTEN MANAGER;20;50;90;ASISTEN MANAGER;FANTONI;Ebonit;5;;5;0;0;0;64bf621f79b239. KURSI KERJA BERODA.jpeg;-
2081;376;ASISTEN MANAGER;20;50;90;ASISTEN MANAGER;BROTHER;Ebonit;1;;1;0;0;0;64bf621f7f46f10. PAPAN TULIS MERK MITSUBISHI.jpg;-
2082;169;ASISTEN MANAGER;20;50;90;ASISTEN MANAGER;-;Ebonit;1;;1;0;0;0;64bf6241bcbc011. DENAH 3 DIMENSI.jpeg;-
2083;0;0;20;50;90;OPERATOR;0;0;0;0;0;0;0;0;0;0
2084;0;OPERATOR;20;50;90;OPERATOR;0;0;0;0;0;0;0;0;0;0
2085;0;0;20;41;80;Bangunan Gedung Laboratarium;0;0;0;0;0;0;0;0;0;0
2086;0;Lobby;20;41;80;Bangunan Gedung Laboratarium;0;0;0;0;0;0;0;0;0;0
2087;1154;OPERATOR;20;50;90;OPERATOR;-;Besi;1;;1;0;0;0;64bf6521470801. JAR TEST.jpg;-
2088;192;OPERATOR;20;50;90;OPERATOR;HERMA;Kaca;6;;6;0;0;0;64bf65214e0d8Logo Perumdam.jpg;-
2089;623;OPERATOR;20;53;154;Ruang Operator Dan Lab Mini;LUTRON / TU 2016;Ebonit;1;;1;0;0;0;64bf652c156bf15.TURBIDITY METER.jpg;-
2090;1164;OPERATOR;20;53;154;Ruang Operator Dan Lab Mini;THERMO SCIENTIFIC/EUTECH;Ebonit;1;;1;0;0;0;64bf652c1bffd16. PH METER.jpg;-
2091;495;OPERATOR;20;50;90;OPERATOR;HBG;Kaca;1;;1;0;0;0;64bf65775314eLogo Perumdam.jpg;-
2092;495;OPERATOR;20;50;90;OPERATOR;IWAKI;Kaca;1;;1;0;0;0;64bf65775922aLogo Perumdam.jpg;-
2093;826;Lobby;20;41;80;Bangunan Gedung Laboratarium;Brother ;Ebonit;1;;1;0;0;0;64bf65d45836c1 LOCKER KUNING.jpg;"LOCKER 12 PINTU (KUNING)	"
2094;1039;Lobby;20;41;80;Bangunan Gedung Laboratarium;Brother ;Ebonit;2;;2;0;0;0;64bf65d45e2b52 LOCKER ABU.jpg;"LOCKER 6 PINTU (ABU"")	
"
2095;145;OPERATOR;20;50;90;OPERATOR;PYREX IWAKI;Kaca;1;;0;1;0;0;64bf660a1d1d8Logo Perumdam.jpg;-
2096;166;OPERATOR;20;50;90;OPERATOR;LOVIBOND;Ebonit;1;;1;0;0;0;64bf660a2444aLogo Perumdam.jpg;-
2097;378;OPERATOR;20;50;90;OPERATOR;PYREX IWAKI;Kaca;2;;1;0;1;0;64bf66b6bffffLogo Perumdam.jpg;-
2098;192;OPERATOR;20;50;90;OPERATOR;-;Kaca;1;;1;0;0;0;64bf66b6c7076Logo Perumdam.jpg;-
2099;477;Lobby;20;41;80;Bangunan Gedung Laboratarium;-;Ebonit;1;;0;1;0;0;64bf66bc9b5b63 WHITE BOARD BERODA.jpg;-
2100;478;Lobby;20;41;80;Bangunan Gedung Laboratarium;-;Ebonit;1;;1;0;0;0;64bf66bca2902Logo Perumdam.jpg;-
2101;0;ASISTEN MANAGER;20;51;116;OPERATOR;0;0;0;0;0;0;0;0;0;0
2102;134;OPERATOR;20;50;90;OPERATOR;-;Kaca;1;;1;0;0;0;64bf6711c8519Logo Perumdam.jpg;-
2103;176;OPERATOR;20;50;90;OPERATOR;SCHOTT DURAN;Kaca;1;;1;0;0;0;64bf6711cfcacLogo Perumdam.jpg;-
2104;144;OPERATOR;20;50;90;OPERATOR;-;Kaca;1;;1;0;0;0;64bf677bb700fLogo Perumdam.jpg;-
2105;379;OPERATOR;20;50;90;OPERATOR;LOVIBOND;Ebonit;1;;1;0;0;0;64bf677bbe2deLogo Perumdam.jpg;-
2106;483;OPERATOR;20;53;154;Ruang Operator Dan Lab Mini;KENKO/60 CM;Besi;2;;2;0;0;0;64bf67cbcb7e917. PENGGARIS BESI.jpeg;PENGGARIS BESI
2107;660;OPERATOR;20;53;154;Ruang Operator Dan Lab Mini;SIEMENS/MAG 6000;Ebonit;1;;1;0;0;0;64bf67cbd241c18. WATER METER AIR BAKU.jpg;WATER MATER AIR BAKU
2108;541;OPERATOR;20;50;90;OPERATOR;-;Ebonit;1;;1;0;0;0;64bf67d065f19Logo Perumdam.jpg;-
2109;542;OPERATOR;20;50;90;OPERATOR;-;Ebonit;1;;1;0;0;0;64bf67d06b125Logo Perumdam.jpg;-
2110;830;Lobby;20;41;80;Bangunan Gedung Laboratarium;EXPO & PRO DESIGN;Ebonit;6;;5;1;0;0;64bf6816d65975 MEJA KRJ EXPO.jpg;-
2111;1047;Lobby;20;41;80;Bangunan Gedung Laboratarium;TIGER & POLARIS;Ebonit;13;;0;13;0;0;64bf6816e27ccLogo Perumdam.jpg;-
2112;540;OPERATOR;20;50;90;OPERATOR;-;Ebonit;1;;1;0;0;0;64bf682f8303cLogo Perumdam.jpg;-
2113;383;OPERATOR;20;50;90;OPERATOR;BROTHER;Besi;1;;1;0;0;0;64bf682f886f416. LOCKER 5 PINTU.jpg;-
2114;828;Lobby;20;41;80;Bangunan Gedung Laboratarium;UCHIDA MD-03 PAS;Ebonit;1;;1;0;0;0;64bf6878917fdLogo Perumdam.jpg;-
2115;565;OPERATOR;20;53;154;Ruang Operator Dan Lab Mini;SURYA/SHT 30W 20 LED;Ebonit;2;;2;0;0;0;64bf687a6c58019. SENTER.jpeg;-
2116;452;OPERATOR;20;53;154;Ruang Operator Dan Lab Mini;MASKO;Besi;3;;3;0;0;0;64bf687a71a6320 PANEL MIXER.jpg;PANEL MIXER BAHAN KIMIA
2117;79;OPERATOR;20;50;90;OPERATOR;LION;Besi;1;;1;0;0;0;64bf6886aeeba17. LOCKER 4 PINTU.jpg;-
2118;578;OPERATOR;20;50;90;OPERATOR;PROTECT;Besi;1;;1;0;0;0;64bf6886b52cd18. TABUNG PEMADAM.jpg;-
2119;124;ASISTEN MANAGER;20;51;116;OPERATOR;SHARP  AH-09 SPL;Ebonit;1;;1;0;0;0;64bf688db7d13Logo PDAM.jpeg;
2120;476;ASISTEN MANAGER;20;51;116;OPERATOR;MASTER;Ebonit;2;;2;0;0;0;64bf688dbdac4Logo PDAM.jpeg;
2121;1039;ASISTEN MANAGER;20;51;116;OPERATOR;BROTHER ;Besi;2;;2;0;0;0;64bf688dc25bdLogo PDAM.jpeg;
2122;253;ASISTEN MANAGER;20;51;116;OPERATOR;POLARIS;Ebonit;5;;5;0;0;0;64bf688dc8b88Logo PDAM.jpeg;
2123;827;ASISTEN MANAGER;20;51;116;OPERATOR;SAGA;Ebonit;1;;0;1;0;0;64bf688dcdf00Logo PDAM.jpeg;
2124;291;ASISTEN MANAGER;20;51;116;OPERATOR;SAGA;Ebonit;1;;1;0;0;0;64bf688dd31c1Logo PDAM.jpeg;
2125;1165;OPERATOR;20;53;154;Ruang Operator Dan Lab Mini;HANNA /HI96711;Ebonit;1;;1;0;0;0;64bf68a977b4b21. CHLORINE METER.jpg;-
2126;0;PBK;20;51;116;OPERATOR;0;0;0;0;0;0;0;0;0;0
2127;249;OPERATOR;20;50;90;OPERATOR;-;Besi;1;;1;0;0;0;64bf68d684f50Logo Perumdam.jpg;-
2128;348;OPERATOR;20;50;90;OPERATOR;-;Besi;1;;1;0;0;0;64bf68d68a46aLogo Perumdam.jpg;-
2129;347;OPERATOR;20;50;90;OPERATOR;-;Besi;1;;1;0;0;0;64bf69263b81fLogo Perumdam.jpg;-
2130;251;OPERATOR;20;50;90;OPERATOR;-;Besi;14;;14;0;0;0;64bf692641213Logo Perumdam.jpg;-
2131;385;OPERATOR;20;50;90;OPERATOR;-;Besi;1;;1;0;0;0;64bf6991a6f41Logo Perumdam.jpg;-
2132;252;OPERATOR;20;50;90;OPERATOR;-;Besi;1;;1;0;0;0;64bf6991acc17Logo Perumdam.jpg;-
2133;345;OPERATOR;20;50;90;OPERATOR;-;Besi;1;;1;0;0;0;64bf69f638d61Logo Perumdam.jpg;-
2134;386;OPERATOR;20;50;90;OPERATOR;-;Ebonit;1;;0;0;1;0;64bf69f63e9e626. PANEL LEVEL RESSERVOIR.jpg;-
2135;354;OPERATOR;20;50;90;OPERATOR;-;Ebonit;1;;0;0;1;0;64bf6a2d0a7e7Logo Perumdam.jpg;-
2136;0;0;20;53;154;Rumah Pompa Dist.;0;0;0;0;0;0;0;0;0;0
2137;0;POMPA DISTRIBUSI;20;53;154;Rumah Pompa Dist.;0;0;0;0;0;0;0;0;0;0
2138;152;POMPA DISTRIBUSI;20;53;154;Rumah Pompa Dist.;SHUANG GE / WPX -03;Besi;1;;1;0;0;0;64bf6afd0dd7e1. CHAINBLOCK ELEKTRIC.jpg;-
2139;458;POMPA DISTRIBUSI;20;53;154;Rumah Pompa Dist.;-;Besi;1;;1;0;0;0;64bf6afd14a322 PANEL PENERANGAN.jpg;-
2140;0;0;20;50;90;RUMAH POMPA DISTRIBUSI;0;0;0;0;0;0;0;0;0;0
2141;0;POMPA DISTRIBUSI;20;50;90;RUMAH POMPA DISTRIBUSI;0;0;0;0;0;0;0;0;0;0
2142;507;POMPA DISTRIBUSI;20;50;90;RUMAH POMPA DISTRIBUSI;GRUNDFOS;Besi;3;;3;0;0;0;64bf6cc1b64961. POMPA DITRIBUSI.jpg;-
2143;990;POMPA DISTRIBUSI;20;50;90;RUMAH POMPA DISTRIBUSI;GRUNDFOS;Besi;1;;1;0;0;0;64bf6cc1c28276. PANEL POMPA DISTRIBUSI.jpg;-
2144;443;POMPA DISTRIBUSI;20;50;90;RUMAH POMPA DISTRIBUSI;-;Besi;1;;1;0;0;0;64bf6db0a34ad11. PANEL KOMPRESSOR.jpg;-
2145;241;POMPA DISTRIBUSI;20;50;90;RUMAH POMPA DISTRIBUSI;SUPER SHAPE;Besi;1;;0;0;1;0;64bf6db0acdd113. KOMPRESOR.jpg;-
2146;508;PBK;20;51;116;OPERATOR;TREE PHASE INPULS NO. 1 & 2;Besi;2;;0;0;2;0;64bf6e4de4d3fLogo PDAM.jpeg;TROUBLE
2147;151;PBK;20;51;116;OPERATOR;TOKOGAWA GH.10;Besi;1;;1;0;0;0;64bf6e4defb10Logo PDAM.jpeg;
2148;452;PBK;20;51;116;OPERATOR;-;Besi;1;;1;0;0;0;64bf6e4e00e9cLogo PDAM.jpeg;
2149;324;PBK;20;51;116;OPERATOR;TECO MODEL AEBKP 18,5 KW;Besi;1;;0;0;0;0;64bf6e4e05b5dLogo PDAM.jpeg;DARI WTP LEMPAKE
2150;498;PBK;20;51;116;OPERATOR;EBARA  MDL 80x65 FS LJA;Besi;1;;0;0;0;0;64bf6e4e0aff2Logo PDAM.jpeg;DARI WTP LEMPAKE
2151;584;PBK;20;51;116;OPERATOR;600 L;PVC;1;;1;0;0;0;64bf6e4e107e2Logo PDAM.jpeg;"DARI WTP LEMPAKE
"
2152;584;PBK;20;51;116;OPERATOR;350 L;Fiber;2;;2;0;0;0;64bf6e4e15d93Logo PDAM.jpeg;"DARI WTP LEMPAKE
"
2153;72;PBK;20;51;116;OPERATOR;-;Fiber;2;;2;0;0;0;64bf6e4e1c18bLogo PDAM.jpeg;"DARI WTP LEMPAKE
"
2154;975;PBK;20;51;116;OPERATOR;3,7 kw;Besi;1;;1;0;0;0;64bf6e4e22776Logo PDAM.jpeg;
2155;458;PBK;20;51;116;OPERATOR;-;Besi;1;;1;0;0;0;64bf6e4e365dcLogo PDAM.jpeg;
2156;516;PBK;20;51;116;OPERATOR;-;Besi;1;;1;0;0;0;64bf6e4e409c5Logo PDAM.jpeg;POMPA SUBMERSIBLE BYPASS
2157;310;PBK;20;51;116;OPERATOR;ALLIANCE  TYPE A-Y3A-90L-4BS-1,5kW;Besi;3;;3;0;0;0;64bf6e4e453e0Logo PDAM.jpeg;
2158;177;POMPA DISTRIBUSI;20;50;90;RUMAH POMPA DISTRIBUSI;KDK MDL 40AAS;Besi;1;;1;0;0;0;64bf6e8167bae16. EXAUST FAN.jpg;-
2159;241;POMPA DISTRIBUSI;20;50;90;RUMAH POMPA DISTRIBUSI;HITACHI BEBICON;Besi;1;;0;0;1;0;64bf6e816d6ffLogo Perumdam.jpg;-
2160;678;ASISTEN MANAGER;40;149;80;KANTOR GUDANG;-;Kayu;1;;1;0;0;0;64bf6ecab7e36Nomor 5.jpeg;-
2161;258;ASISTEN MANAGER;40;149;80;KANTOR GUDANG;Pantasi;Ebonit;2;;0;0;2;0;64bf6ecabe2c5Nomor.6.jpeg;-
2162;990;POMPA DISTRIBUSI;20;53;154;Rumah Pompa Dist.;-;Besi;3;;3;0;0;0;64bf6ecebf3205. PANEL POMPA  DISTRIBUSI.jpg;-
2163;989;POMPA DISTRIBUSI;20;53;154;Rumah Pompa Dist.;-;Besi;1;;1;0;0;0;64bf6ecec505f11.PANEL POMPA UTILITY.jpg;-
2164;0;GENSET;20;51;116;OPERATOR;0;0;0;0;0;0;0;0;0;0
2165;443;POMPA DISTRIBUSI;20;53;154;Rumah Pompa Dist.;-;Besi;1;;1;0;0;0;64bf6f2923c5912. PANEL KOMPRESOR.jpg;-
2166;446;POMPA DISTRIBUSI;20;53;154;Rumah Pompa Dist.;-;Besi;1;;1;0;0;0;64bf6f293396a13.PANEL LISTRIK INDUK.jpg;-
2167;972;POMPA DISTRIBUSI;20;50;90;RUMAH POMPA DISTRIBUSI;SAMSUNG;Besi;1;;1;0;0;0;64bf6f9d68d2f23. CHAIN BLOCK.jpg;-
2168;137;POMPA DISTRIBUSI;20;50;90;RUMAH POMPA DISTRIBUSI;NATIONAL;Ebonit;2;;2;0;0;0;64bf6f9d70cc627. BLOWER SUSPEN.jpg;-
2169;505;POMPA DISTRIBUSI;20;53;154;Rumah Pompa Dist.;TSURUMI BLOWER/TSR2-125;Besi;1;;1;0;0;0;64bf6fe67ee7015. POMPA BLOWER.jpg;-
2170;994;POMPA DISTRIBUSI;20;53;154;Rumah Pompa Dist.;TORISHIMA ;Besi;1;;1;0;0;0;64bf6fe68480520. POMPA UTILITY.jpg;
2171;507;POMPA DISTRIBUSI;20;50;90;RUMAH POMPA DISTRIBUSI;GRUNDFOS 315 KVA;Besi;1;;1;0;0;0;64bf700ed1dfc28. POMPA DISTRIBUSI 315 KW.jpg;-
2172;975;POMPA DISTRIBUSI;20;50;90;RUMAH POMPA DISTRIBUSI;ABB;Besi;1;;1;0;0;0;64bf700ed9a80Logo Perumdam.jpg;-
2173;241;POMPA DISTRIBUSI;20;53;154;Rumah Pompa Dist.;MULTIPRO;Besi;1;;1;0;0;0;64bf70617de1f22.KOMPRESSOR.jpg;-
2174;991;POMPA DISTRIBUSI;20;53;154;Rumah Pompa Dist.;TORISHIMA/CDM 300 X 250 EN;Besi;1;;1;0;0;0;64bf70618427823. POMPA DISTRIBUSI 1.jpg;-
2175;355;GENSET;20;51;116;OPERATOR;-;Besi;1;;1;0;0;0;64bf7133a7e8fLogo PDAM.jpeg;PANEL CAPATICOR 250 KVAR
2176;865;GENSET;20;51;116;OPERATOR;SCHNEIDER  NWH-10 HI;Besi;1;;1;0;0;0;64bf7133bab31Logo PDAM.jpeg;
2177;584;GENSET;20;51;116;OPERATOR;PENGUIN;PVC;1;;1;0;0;0;64bf7133c96a8Logo PDAM.jpeg;
2178;133;GENSET;20;51;116;OPERATOR;DELTA Model DT-440C;Besi;1;;1;0;0;0;64bf7133d09e7Logo PDAM.jpeg;
2179;515;GENSET;20;51;116;OPERATOR;SHIMIZU MDL PS-135 PE;Besi;2;;2;0;0;0;64bf7133d59c9Logo PDAM.jpeg;
2180;992;POMPA DISTRIBUSI;20;53;154;Rumah Pompa Dist.;TORISHIMA /CDM 300 X 250 EN ;Besi;1;;1;0;0;0;64bf71ab5245625.POMPA DIST 2.jpg;-
2181;871;POMPA DISTRIBUSI;20;53;154;Rumah Pompa Dist.;FLEXIM / AIE BERSIH ;Ebonit;1;;1;0;0;0;64bf71ab59c0128. WATER METER AIR BERSIH.jpg;WATER MATER AIR BERSIH 
2182;865;POMPA DISTRIBUSI;20;53;154;Rumah Pompa Dist.;CRAINT HOIST ;Besi;1;;1;0;0;0;64bf7264152713. PANEL CRAINT HOIST.jpg;PANEL CHRAINT HOIST
2183;975;POMPA DISTRIBUSI;20;53;154;Rumah Pompa Dist.;PANEL POMPA KURAS;Besi;1;;1;0;0;0;64bf72641d6714. PANELPOMPA KURAS.jpg;PANEL POMPA KURAS
2184;865;PBK;20;51;116;OPERATOR;ACTUATOR;Besi;1;;1;0;0;0;64bf72e96c4b8Logo PDAM.jpeg;
2185;865;POMPA DISTRIBUSI;20;53;154;Rumah Pompa Dist.;AMPERE BACK WASH;Besi;1;;1;0;0;0;64bf72eea311206. PANEL AMPERE BACKWASH.jpg;PANEL AMPERE BACK WASH
2186;975;POMPA DISTRIBUSI;20;53;154;Rumah Pompa Dist.;PELARUT TAWAS;Besi;1;;1;0;0;0;64bf72eea938d07. PANEL POMPA PELARUT TAWAS.jpg;PANEL POMPA PELARUT TAWAS
2187;994;POMPA DISTRIBUSI;20;50;90;RUMAH POMPA DISTRIBUSI;GRUNDFOS;Besi;2;;0;0;2;0;64bf733042f5fLogo Perumdam.jpg;-
2188;975;POMPA DISTRIBUSI;20;50;90;RUMAH POMPA DISTRIBUSI;BLOWER;Besi;1;;1;0;0;0;64bf73306c3218. PANEL POMPA BLOWER.jpg;-
2189;975;POMPA DISTRIBUSI;20;53;154;Rumah Pompa Dist.;BLOWER;Besi;1;;1;0;0;0;64bf7351943e808. PANEL POMPA BLOWER.jpg;PANEL POMPA BLOWER 
2190;975;POMPA DISTRIBUSI;20;53;154;Rumah Pompa Dist.;BACK WASH;Besi;1;;1;0;0;0;64bf7351d676a9. PANEL POMPA BACK WASH.jpg;PANEL POMPA BACK WASH 
2191;975;POMPA DISTRIBUSI;20;50;90;RUMAH POMPA DISTRIBUSI;BAHAN KIMIA;Besi;1;;1;0;0;0;64bf739e253a59. PANEL POMPA UTILITY.jpg;-
2192;975;POMPA DISTRIBUSI;20;50;90;RUMAH POMPA DISTRIBUSI;AIR BERSIH;Besi;1;;1;0;0;0;64bf739e306b010. PANEL POMPA AIR BERSIH.jpg;-
2193;975;POMPA DISTRIBUSI;20;53;154;Rumah Pompa Dist.;DOSING TAWAS;Besi;1;;1;0;0;0;64bf73b61867410.PANEL POMPA DOSING TAWAS.jpg;PANEL POMPA DOSING TAWAS
2194;335;POMPA DISTRIBUSI;20;53;154;Rumah Pompa Dist.;;Besi;1;;1;0;0;0;64bf73b61e72014. MOTOR POMPA BLOWER -.jpg;-
2195;975;POMPA DISTRIBUSI;20;50;90;RUMAH POMPA DISTRIBUSI;GRUNDFOS;Besi;1;;1;0;0;0;64bf740a8e1e4Logo Perumdam.jpg;DISTRIBUSI
2196;975;POMPA DISTRIBUSI;20;50;90;RUMAH POMPA DISTRIBUSI;GRUNDFOS;Besi;1;;1;0;0;0;64bf740a97647Logo Perumdam.jpg;INTAKE
2197;975;POMPA DISTRIBUSI;20;50;90;RUMAH POMPA DISTRIBUSI;GRUNDFOS;Besi;2;;2;0;0;0;64bf74755f8e0Logo Perumdam.jpg;BACK WASH
2198;975;POMPA DISTRIBUSI;20;50;90;RUMAH POMPA DISTRIBUSI;GRUNDFOS;Besi;2;;2;0;0;0;64bf747566f4024. PANEL POMPA GAS CHLOR.jpg;GAS CHLOR
2199;0;BAK IPA;20;51;116;OPERATOR;0;0;0;0;0;0;0;0;0;0
2200;1106;BAK IPA;20;51;116;OPERATOR;GALA;Besi;5;;5;0;0;0;64c063042b11aLogo PDAM.jpeg;"valve buang lumpur  filter
"
2201;0;POMPA DIST IPA 1;20;51;116;OPERATOR;0;0;0;0;0;0;0;0;0;0
2202;294;Lobby;20;41;80;Bangunan Gedung Laboratarium;UCHIWA;Ebonit;1;;0;0;1;0;64c0642577aa88 MEJA KRJ UCHIWA.jpg;-
2203;253;Lobby;20;41;80;Bangunan Gedung Laboratarium;Chitos;Ebonit;15;;15;0;0;0;64c064257f1519 KURSI KRJ.jpg;-
2204;0;0;20;53;154;GALERI;0;0;0;0;0;0;0;0;0;0
2205;0;GALERI;20;53;154;GALERI;0;0;0;0;0;0;0;0;0;0
2206;827;Lobby;20;41;80;Bangunan Gedung Laboratarium;TIGER & POLARIS;Ebonit;8;;8;0;0;0;64c0650972797Logo Perumdam.jpg;-
2207;1044;Lobby;20;41;80;Bangunan Gedung Laboratarium;-;Ebonit;1;;0;0;1;0;64c06509792ac11 KURSI TAMU.jpg;-
2208;880;GALERI;20;53;154;GALERI;ARAKI;Besi;1;;1;0;0;0;64c06576937421. AIR DRYER.jpg;-
2209;865;GALERI;20;53;154;GALERI;PANEL FILTER;Besi;6;;6;0;0;0;64c065769af922. PANEL FILTER.jpg;PANEL FILTER
2210;124;Lobby;20;41;80;Bangunan Gedung Laboratarium;PANASONIC;Ebonit;1;;1;0;0;0;64c065e3cd48d12 AC PANASONIC.jpg;"AC CS-PN18 RKP	"
2211;281;Lobby;20;41;80;Bangunan Gedung Laboratarium;BROTHER;Besi;3;;3;0;0;0;64c065e3d4105Logo Perumdam.jpg;-
2212;475;POMPA DISTRIBUSI;20;50;90;RUMAH POMPA DISTRIBUSI;GRUNDFOS;Besi;1;;1;0;0;0;64c066d39f4df5. POMPA UTILITY (TOILET).jpg;-
2213;498;POMPA DISTRIBUSI;20;50;90;RUMAH POMPA DISTRIBUSI;GRUNDFOS;Besi;2;;2;0;0;0;64c066d3a7b7b2. POMPA WASHING.jpg;Pompa Back Wash
2214;497;GALERI;20;53;154;GALERI;ARITA;Besi;24;;24;0;0;0;64c066f2cd5e13. PNEUMATIC FILTER.jpg;6 FILTER
2215;531;GALERI;20;53;154;GALERI;TEKIRO;Besi;1;;1;0;0;0;64c066f2d47694.REGULATOR PNEUMATIC ANGIN FILTER.jpg;REGULATOR PNEUMATIC ANGIN FILTER
2216;975;POMPA DIST IPA 1;20;51;116;OPERATOR;-;Besi;4;;4;0;0;0;64c066fea9b43Logo PDAM.jpeg;
2217;630;POMPA DIST IPA 1;20;51;116;OPERATOR;BUTTERFLY;Besi;9;;9;0;0;0;64c066ff00821Logo PDAM.jpeg;mekanik valve butterfly
2218;498;POMPA DIST IPA 1;20;51;116;OPERATOR;EBARA Model 150x125;Besi;1;;1;0;0;0;64c066ff05d68Logo PDAM.jpeg;pompa Back Wash
2219;147;POMPA DIST IPA 1;20;51;116;OPERATOR;NEUMAX;Besi;9;;9;0;0;0;64c066ff0b1bcLogo PDAM.jpeg;
2220;505;POMPA DIST IPA 1;20;51;116;OPERATOR;ARTEX Elektr.  Type Y2906-4;Besi;1;;0;0;1;0;64c066ff10c94Logo PDAM.jpeg;trouble
2221;505;POMPA DIST IPA 1;20;51;116;OPERATOR;-;Besi;1;;1;0;0;0;64c066ff18f8cLogo PDAM.jpeg;
2222;335;POMPA DIST IPA 1;20;51;116;OPERATOR;ELEKTRA Type BAA 15 kW;Besi;1;;1;0;0;0;64c066ff20004Logo PDAM.jpeg;
2223;335;POMPA DIST IPA 1;20;51;116;OPERATOR;WEG 30 kW;Besi;1;;1;0;0;0;64c066ff25b45Logo PDAM.jpeg;
2224;324;POMPA DIST IPA 1;20;51;116;OPERATOR;WEG 110 Kw;Besi;2;;2;0;0;0;64c066ff2b0f0Logo PDAM.jpeg;
2225;507;POMPA DIST IPA 1;20;51;116;OPERATOR;EBARA TYPE-02;Besi;2;;2;0;0;0;64c066ff306c3Logo PDAM.jpeg;pompa no 1 & 2
2226;294;Lobby;20;41;80;Bangunan Gedung Laboratarium;SAGA;Ebonit;1;;1;0;0;0;64c0670563d3515 MEJA KRJ SAGA.jpg;-
2227;1047;Lobby;20;41;80;Bangunan Gedung Laboratarium;FANTONI;Ebonit;2;;0;0;2;0;64c067056a2bbLogo Perumdam.jpg;-
2228;127;GALERI;20;53;154;GALERI;SHARP 2 PK;Ebonit;1;;1;0;0;0;64c06726393255. AC SPLIT.jpg;-
2229;544;Lobby;20;41;80;Bangunan Gedung Laboratarium;BROTHER ADS-2200;Ebonit;1;;1;0;0;0;64c0677f5d45217 SCANNER.jpg;-
2230;481;Lobby;20;41;80;Bangunan Gedung Laboratarium;LENOVO;Ebonit;1;;1;0;0;0;64c0677f6419818 PC ALL IN ONE PUTIH.jpg;-
2231;0;0;20;53;154;RUMAH TRAFO;0;0;0;0;0;0;0;0;0;0
2232;498;POMPA DISTRIBUSI;20;50;90;RUMAH POMPA DISTRIBUSI;GRUNDFOS;Besi;2;;2;0;0;0;64c06784338463. POMP PENGENCER GAS CHLOR.jpg;Pompa Pengencer Gas Chlor
2233;241;POMPA DISTRIBUSI;20;50;90;RUMAH POMPA DISTRIBUSI;ATLAS COPCO;Besi;1;;1;0;0;0;64c067843a20fLogo Perumdam.jpg;Filter Kompresor
2234;55;Lobby;20;41;80;Bangunan Gedung Laboratarium;EPSON L-3110;Ebonit;2;;2;0;0;0;64c068224b39f19 PRINTER EPSON.jpg;-
2235;275;Lobby;20;41;80;Bangunan Gedung Laboratarium;LG;Ebonit;2;;2;0;0;0;64c06822b072520 PC + MONITOR.jpg;-
2236;630;BAK IPA;20;51;116;OPERATOR;HQ DN 300;Besi;4;;4;0;0;0;64c06852a8b89Logo PDAM.jpeg;valve buang sedimen
2237;630;BAK IPA;20;51;116;OPERATOR;KOVAL DN 600;Besi;2;;2;0;0;0;64c06852bdd5eLogo PDAM.jpeg;valve flok-sedimen
2238;630;BAK IPA;20;51;116;OPERATOR;KOVAL DN 150;Besi;6;;6;0;0;0;64c06852df4aeLogo PDAM.jpeg;valve fluktuator
2239;0;INTAKE;20;51;116;OPERATOR;0;0;0;0;0;0;0;0;0;0
2240;481;Lobby;20;41;80;Bangunan Gedung Laboratarium;LENOVO;Ebonit;1;;1;0;0;0;64c068b34da4321 PC ALL IN ONE HITAM.jpg;hitam
2241;674;Lobby;20;41;80;Bangunan Gedung Laboratarium;TOSHIBA;Ebonit;1;;1;0;0;0;64c068b35581a22 LAPTOP TOSHIBA.jpg;-
2242;0;0;20;53;154;GENSET;0;0;0;0;0;0;0;0;0;0
2243;0;GENSET;20;53;154;GENSET;0;0;0;0;0;0;0;0;0;0
2244;124;Lobby;20;41;80;Bangunan Gedung Laboratarium;DAIKIN MODEL RR71CXY1A4;Ebonit;1;;1;0;0;0;64c069f7630bc14 AC STAND DAIKIN.jpg;AC Standing
2245;172;GENSET;20;53;154;GENSET;LEROY - SOMER CPP650 650KVA/520KW;Besi;1;;1;0;0;0;64c06a21b1ceb1. DINAMO GENSET.jpg;-
2246;1029;GENSET;20;53;154;GENSET;ENGINE GENSET;Besi;1;;1;0;0;0;64c06a21bb6552. ENGINE GENSET.jpg;-
2247;0;BAHAN KIMIA;20;41;80;Bangunan Gedung Laboratarium;0;0;0;0;0;0;0;0;0;0
2248;1102;POMPA DISTRIBUSI;20;50;90;RUMAH POMPA DISTRIBUSI;GRUNDFOS;Besi;1;;1;0;0;0;64c06a8d2f011Logo Perumdam.jpg;-
2249;660;POMPA DISTRIBUSI;20;50;90;RUMAH POMPA DISTRIBUSI;ENDRESH+HAUSER;Ebonit;1;;1;0;0;0;64c06a8d4c82c7. DISPLAY FLOW MTR OUT.jpg;Display Mtr Flow Out
2250;865;GENSET;20;53;154;GENSET;PANEL MCB GENSET;Besi;1;;1;0;0;0;64c06aa90e9fb3. PANEL MCB GENSET.jpg;-
2251;433;GENSET;20;53;154;GENSET;SOCOMEC/SIRCOVER CD 800A;Besi;1;;1;0;0;0;64c06aa9156454. SAKLAR PLN & GENSET.jpg;-
2252;0;PBK;20;41;80;Bangunan Gedung Laboratarium;0;0;0;0;0;0;0;0;0;0
2253;0;0;20;53;154;Bak sedimen;0;0;0;0;0;0;0;0;0;0
2254;288;POMPA DISTRIBUSI;20;50;90;RUMAH POMPA DISTRIBUSI;GRUNDFOS;Besi;1;;1;0;0;0;64c06b0a9002bLogo Perumdam.jpg;-
2255;287;POMPA DISTRIBUSI;20;50;90;RUMAH POMPA DISTRIBUSI;SIEMENS;Besi;1;;1;0;0;0;64c06b0a967a1Logo Perumdam.jpg;Manometer Elektrik
2256;876;POMPA DISTRIBUSI;20;50;90;RUMAH POMPA DISTRIBUSI;SIEMENS;Ebonit;1;;1;0;0;0;64c06b401fde226. BLOWER SCOURING.jpg;Blower Scouring
2257;0;TRAFO;20;53;154;RUMAH TRAFO;0;0;0;0;0;0;0;0;0;0
2258;127;TRAFO;20;53;154;RUMAH TRAFO;LG / 2 PK;Ebonit;1;;1;0;0;0;64c06c33ccd471. AC SPLIT.jpg;-
2259;433;TRAFO;20;53;154;RUMAH TRAFO;PANEL COS GENSET;Besi;1;;1;0;0;0;64c06c33d429b2.PANEL COS GENSET.jpg;-
2260;268;POMPA DISTRIBUSI;20;50;90;RUMAH POMPA DISTRIBUSI;PHILIPS;Ebonit;4;;4;0;0;0;64c06c375e88aLogo Perumdam.jpg;-
2261;451;TRAFO;20;53;154;RUMAH TRAFO;2500 A - 200V 380 V ;Besi;1;;1;0;0;0;64c06ce05e8983.PANEL MDP.jpg;-
2262;865;TRAFO;20;53;154;RUMAH TRAFO;PANEL SPARE;Besi;1;;1;0;0;0;64c06ce06488b4. PANEL SPARE.jpg;-
2263;0;0;20;50;90;BAK PENGOLAHAN;0;0;0;0;0;0;0;0;0;0
2264;0;BAK PENGOLAHAN;20;50;90;BAK PENGOLAHAN;0;0;0;0;0;0;0;0;0;0
2265;622;TRAFO;20;53;154;RUMAH TRAFO;TRAFINDO 1600 KVA;Besi;1;;1;0;0;0;64c06d4634c055. TRANSFORMATOR.jpg;-
2266;0;0;20;53;154;Rumah Pompa Intake;0;0;0;0;0;0;0;0;0;0
2267;1027;INTAKE;20;51;116;OPERATOR;-;Besi;1;;1;0;0;0;64c06e3419318Logo PDAM.jpeg;ruang panel
2268;516;INTAKE;20;51;116;OPERATOR;TSURUMI PUMP;Besi;1;;1;0;0;0;64c06e341f7cbLogo PDAM.jpeg;ruang gardu
2269;1031;INTAKE;20;51;116;OPERATOR;-;Besi;1;;1;0;0;0;64c06e34252eaLogo PDAM.jpeg;ruang gardu
2270;498;INTAKE;20;51;116;OPERATOR;EBARA PUMP 150x100 KS4NA;Besi;1;;1;0;0;0;64c06e342a5b0Logo PDAM.jpeg;ruang pompa
2271;324;INTAKE;20;51;116;OPERATOR;TECO AEEBKBO4010VEMB 75kW;Besi;1;;1;0;0;0;64c06e342f69bLogo PDAM.jpeg;ruang pompa
2272;498;INTAKE;20;51;116;OPERATOR;EBARA PUMP 250x150 CNJA;Besi;2;;1;0;0;0;64c06e34347a3Logo PDAM.jpeg;ruang pompa
2273;324;INTAKE;20;51;116;OPERATOR;WEG 110 kW;Besi;2;;1;0;0;0;64c06e343bba5Logo PDAM.jpeg;RUANG POMPA
2274;622;INTAKE;20;51;116;OPERATOR;TRAFINDO 500 kVA;Besi;1;;1;0;0;0;64c06e34418eaLogo PDAM.jpeg;ruang gardu
2275;1030;INTAKE;20;51;116;OPERATOR;PENGUIN;PVC;1;;1;0;0;0;64c06e3447c7aLogo PDAM.jpeg;ruang genset
2276;1030;INTAKE;20;51;116;OPERATOR;-;Besi;1;;1;0;0;0;64c06e344cc4fLogo PDAM.jpeg;ruang genset
2277;1029;INTAKE;20;51;116;OPERATOR;PERKINS 2500 Series;Besi;1;;1;0;0;0;64c06e3452011Logo PDAM.jpeg;ruang  genset
2278;172;INTAKE;20;51;116;OPERATOR;FG WILSON 500 KVA;Besi;1;;1;0;0;0;64c06e34570d8Logo PDAM.jpeg;ruang genset
2279;458;INTAKE;20;51;116;OPERATOR;-;Besi;1;;1;0;0;0;64c06e345cb35Logo PDAM.jpeg;ruang panel
2280;355;INTAKE;20;51;116;OPERATOR;-;Besi;1;;1;0;0;0;64c06e346294eLogo PDAM.jpeg;ruang panel
2281;0;0;20;50;90;GENSET;0;0;0;0;0;0;0;0;0;0
2282;0;GENSET;20;50;90;GENSET;0;0;0;0;0;0;0;0;0;0
2283;197;GENSET;20;50;90;GENSET;PERKINS;Besi;1;;1;0;0;0;64c06eb3f08c61. DENSET PERKIN.jpg;-
2284;433;GENSET;20;50;90;GENSET;MERLIN GERIN;Besi;1;;1;0;0;0;64c06eb402a182. PANEL PLN GENSET.jpg;-
2285;0;INTAKE;20;53;154;Rumah Pompa Intake;0;0;0;0;0;0;0;0;0;0
2286;449;GENSET;20;50;90;GENSET;-;Besi;1;;1;0;0;0;"64c06f1b807543. PANEL; LVMDP.jpg";-
2287;358;GENSET;20;50;90;GENSET;SCHNEIDER;Besi;1;;1;0;0;0;64c06f1b872d74. PANEL CAPASITOR BANK.jpg;-
2288;324;INTAKE;20;53;154;Rumah Pompa Intake;MOTOR POMPA 1 / ABB MOTOR/132W/180 HP;Besi;1;;1;0;0;0;64c06f33a7d211. MOTOR POMPA 1.jpg;-
2289;498;INTAKE;20;53;154;Rumah Pompa Intake;POMPAN 1;Besi;1;;1;0;0;0;64c06f33ae5be2. POMPA 1.jpg;-
2290;1143;GENSET;20;50;90;GENSET;-;Besi;1;;1;0;0;0;64c06f7fcb51b5. PANEL AMF.jpg;-
2291;470;GENSET;20;50;90;GENSET;-;Besi;1;;1;0;0;0;64c06f7fd17d06. PANEL POWER HOUSE.jpg;-
2292;324;INTAKE;20;53;154;Rumah Pompa Intake;MOTOR POMPA 2/ABB MOTOR/132K/180 HP;Besi;1;;1;0;0;0;64c06fbf300f03. MOTOR POMPA 2.jpg;MOTOR POMPA 2
2293;498;INTAKE;20;53;154;Rumah Pompa Intake;POMPA 2/ WPIL LIMITED / WVT - 30-20;Besi;1;;1;0;0;0;64c06fbf36e0a4. POMPA 4.jpg;POMPA 2
2294;467;GENSET;20;50;90;GENSET;-;Besi;1;;1;0;0;0;64c06fcf13e127. PANEL POMPA SOLAR.jpg;-
2295;137;GENSET;20;50;90;GENSET;NATIONAL;Besi;1;;1;0;0;0;64c06fcf1a0e28. BLOWER SUSPEN.jpg;-
2296;154;INTAKE;20;53;154;Rumah Pompa Intake;DN 400 MM;Besi;1;;1;0;0;0;64c07014e622d5. CHECK VALVE.jpg;-
2297;1093;INTAKE;20;53;154;Rumah Pompa Intake;DN 400 MM;Karet;1;;1;0;0;0;64c07014ecaf26. FLEXYBLE JOINT.jpg;-
2298;1030;GENSET;20;50;90;GENSET;-;Besi;1;;1;0;0;0;64c07041b72699. TANGKI DALAM.jpg;-
2299;515;GENSET;20;50;90;GENSET;-;Besi;1;;1;0;0;0;64c07041be0e0Logo Perumdam.jpg;-
2300;0;0;21;110;95;GARDU;0;0;0;0;0;0;0;0;0;0
2301;0;GARDU;21;110;95;GARDU;0;0;0;0;0;0;0;0;0;0
2302;630;INTAKE;20;53;154;Rumah Pompa Intake;YONE/ DN 400 MM;Besi;1;;1;0;0;0;64c07072d00267. VALVE.jpg;-
2303;151;INTAKE;20;53;154;Rumah Pompa Intake;SHUANG GE / WPX -05 TON;Plastik;1;;1;0;0;0;64c07072d702a8. CHAIN BLOCK ELEKTRIC.jpg;-
2304;270;INTAKE;20;53;154;Rumah Pompa Intake;LED;Ebonit;1;;1;0;0;0;64c0709d400519. LAMPU SOROT.jpg;-
2305;440;GENSET;20;50;90;GENSET;WNF COMEM;Besi;1;;1;0;0;0;64c0709ed020311. TRAFO.jpg;-
2306;137;GENSET;20;50;90;GENSET;NATIONAL;Besi;1;;1;0;0;0;64c0709ed7b2312. BLOWER SUSPEN.jpg;-
2307;127;GENSET;20;50;90;GENSET;PANASONIC;Ebonit;1;;1;0;0;0;64c07100c90f313. AC 2PK.jpg;-
2308;441;GENSET;20;50;90;GENSET;ICA;Ebonit;1;;1;0;0;0;64c07100cf51014. UPS.jpg;-
2309;167;GENSET;20;50;90;GENSET;SCHNEIDER;Besi;1;;1;0;0;0;64c0714d5b7e115. CUBICLE.jpg;-
2310;364;GENSET;20;50;90;GENSET;SCHNEIDER;Besi;1;;1;0;0;0;64c0714d644fc16. PANEL INCOMIN OUTGOING.jpg;-
2311;309;GENSET;20;50;90;GENSET;SCHNEIDER;Ebonit;1;;1;0;0;0;64c0716d3e00817. METERAN LISTRIK INDUK.jpg;-
2312;0;0;20;50;90;PBK;0;0;0;0;0;0;0;0;0;0
2313;0;BAK IPA;20;53;154;Bak sedimen;0;0;0;0;0;0;0;0;0;0
2314;0;PBK;20;50;90;PBK;0;0;0;0;0;0;0;0;0;0
2315;0;0;27;164;82;0;0;0;0;0;0;0;0;0;0;0
2316;0;0;27;164;82;GEDUNG KANTOR;0;0;0;0;0;0;0;0;0;0
2317;0;MANAGER;27;164;82;GEDUNG KANTOR;0;0;0;0;0;0;0;0;0;0
2318;474;PBK;20;50;90;PBK;-;Besi;1;;1;0;0;0;64c0731f8b93a1. PANEL MIXER.jpg;-
2319;317;PBK;20;50;90;PBK;ELEKTRIM;Besi;1;;1;0;0;0;64c0731f944ca2. MIXER SODA ASH.jpg;-
2320;411;BAK IPA;20;53;154;Bak sedimen;5500L;PVC;1;;1;0;0;0;64c07343b61351. TANDON TAWAS.jpg;-
2321;1103;BAK IPA;20;53;154;Bak sedimen;ARITA/ACTR.DFS 075;Ebonit;16;;16;0;0;0;64c07343e63542. PNEUMATIC PEMBUANG LUMPUR.jpg;-
2322;318;PBK;20;50;90;PBK;ELEKTRIM;Besi;1;;1;0;0;0;64c0736fb476a3. MIXER TAWAS.jpg;-
2323;595;PBK;20;50;90;PBK;-;PVC;2;;2;0;0;0;64c0736fbbb934. TANDON SODA ASH.jpg;-
2324;975;GARDU;21;110;95;GARDU;CNAOB;Besi;1;;1;0;0;0;64c073b9a320aLogo PDAM.jpeg;panel pompa  1*90 kw
2325;562;GARDU;21;110;95;GARDU;SIEMENS;Besi;1;;1;0;0;0;64c073b9be493Logo PDAM.jpeg;Luar R. Panel, sensor water meter dn 250mm
2326;63;GARDU;21;110;95;GARDU;GAE;Besi;1;;1;0;0;0;64c073b9c384dLogo PDAM.jpeg;Luar R. Panel
2327;516;GARDU;21;110;95;GARDU;-;Besi;1;;1;0;0;0;64c073b9c8d8bLogo PDAM.jpeg;Luar R. Gardu
2328;562;GARDU;21;110;95;GARDU;SIEMENS;Besi;1;;1;0;0;0;64c073b9cdc1dLogo PDAM.jpeg;luar r. Gardu, sensor water meter DN. 400mm 
2329;616;BAK IPA;20;53;154;Bak sedimen;INDOVESSELS / 1500 L/15 KP;Besi;1;;1;0;0;0;64c073f6adba13. TANGKI TEKANAN AIR.jpg;-
2330;298;BAK IPA;20;53;154;Bak sedimen;-;Kayu;1;;1;0;0;0;64c073f6b43744. RANGKA ULIN.jpg;-
2331;129;BAK IPA;20;53;154;Bak sedimen;10;Besi;2;;2;0;0;0;64c0744f153235. VALVE AIR BAKU.jpeg;-
2332;0;0;20;53;154;Rumah Panel Dan R Galery;0;0;0;0;0;0;0;0;0;0
2333;0;PANEL;20;53;154;Rumah Panel Dan R Galery;0;0;0;0;0;0;0;0;0;0
2334;125;PANEL;20;53;154;Rumah Panel Dan R Galery;LG / 1/2PK;Ebonit;2;;2;0;0;0;64c076e3e2fa61. AC SPLIT.jpeg;-
2335;664;PANEL;20;53;154;Rumah Panel Dan R Galery;-;Ebonit;2;;2;0;0;0;64c076e400ceb2.CCTV.jpeg;-
2336;458;PANEL;20;53;154;Rumah Panel Dan R Galery;PANEL PENERANGAN INTAKE;Besi;1;;1;0;0;0;64c07732829a63. PANEL PENERANG INTAKE.jpeg;-
2337;446;PANEL;20;53;154;Rumah Panel Dan R Galery;-;Besi;1;;1;0;0;0;64c0773289b014. PANEL LISTRIK  INDUK.jpeg;-
2338;975;PANEL;20;53;154;Rumah Panel Dan R Galery;PANEL POMPA 1;Besi;1;;1;0;0;0;64c077a023f4b5. PANELPOMPA  1.jpeg;PANEL POMPA 1
2339;975;PANEL;20;53;154;Rumah Panel Dan R Galery;PANEL POMPA 2;Besi;1;;1;0;0;0;64c077a02de646. PANELPOMPA 2.jpeg;PANEL POMPA 2
2340;241;PANEL;20;53;154;Rumah Panel Dan R Galery;LAKONI;Besi;1;;1;0;0;0;64c077cd9d06c7. KOMPRESSOR.jpeg;-
2341;0;0;23;0;118;0;0;0;0;0;0;0;0;0;0;0
2342;0;0;23;64;118;0;0;0;0;0;0;0;0;0;0;0
2343;0;0;23;64;118;MANAGER;0;0;0;0;0;0;0;0;0;0
2344;0;MANAGER;23;64;118;MANAGER;0;0;0;0;0;0;0;0;0;0
2345;290;MANAGER;23;64;118;MANAGER;-;Ebonit;2;;2;0;0;0;64c07bc7406d31.jpeg;MANAGER /ADMIN
2346;253;MANAGER;23;64;118;MANAGER;KURSI KERJA MANAGER;Ebonit;1;;1;0;0;0;64c07bc74757b2.jpeg;-
2347;258;MANAGER;23;64;118;MANAGER;CHITOS/INFORMA ;Ebonit;6;;6;0;0;0;64c07c9f515733.jpeg;KURSI STAF DAN TAMU
2348;173;MANAGER;23;64;118;MANAGER;UCHIDA;Ebonit;1;;1;0;0;0;64c07c9f583464.jpeg;-
2349;441;MANAGER;23;64;118;MANAGER;ICA;Ebonit;1;;1;0;0;0;64c07ce0a74885.jpeg;-
2350;275;MANAGER;23;64;118;MANAGER;SET PC;Ebonit;1;;1;0;0;0;64c07ce0ad3a46.jpeg;-
2351;275;MANAGER;23;64;118;MANAGER;LG/20;Ebonit;1;;1;0;0;0;64c07d2e54d227.jpeg;20
2352;678;MANAGER;23;64;118;MANAGER;SAGA;Ebonit;1;;1;0;0;0;64c07d2e5ab508.jpeg;-
2353;0;0;20;0;118;0;0;0;0;0;0;0;0;0;0;0
2354;127;MANAGER;27;164;82;GEDUNG KANTOR;PANASONIC;Ebonit;1;;1;0;0;0;64c081c7501ce1.jpeg;-
2355;0;0;41;0;118;0;0;0;0;0;0;0;0;0;0;0
2356;414;PBK;20;50;90;PBK;OMRON;Ebonit;1;;1;0;0;0;64c08224377828. SESNSOR ELEKTRODE TAWAS.jpeg;-
2357;415;PBK;20;50;90;PBK;OMRON;Ebonit;1;;1;0;0;0;64c082243ca429 SESNOR ELEKTRODE SODA ASH.jpeg;-
2358;208;PBK;20;50;90;PBK;DELTA;Ebonit;1;;1;0;0;0;64c0827dde7ef10. INVETER SODA ASH.jpeg;-
2359;209;PBK;20;50;90;PBK;DELTA;Ebonit;1;;1;0;0;0;64c0827de5d8b11. INVERTER TAWAS.jpeg;-
2360;253;MANAGER;27;164;82;GEDUNG KANTOR;-;Ebonit;1;;1;0;0;0;64c082a0058742.jpeg;-
2361;290;MANAGER;27;164;82;GEDUNG KANTOR;-;Ebonit;1;;1;0;0;0;64c082a00b06e3.jpeg;-
2362;165;PBK;20;50;90;PBK;CONTROL MATIK;Ebonit;1;;1;0;0;0;64c083147923c13. CHLORINATOR.jpeg;-
2363;552;PBK;20;50;90;PBK;-;Karet;1;;1;0;0;0;64c083147f76814. SELANG GAS CHLOR.jpeg;-
2364;253;MANAGER;27;164;82;GEDUNG KANTOR;FORTUNER;Besi;2;;2;0;0;0;64c0831edf0b74.jpeg;-
2365;217;MANAGER;27;164;82;GEDUNG KANTOR;CASIO;Ebonit;1;;1;0;0;0;64c0831ee57bc5.jpeg;-
2366;170;PBK;20;50;90;PBK;-;Ebonit;1;;1;0;0;0;64c0837518c7615. SESNSOR GAS CHLOR.jpeg;-
2367;135;PBK;20;50;90;PBK;-;Besi;1;;0;0;1;0;64c083751ff2616. BLOWER GAS CHLOR.jpeg;-
2368;591;PBK;20;50;90;PBK;GRAND;Fiber;1;;1;0;0;0;64c083ac7e0ce18. TANDON KAPORIT.jpeg;-
2369;275;MANAGER;27;164;82;GEDUNG KANTOR;LG;Ebonit;1;;1;0;0;0;64c083bebbefb6.jpeg;"MONITOR 20""		
"
2370;480;MANAGER;27;164;82;GEDUNG KANTOR;SIMBADDA;Ebonit;1;;1;0;0;0;64c083bec1d887.jpeg;-
2371;55;MANAGER;27;164;82;GEDUNG KANTOR;EPSON L3110;Ebonit;1;;1;0;0;0;64c084274800d8.jpeg;-
2372;441;MANAGER;27;164;82;GEDUNG KANTOR;-;Besi;1;;1;0;0;0;64c08427631ef9.jpeg;-
2373;0;0;20;50;90;INTAKE;0;0;0;0;0;0;0;0;0;0
2374;0;INTAKE;20;50;90;INTAKE;0;0;0;0;0;0;0;0;0;0
2375;511;INTAKE;20;50;90;INTAKE;GRUNDFOS;Besi;4;;4;0;0;0;64c0851680dd0Logo Perumdam.jpg;-
2376;876;INTAKE;20;50;90;INTAKE;-;Besi;4;;3;0;1;0;64c0851688ff92. BLOWER PANEL.jpg;-
2377;972;INTAKE;20;50;90;INTAKE;SAMSUNG;Besi;1;;1;0;0;0;64c08573bcff93. CHAIN BLOCK.jpg;-
2378;657;INTAKE;20;50;90;INTAKE;-;Besi;1;;0;0;1;0;64c08573c55b34. WATER HAMER.jpg;-
2379;129;INTAKE;20;50;90;INTAKE;-;Besi;1;;1;0;0;0;64c085c9ad5015. AIR VALVE.jpg;-
2380;154;INTAKE;20;50;90;INTAKE;-;Besi;4;;4;0;0;0;64c085c9b33726. CHECK VALVE.jpg;-
2381;975;INTAKE;20;50;90;INTAKE;GRUNDFOS;Besi;3;;3;0;0;0;64c0861a8dbe37. PANEL POMPA.jpg;-
2382;975;INTAKE;20;50;90;INTAKE;SCHNEIDER;Besi;1;;1;0;0;0;64c0861a9526d8. PANEL POMPA.jpg;-
2383;289;INTAKE;20;50;90;INTAKE;AUSTRALIA;Besi;4;;0;0;4;0;64c0866eb0e0d9. MANOMETER POMPA.jpg;-
2384;288;INTAKE;20;50;90;INTAKE;AUSTRALIA;Besi;1;;0;0;1;0;64c0866eb7573Logo Perumdam.jpg;-
2385;826;COSTUMER SERVICE KANTOR PUSAT;40;66;82;GEDUNG KANTOR;-;Kayu;1;;1;0;0;0;64c08670787ef14.jpeg;-
2387;0;DOSING;20;50;90;PBK;0;0;0;0;0;0;0;0;0;0
2388;420;DOSING;20;50;90;PBK;MICROTOL;Ebonit;1;;0;1;0;0;64c08813815611. TURBIDITY INLET AIR BAKU.jpg;-
2389;421;DOSING;20;50;90;PBK;MICROTOL;Ebonit;1;;0;0;1;0;64c08813878e42. TURBIDITY OUTLET AIR BERSIH.jpg;-
2390;275;HUKUM DAN KEAMANAN;40;147;82;GEDUNG KANTOR;-;Ebonit;1;;1;0;0;0;64c08814d36b8WhatsApp Image 2023-07-20 at 10.33.55.jpeg;-
2391;275;HUKUM DAN KEAMANAN;40;147;82;GEDUNG KANTOR;-;Ebonit;1;;1;0;0;0;64c08814dad4b5.jpeg;-
2392;55;HUKUM DAN KEAMANAN;40;147;82;GEDUNG KANTOR;-;Ebonit;3;;3;0;0;0;64c0885d8c1316.jpeg;-
2393;441;HUKUM DAN KEAMANAN;40;147;82;GEDUNG KANTOR;-;Besi;4;;4;0;0;0;64c0885d91ed8WhatsApp Image 2023-07-20 at 10.33.55.jpeg;-
2394;422;DOSING;20;50;90;PBK;MICROTOL;Ebonit;1;;1;0;0;0;64c08897cfd833. TURBIDITY SEDIMEN.jpg;-
2395;539;DOSING;20;50;90;PBK;-;Ebonit;1;;0;0;1;0;64c08897d74984. RESIDUAL CHLOR MONITORING.jpg;-
2396;253;HUKUM DAN KEAMANAN;40;147;82;GEDUNG KANTOR;-;Ebonit;4;;4;0;0;0;64c088b4283c48.jpeg;-
2397;290;HUKUM DAN KEAMANAN;40;147;82;GEDUNG KANTOR;-;Ebonit;1;;1;0;0;0;64c088b42fb0cX.jpeg;-
2398;0;PREPARASI;20;41;80;Bangunan Gedung Laboratarium;0;0;0;0;0;0;0;0;0;0
2399;545;DOSING;20;50;90;PBK;MICROTSCM;Ebonit;1;;1;0;0;0;64c089d51b71e5. SCM MONITOR.jpg;-
2400;546;DOSING;20;50;90;PBK;MICROTSCM;Ebonit;1;;1;0;0;0;64c089d52169c6. SCM SENSOR.jpg;-
2401;167;HUKUM DAN KEAMANAN;40;147;82;GEDUNG KANTOR;CUSTOME;Ebonit;1;;1;0;0;0;64c08aadf103eWhatsApp Image 2023-02-01 at 13.01.46.jpeg;MEJA BAR
2402;487;DOSING;20;50;90;PBK;CHEM X3;Ebonit;1;;1;0;0;0;64c08b3027eef7.PH INLET (AIR BAKU).jpeg;-
2403;569;DOSING;20;50;90;PBK;PULSAR;Ebonit;2;;1;0;1;0;64c08b302ea5e8. SLUDE FINDER.jpg;-
2404;361;DOSING;20;50;90;PBK;PLC HORNER;Besi;1;;1;0;0;0;64c08c1094e469. PANEL DATA AKUSISI.jpg;-
2405;508;DOSING;20;50;90;PBK;-;Besi;1;;1;0;0;0;64c08c109c6a110. POMPA DOSING.jpg;-
2406;519;DOSING;20;50;90;PBK;SIEMENS;Besi;2;;2;0;0;0;64c08cb02637211. POMPA TRANSFER SODA ASH.jpg;-
2407;520;DOSING;20;50;90;PBK;SIEMENS;Besi;2;;2;0;0;0;64c08cb02c1bd12. POMPA TRANSFER TAWAS.jpg;-
2408;432;DOSING;20;50;90;PBK;-;Besi;2;;2;0;0;0;64c08d1635be213. TRAFO SODA ASH.jpeg;-
2409;609;PBK;20;50;90;PBK;-;Alumunium;1;;1;0;0;0;64c08d55ad0faLogo Perumdam.jpg;-
2410;0;0;20;192;118;0;0;0;0;0;0;0;0;0;0;0
2411;127;PREPARASI;20;41;80;Bangunan Gedung Laboratarium;PANASONIC;Ebonit;1;;1;0;0;0;64c08dd3ca5171 AC.jpg;"AC CS-PN18 RKP 2PK	
"
2412;241;PREPARASI;20;41;80;Bangunan Gedung Laboratarium;KRISBOW;Besi;1;;1;0;0;0;64c08dd40989f2 KOMPRESOR KRISBOW.jpg;"KOMPRESOR MODEL AS 196 1/4HP	
"
2413;0;0;20;192;118;MANAGER;0;0;0;0;0;0;0;0;0;0
2414;0;MANAGER;20;192;118;MANAGER;0;0;0;0;0;0;0;0;0;0
2415;630;PBK;20;50;90;PBK;OTOMATIS TAWAS;Besi;1;;1;0;0;0;64c08e6ac70d87. VALVE OUTO TAWAS.jpg;-
2416;630;PBK;20;50;90;PBK;OTOMATIS SODA ASH;Besi;1;;1;0;0;0;64c08e6acdf926. VALVE AUTO SODA ASH.jpeg;-
2417;630;PBK;20;50;90;PBK;OTOMATIS GAS BOCOR;Besi;1;;1;0;0;0;64c08ea9a16f117. VALVE AUTO GAS CHLOR.jpeg;-
2418;127;MANAGER;20;192;118;MANAGER;PANASONIC;Ebonit;1;;1;0;0;0;64c08eb71dc7d1.jpeg;-
2419;253;MANAGER;20;192;118;MANAGER;INFPORMA;Ebonit;4;;4;0;0;0;64c08eb7241972.jpeg;-
2420;678;MANAGER;20;192;118;MANAGER;SAGA;Ebonit;2;;2;0;0;0;64c08f05eace33.jpeg;-
2421;55;MANAGER;20;192;118;MANAGER;EPSON;Ebonit;1;;1;0;0;0;64c08f05f1aa04.jpeg;-
2422;275;MANAGER;20;192;118;MANAGER;SET PC;Ebonit;1;;1;0;0;0;64c08f68918285.jpeg;-
2423;290;MANAGER;20;192;118;MANAGER;SAGA;Ebonit;2;;2;0;0;0;64c08f6898c516.jpeg;-
2424;441;PREPARASI;20;41;80;Bangunan Gedung Laboratarium;ICA CE1200;Ebonit;1;;1;0;0;0;64c08f6d916fb6 UPS.jpg;-
2425;830;PREPARASI;20;41;80;Bangunan Gedung Laboratarium;SAGA;Ebonit;2;;0;2;0;0;64c08f6dae1f87 MEJA KRJ SAGA.jpg;-
2426;275;MANAGER;20;192;118;MANAGER;MONITOR 22;Ebonit;1;;1;0;0;0;64c08f8e15fff7.jpeg;-
2427;0;0;41;197;118;0;0;0;0;0;0;0;0;0;0;0
2428;253;PREPARASI;20;41;80;Bangunan Gedung Laboratarium;CHITOS;Ebonit;1;;1;0;0;0;64c08ff10ae208 KURSI KRJ CHITOS.jpg;-
2429;827;PREPARASI;20;41;80;Bangunan Gedung Laboratarium;TIGER;Ebonit;1;;0;0;1;0;64c08ff1116699 KURSI KRJ RODA.jpg;-
2430;1168;PREPARASI;20;41;80;Bangunan Gedung Laboratarium;OHAOS PIONEER;Ebonit;1;;1;0;0;0;64c09810a59963 TIMBANGAN DIGITAL.jpg;-
2431;1169;PREPARASI;20;41;80;Bangunan Gedung Laboratarium;CIMAREC 2;Ebonit;3;;3;0;0;0;64c09810ab2e54 THERMOLYNE.jpg;-
2432;1170;PREPARASI;20;41;80;Bangunan Gedung Laboratarium;VELP SCIENTIFICA;Ebonit;1;;1;0;0;0;64c09933e5fb45 HEATING MAGNETIC.jpg;-
2433;0;BAKTERIOLOGI/INSTRUMEN;20;41;80;Bangunan Gedung Laboratarium;0;0;0;0;0;0;0;0;0;0
2434;0;ASISTEN MANAGER;20;41;80;Bangunan Gedung Laboratarium;0;0;0;0;0;0;0;0;0;0
2435;0;0;41;198;118;0;0;0;0;0;0;0;0;0;0;0
2436;0;0;41;198;118;GEDUNG KANTOR;0;0;0;0;0;0;0;0;0;0
2437;0;0;41;200;118;0;0;0;0;0;0;0;0;0;0;0
2438;0;0;41;200;118;GEDUNG KANTOR;0;0;0;0;0;0;0;0;0;0
2440;0;FISIKA;20;41;80;Bangunan Gedung Laboratarium;0;0;0;0;0;0;0;0;0;0
2443;390;BAK PENGOLAHAN;20;50;90;BAK PENGOLAHAN;GRAND;PVC;1;;1;0;0;0;64c0b06d5ec7aLogo Perumdam.jpg;-
2444;391;BAK PENGOLAHAN;20;50;90;BAK PENGOLAHAN;-;Besi;1;;1;0;0;0;64c0b06d64c51Logo Perumdam.jpg;-
2445;392;BAK PENGOLAHAN;20;50;90;BAK PENGOLAHAN;ICOM;Besi;1;;1;0;0;0;64c0b0ec51acfLogo Perumdam.jpg;-
2446;393;BAK PENGOLAHAN;20;50;90;BAK PENGOLAHAN;PULSAR;Ebonit;2;;2;0;0;0;64c0b0ec6ab32Logo Perumdam.jpg;-
2447;395;BAK PENGOLAHAN;20;50;90;BAK PENGOLAHAN;THOMSON;Ebonit;2;;2;0;0;0;64c0b181ecfa5Logo Perumdam.jpg;-
2448;396;BAK PENGOLAHAN;20;50;90;BAK PENGOLAHAN;-;Besi;12;;12;0;0;0;64c0b181f2930Logo Perumdam.jpg;-
2449;217;FISIKA;20;41;80;Bangunan Gedung Laboratarium;CASIO DH 14;Ebonit;1;;1;0;0;0;64c0b1ae9db2bLogo Perumdam.jpg;-
2450;399;BAK PENGOLAHAN;20;50;90;BAK PENGOLAHAN;-;Besi;2;;2;0;0;0;64c0b2dbaad67Logo Perumdam.jpg;-
2451;400;BAK PENGOLAHAN;20;50;90;BAK PENGOLAHAN;SANCHIN;Besi;1;;1;0;0;0;64c0b2dbb3ad9Logo Perumdam.jpg;-
2452;0;STAF;41;198;118;GEDUNG KANTOR;0;0;0;0;0;0;0;0;0;0
2453;268;BAK PENGOLAHAN;20;50;90;BAK PENGOLAHAN;-;Ebonit;3;;3;0;0;0;64c0b33fb3dc9Logo Perumdam.jpg;-
2454;401;BAK PENGOLAHAN;20;50;90;BAK PENGOLAHAN;FIESTO;Besi;16;;16;0;0;0;64c0b33fbbe68Logo Perumdam.jpg;-
2455;397;BAK PENGOLAHAN;20;50;90;BAK PENGOLAHAN;-;Stainless;960;;960;0;0;0;64c0b39264a92Logo Perumdam.jpg;-
2456;398;BAK PENGOLAHAN;20;50;90;BAK PENGOLAHAN;-;Stainless;960;;960;0;0;0;64c0b39269cffLogo Perumdam.jpg;-
2457;217;STAF;41;198;118;GEDUNG KANTOR;CASIO;Ebonit;3;;3;0;0;0;64c0b397b1f4d1.jpeg;-
2459;1171;FISIKA;20;41;80;Bangunan Gedung Laboratarium;WTW COND 315i;Plastik;1;;1;0;0;0;64c0b3bf81c86Logo Perumdam.jpg;-
2460;55;STAF;41;198;118;GEDUNG KANTOR;EPSON;Ebonit;3;;2;0;1;0;64c0b425563b02.jpeg;-
2461;280;STAF;41;198;118;GEDUNG KANTOR;BROTHER;Besi;2;;2;0;0;0;64c0b4255eaae3.jpeg;-
2462;402;BAK PENGOLAHAN;20;50;90;BAK PENGOLAHAN;FIESTO;Besi;10;;10;0;0;0;64c0b47072a7aLogo Perumdam.jpg;-
2463;630;BAK PENGOLAHAN;20;50;90;BAK PENGOLAHAN;KSB;Besi;16;;16;0;0;0;64c0b4707f49bLogo Perumdam.jpg;VALVE PENOMETIC SEDIMENTASI
2464;275;STAF;41;198;118;GEDUNG KANTOR;SET PC;Ebonit;1;;1;0;0;0;64c0b47a03f204.jpeg;-
2465;254;STAF;41;198;118;GEDUNG KANTOR;TIGER;Ebonit;7;;7;0;0;0;64c0b47a0a7245.jpeg;-
2466;630;BAK PENGOLAHAN;20;50;90;BAK PENGOLAHAN;KSB;Besi;10;;10;0;0;0;64c0b4f071e22Logo Perumdam.jpg;VALVE PENOMETIC FLOKULASI
2467;147;BAK PENGOLAHAN;20;50;90;BAK PENGOLAHAN;-;Besi;1;;1;0;0;0;64c0b4f077a8bLogo Perumdam.jpg;-
2468;258;STAF;41;198;118;GEDUNG KANTOR;FORTUNER;Ebonit;2;;2;0;0;0;64c0b50d0a41e6.jpeg;-
2469;294;STAF;41;198;118;GEDUNG KANTOR;COSTUME;Ebonit;7;;7;0;0;0;64c0b50d100407.jpeg;-
2470;405;BAK PENGOLAHAN;20;50;90;BAK PENGOLAHAN;-;Besi;1;;1;0;0;0;64c0b561dcdaeLogo Perumdam.jpg;-
2471;406;BAK PENGOLAHAN;20;50;90;BAK PENGOLAHAN;-;Besi;1;;1;0;0;0;64c0b561e3015Logo Perumdam.jpg;-
2472;275;STAF;41;198;118;GEDUNG KANTOR;LG;Ebonit;1;;1;0;0;0;64c0b568a8f8b8.jpeg;-
2473;481;STAF;41;198;118;GEDUNG KANTOR;LENOVO/HP;Ebonit;3;;3;0;0;0;64c0b568af6009.jpeg;-
2474;623;FISIKA;20;41;80;Bangunan Gedung Laboratarium;HACH 2100N;Ebonit;1;;1;0;0;0;64c0b57700e94Logo Perumdam.jpg;-
2475;441;FISIKA;20;41;80;Bangunan Gedung Laboratarium;ICA CE1200;Ebonit;1;;1;0;0;0;64c0b57709ef6Logo Perumdam.jpg;-
2476;241;FISIKA;20;41;80;Bangunan Gedung Laboratarium;ROCKER 300;Besi;1;;1;0;0;0;64c0b5771076cLogo Perumdam.jpg;-
2477;830;FISIKA;20;41;80;Bangunan Gedung Laboratarium;SAGA;Ebonit;3;;2;1;0;0;64c0b57717eb1Logo Perumdam.jpg;-
2478;0;STAF;41;200;118;GEDUNG KANTOR;0;0;0;0;0;0;0;0;0;0
2479;407;BAK PENGOLAHAN;20;50;90;BAK PENGOLAHAN;-;Besi;1;;1;0;0;0;64c0b5aa3b3c8Logo Perumdam.jpg;-
2480;408;BAK PENGOLAHAN;20;50;90;BAK PENGOLAHAN;-;Besi;2;;2;0;0;0;64c0b5aa42100Logo Perumdam.jpg;-
2481;376;STAF;41;200;118;GEDUNG KANTOR;MASTER;Ebonit;1;;1;0;0;0;64c0b5efb997c1.jpeg;-
2482;481;STAF;41;200;118;GEDUNG KANTOR;LENOVO;Ebonit;1;;1;0;0;0;64c0b5efc10bc2.jpeg;-
2483;275;STAF;41;200;118;GEDUNG KANTOR;LG;Ebonit;1;;1;0;0;0;64c0b64f56bd53.jpeg;-
2484;275;STAF;41;200;118;GEDUNG KANTOR;SET PC;Ebonit;1;;1;0;0;0;64c0b64f5c9cd4.jpeg;-
2485;1175;FISIKA;20;41;80;Bangunan Gedung Laboratarium;Spektrophotometer GENESYS 20;Ebonit;1;;1;0;0;0;64c0b6d82ba5dLogo Perumdam.jpg;PUNYA IPA LINGAI
2486;1175;FISIKA;20;41;80;Bangunan Gedung Laboratarium;HACH DR/2000;Ebonit;1;;1;0;0;0;64c0b6d8324a9Logo Perumdam.jpg;-
2487;441;STAF;41;200;118;GEDUNG KANTOR;ICA;Ebonit;2;;2;0;0;0;64c0b6f655eff5.jpeg;-
2488;280;STAF;41;200;118;GEDUNG KANTOR;BROTHER;Besi;2;;2;0;0;0;64c0b6f65e6cc6.jpeg;1 )(SLIDING )/1/B
2489;272;BAK PENGOLAHAN;20;50;90;BAK PENGOLAHAN;PHILIPS;Besi;8;;8;0;0;0;64c0b708094d8Logo Perumdam.jpg;-
2490;394;BAK PENGOLAHAN;20;50;90;BAK PENGOLAHAN;KSB;Besi;2;;2;0;0;0;64c0b708102b2Logo Perumdam.jpg;-
2491;1176;FISIKA;20;41;80;Bangunan Gedung Laboratarium;DWB-10L-2R-4H;Ebonit;1;;1;0;0;0;64c0b740b5e82Logo Perumdam.jpg;-
2492;174;BAK PENGOLAHAN;20;50;90;BAK PENGOLAHAN;ENDRESH+HAUSE;Ebonit;1;;1;0;0;0;64c0b86fef77dLogo Perumdam.jpg;-
2493;1032;BAK PENGOLAHAN;20;50;90;BAK PENGOLAHAN;ENDRESH+HAUSE;Ebonit;1;;1;0;0;0;64c0b8700255eLogo Perumdam.jpg;-
2494;282;STAF;41;200;118;GEDUNG KANTOR;CUSTOME;Ebonit;1;;0;1;0;0;64c0b8bf6d812WhatsApp Image 2023-07-20 at 10.33.55.jpeg;-
2495;253;STAF;41;200;118;GEDUNG KANTOR;BROTHER;Ebonit;3;;3;0;0;0;64c0b8bf750628.jpeg;-
2496;0;0;20;50;90;IPA;0;0;0;0;0;0;0;0;0;0
2497;0;FILTER;20;50;90;IPA;0;0;0;0;0;0;0;0;0;0
2498;254;STAF;41;200;118;GEDUNG KANTOR;BROTHER/PUTAR;Ebonit;3;;2;1;0;0;64c0b96611b22WhatsApp Image 2023-07-20 at 10.33.55.jpeg;-
2499;55;STAF;41;200;118;GEDUNG KANTOR;EPSON/CANON;Ebonit;1;;0;0;1;0;64c0b96618b8aWhatsApp Image 2023-07-20 at 10.33.55.jpeg;CANON RUSAK
2500;1164;FISIKA;20;41;80;Bangunan Gedung Laboratarium;OAKTON;Ebonit;4;;4;0;0;0;64c0b9aaba308Logo Perumdam.jpg;"PCS TESTER 35	"
2501;173;STAF;41;200;118;GEDUNG KANTOR;UCHIDA;Ebonit;1;;1;0;0;0;64c0b9cb8db2011.jpeg;-
2502;127;STAF;41;200;118;GEDUNG KANTOR;PANASONIC;Ebonit;1;;1;0;0;0;64c0b9cb94de712.jpeg;-
2503;294;STAF;41;200;118;GEDUNG KANTOR;CUSTOME;Ebonit;3;;3;0;0;0;64c0ba8fad78c13.jpeg;-
2504;294;STAF;41;200;118;GEDUNG KANTOR;MEJA KERJA ASMAN;Ebonit;1;;1;0;0;0;64c0ba8fb45c014.jpeg;-
2505;147;FILTER;20;50;90;IPA;KSB;Besi;1;;1;0;0;0;64c0baaaedccd5. BUTTERFLY VALVE.jpeg;-
2506;865;FILTER;20;50;90;IPA;HORNER/MASTER PLC;Besi;1;;1;0;0;0;64c0baab19cccLogo Perumdam.jpg;RUSAK
2507;0;0;20;53;154;CUBICLE;0;0;0;0;0;0;0;0;0;0
2508;0;0;20;53;154;CUBICLE;0;0;0;0;0;0;0;0;0;0
2509;0;CUBLICE;20;53;154;CUBICLE;0;0;0;0;0;0;0;0;0;0
2510;865;FILTER;20;50;90;IPA;ATLAS COPCO;Besi;1;;1;0;0;0;64c0bd50b9fa22. PANEL AIR DRIYER.jpg;PANEL AIR DRYER (RUSAK)
2511;865;FILTER;20;50;90;IPA;SLAVE 1;Besi;1;;1;0;0;0;64c0bd50c47c711. PANEL SLAVE 1.jpg;-
2512;127;CUBLICE;20;53;154;CUBICLE;LG/2 PK;Ebonit;1;;1;0;0;0;64c0bd54883241. AC SPLIT.jpg;-
2513;865;CUBLICE;20;53;154;CUBICLE;PANEL CUBICLE;Besi;1;;1;0;0;0;64c0bd54903032. PANEL CUBICLE.jpg;-
2514;865;FILTER;20;50;90;IPA;SLAVE 2;Besi;1;;1;0;0;0;64c0be227db7912. PANEL SLAVE 2.jpg;-
2515;865;FILTER;20;50;90;IPA;SLAVE 3;Besi;1;;1;0;0;0;64c0be22881fe13. PANEL SLAVE 3.jpg;-
2516;865;FILTER;20;50;90;IPA;SLAVE 4;Besi;1;;1;0;0;0;64c0be73c5cb614. PANEL SLAVE 4.jpg;-
2517;865;FILTER;20;50;90;IPA;SLAVE 5;Besi;1;;1;0;0;0;64c0be73cb01b15. PANEL SLAVE 5.jpg;-
2518;865;FILTER;20;50;90;IPA;SLAVE 6;Besi;1;;1;0;0;0;64c0bef9a18c216. PANEL SLAVE NO16.jpg;-
2519;1179;FILTER;20;50;90;IPA;FESTO;Besi;1;;0;0;1;0;64c0bef9a96beLogo Perumdam.jpg;-
2520;1177;FILTER;20;50;90;IPA;-;Stainless;1;;0;0;1;0;64c0bf8dbe1edLogo Perumdam.jpg;-
2521;1178;FILTER;20;50;90;IPA;KSB;Besi;6;;6;0;0;0;64c0c05d949386. VALVE PNEU. BUANGAN.jpg;BUANGAN
2522;1178;FILTER;20;50;90;IPA;KSB;Besi;6;;6;0;0;0;64c0c05d9aeb87. VALVE PNEU. BACK WASH.jpg;BACKWASH
2523;1178;FILTER;20;50;90;IPA;KSB;Besi;6;;6;0;0;0;64c0c0f5d52758. VALVE PNEU. SCOURING.jpg;SCOURING
2524;1178;FILTER;20;50;90;IPA;KSB;Besi;6;;6;0;0;0;64c0c0f5da9d99. VALVE PNEU. WATER RISING.jpg;-
2525;1178;FILTER;20;50;90;IPA;KSB;Besi;6;;6;0;0;0;64c0c1273b5c910. VALVE PNEU. AIR BERSIH.jpg;AIR BERSIH
2528;124;BAKTERIOLOGI/INSTRUMEN;20;41;80;Bangunan Gedung Laboratarium;PANASONIC;Ebonit;1;;1;0;0;0;64c1b3e8d42bcLogo Perumdam.jpg;"AC MODEL CS-UV9 SKP	"
2530;0;0;40;201;82;0;0;0;0;0;0;0;0;0;0;0
2531;0;0;40;201;82;GEDUNG KANTOR;0;0;0;0;0;0;0;0;0;0
2532;0;MANAGER;40;201;82;GEDUNG KANTOR;0;0;0;0;0;0;0;0;0;0
2533;126;ASISTEN MANAGER;20;41;80;Bangunan Gedung Laboratarium;Panasonic;Ebonit;1;;1;0;0;0;64c1b4da16e931.jpg;-
2534;479;ASISTEN MANAGER;20;41;80;Bangunan Gedung Laboratarium;Master;Ebonit;1;;1;0;0;0;64c1b4da295a113.jpg;-
2535;253;ASISTEN MANAGER;20;41;80;Bangunan Gedung Laboratarium;Chitos;Ebonit;4;;4;0;0;0;64c1b4da3161dLogo Perumdam.jpg;
2536;253;ASISTEN MANAGER;20;41;80;Bangunan Gedung Laboratarium;Flora;Ebonit;2;;2;0;0;0;64c1b4da45f0211.jpg;-
2537;254;ASISTEN MANAGER;20;41;80;Bangunan Gedung Laboratarium;Tiger;Ebonit;1;;1;0;0;0;64c1b4da513cbLogo Perumdam.jpg;-
2539;441;ASISTEN MANAGER;20;41;80;Bangunan Gedung Laboratarium;ICA CE 1300;Ebonit;1;;1;0;0;0;64c1b4daa6a058.jpg;-
2540;55;ASISTEN MANAGER;20;41;80;Bangunan Gedung Laboratarium;Canon MP.287;Ebonit;1;;1;0;0;0;64c1b4dabdaae7.jpg;-
2541;480;ASISTEN MANAGER;20;41;80;Bangunan Gedung Laboratarium;Simbadda;Ebonit;1;;1;0;0;0;64c1b4dac35c15.jpg;-
2542;830;ASISTEN MANAGER;20;41;80;Bangunan Gedung Laboratarium;Expo;Ebonit;1;;1;0;0;0;64c1b4dac8e35Logo Perumdam.jpg;-
2543;88;ASISTEN MANAGER;20;41;80;Bangunan Gedung Laboratarium;"LG 21""";Ebonit;1;;1;0;0;0;64c1b4dae0aa1Logo Perumdam.jpg;-
2544;127;ASISTEN MANAGER;20;41;80;Bangunan Gedung Laboratarium;Panasonic CS-PN 18RKP;Ebonit;1;;1;0;0;0;64c1b4daf35bc2.jpg;-
2545;481;MANAGER;40;201;82;GEDUNG KANTOR;LENOVO;Ebonit;1;;1;0;0;0;64c1b4f355df01.jpeg;-
2546;253;MANAGER;40;201;82;GEDUNG KANTOR;-;Ebonit;1;;1;0;0;0;64c1b4f35ac282.jpeg;-
2547;290;MANAGER;40;201;82;GEDUNG KANTOR;-;Ebonit;1;;1;0;0;0;64c1b539a13c93.jpeg;-
2549;127;MANAGER;40;201;82;GEDUNG KANTOR;PANASONIC;Ebonit;1;;1;0;0;0;64c1b5956e37e5.jpeg;-
2550;55;MANAGER;40;201;82;GEDUNG KANTOR;CANON;Ebonit;1;;1;0;0;0;64c1b5958326c6.jpeg;-
2551;275;ASISTEN MANAGER;20;41;80;Bangunan Gedung Laboratarium;"LG 22""";Ebonit;1;;1;0;0;0;64c1b59a5dda06.jpg;monitor pc
2552;258;MANAGER;40;201;82;GEDUNG KANTOR;-;Ebonit;2;;2;0;0;0;64c1b5e229fd14.jpeg;-
2553;1172;BAKTERIOLOGI/INSTRUMEN;20;41;80;Bangunan Gedung Laboratarium;"MEMMERT TYPE BE-300 500W	";Besi;1;;1;0;0;0;64c1b5f2d6d1fLogo Perumdam.jpg;-
2554;1172;BAKTERIOLOGI/INSTRUMEN;20;41;80;Bangunan Gedung Laboratarium;"MEMMERT TYPE INB 200 440W	";Besi;1;;1;0;0;0;64c1b5f300dcbLogo Perumdam.jpg;-
2555;1172;BAKTERIOLOGI/INSTRUMEN;20;41;80;Bangunan Gedung Laboratarium;"MEMMERT TYPE UM 400 1.400W	";Besi;1;;1;0;0;0;64c1b5f318011Logo Perumdam.jpg;-
2556;0;PENGADAAN;40;146;82;GEDUNG KANTOR;0;0;0;0;0;0;0;0;0;0
2557;0;PENGADAAN;40;146;82;GEDUNG KANTOR;0;0;0;0;0;0;0;0;0;0
2558;1173;BAKTERIOLOGI/INSTRUMEN;20;41;80;Bangunan Gedung Laboratarium;-;Kaca;1;;1;0;0;0;64c1b6d366ee2Logo Perumdam.jpg;-
2559;1174;BAKTERIOLOGI/INSTRUMEN;20;41;80;Bangunan Gedung Laboratarium;"ZEISS TYPE 4730 11-9901	";Ebonit;1;;0;0;1;0;64c1b6d37de50Logo Perumdam.jpg;-
2560;1154;BAKTERIOLOGI/INSTRUMEN;20;41;80;Bangunan Gedung Laboratarium;"VELP SCIENTIFICA TYPE FC6S	";Besi;1;;1;0;0;0;64c1b6d3888c2Logo Perumdam.jpg;-
2561;280;PENGADAAN;40;146;82;GEDUNG KANTOR;-;Besi;2;;2;0;0;0;64c1b6e39e1cd1.jpeg;-
2562;678;PENGADAAN;40;146;82;GEDUNG KANTOR;-;Kayu;2;;2;0;0;0;64c1b6e3a4708WhatsApp Image 2023-07-20 at 10.33.55.jpeg;-
2563;481;PENGADAAN;40;146;82;GEDUNG KANTOR;LENOVO;Ebonit;1;;1;0;0;0;64c1b7e110e7e3.jpeg;-
2564;275;PENGADAAN;40;146;82;GEDUNG KANTOR;-;Ebonit;4;;4;0;0;0;64c1b7e13b88c5.jpeg;-
2565;194;BAKTERIOLOGI/INSTRUMEN;20;41;80;Bangunan Gedung Laboratarium;HERMA,PYREX,SCHOTT;Kaca;8;;8;0;0;0;64c1b843735aeLogo Perumdam.jpg;-
2566;841;BAKTERIOLOGI/INSTRUMEN;20;41;80;Bangunan Gedung Laboratarium;LOVIBAND;Ebonit;3;;2;0;2;0;64c1b843b924eLogo Perumdam.jpg;"COMPARATOR MODEL 2000+	"
2567;192;BAKTERIOLOGI/INSTRUMEN;20;41;80;Bangunan Gedung Laboratarium;MC;Kaca;1;;1;0;0;0;64c1b843cdffcLogo Perumdam.jpg;100ml
2568;194;BAKTERIOLOGI/INSTRUMEN;20;41;80;Bangunan Gedung Laboratarium;DIN;Plastik;2;;2;0;0;0;64c1b8ce6893fLogo Perumdam.jpg;-
2569;194;BAKTERIOLOGI/INSTRUMEN;20;41;80;Bangunan Gedung Laboratarium;VITLAB;Plastik;2;;2;0;0;0;64c1b8ce6e4c1Logo Perumdam.jpg;-
2570;294;BAKTERIOLOGI/INSTRUMEN;20;41;80;Bangunan Gedung Laboratarium;EQUITY;Ebonit;2;;1;1;0;0;64c1b8ce87949Logo Perumdam.jpg;-
2571;275;PENGADAAN;40;146;82;GEDUNG KANTOR;-;Ebonit;4;;4;0;0;0;64c1b96913dab4.jpeg;-
2572;486;PENGADAAN;40;146;82;GEDUNG KANTOR;-;Ebonit;1;;1;0;0;0;64c1b96919523WhatsApp Image 2023-02-01 at 13.02.36 (2).jpeg;-
2573;441;PENGADAAN;40;146;82;GEDUNG KANTOR;-;Besi;4;;4;0;0;0;64c1ba3253a0b7.jpeg;-
2574;253;PENGADAAN;40;146;82;GEDUNG KANTOR;-;Ebonit;7;;7;0;0;0;64c1ba325761fWhatsApp Image 2023-02-01 at 13.02.30 (1).jpeg;-
2575;178;ASISTEN MANAGER;20;41;80;Bangunan Gedung Laboratarium;Brother ;Plastik;1;;1;0;0;0;64c1ba5d4930bLogo Perumdam.jpg;-
2576;142;PENGADAAN;40;146;82;GEDUNG KANTOR;-;Ebonit;1;;1;0;0;0;64c1bb9028e9fWhatsApp Image 2023-07-20 at 10.33.55.jpeg;-
2577;674;PENGADAAN;40;146;82;GEDUNG KANTOR;-;Ebonit;1;;1;0;0;0;64c1bb902f21eWhatsApp Image 2023-07-20 at 10.33.55.jpeg;-
2578;55;PENGADAAN;40;146;82;GEDUNG KANTOR;CANON;Ebonit;6;;6;0;0;0;64c1bd066380aWhatsApp Image 2023-02-01 at 13.02.29.jpeg;-
2579;282;PENGADAAN;40;146;82;GEDUNG KANTOR;-;Ebonit;1;;1;0;0;0;64c1bd06731e9WhatsApp Image 2023-02-01 at 13.02.33.jpeg;-
2580;290;PENGADAAN;40;146;82;GEDUNG KANTOR;-;Ebonit;1;;1;0;0;0;64c1bd3a593b9WhatsApp Image 2023-07-20 at 10.33.55.jpeg;-
2581;0;ASISTEN MANAGER;27;164;82;GEDUNG KANTOR;0;0;0;0;0;0;0;0;0;0
2582;127;ASISTEN MANAGER;27;164;82;GEDUNG KANTOR;PANASONIC;Ebonit;2;;2;0;0;0;64c1c223cb2ac1.jpeg;-
2583;275;ASISTEN MANAGER;27;164;82;GEDUNG KANTOR;LG;Ebonit;7;;7;0;0;0;64c1c223d4eb32.jpeg;-
2584;481;ASISTEN MANAGER;27;164;82;GEDUNG KANTOR;Lenovo;Ebonit;4;;4;0;0;0;64c1c223d7dc93.jpeg;-
2585;55;ASISTEN MANAGER;27;164;82;GEDUNG KANTOR;-;Ebonit;8;;8;0;0;0;64c1c2d2b94e04.jpeg;-
2586;142;ASISTEN MANAGER;27;164;82;GEDUNG KANTOR;PRESIDENT;Ebonit;1;;1;0;0;0;64c1c2d2d4cb56.jpeg;-
2587;480;ASISTEN MANAGER;27;164;82;GEDUNG KANTOR;SIMBADDA ;Ebonit;7;;7;0;0;0;64c1c2d2da7157.jpeg;-
2588;217;ASISTEN MANAGER;27;164;82;GEDUNG KANTOR;CASIO ;Ebonit;1;;1;0;0;0;64c1c38fa7bf88.jpeg;-
2589;280;ASISTEN MANAGER;27;164;82;GEDUNG KANTOR;-;Besi;8;;8;0;0;0;64c1c38fad6479.jpeg;-
2590;678;ASISTEN MANAGER;27;164;82;GEDUNG KANTOR;-;Kayu;1;;1;0;0;0;64c1c38fb3ff310.jpeg;-
2591;173;ASISTEN MANAGER;27;164;82;GEDUNG KANTOR;UCHIDA  ;Ebonit;1;;1;0;0;0;64c1c38fba7ee11.jpeg;-
2592;578;ASISTEN MANAGER;27;164;82;GEDUNG KANTOR;-;Besi;1;;1;0;0;0;64c1c42ac7c0012.jpeg;-
2593;290;ASISTEN MANAGER;27;164;82;GEDUNG KANTOR;-;Ebonit;15;;15;0;0;0;64c1c42b3c17813.jpeg;-
2594;253;ASISTEN MANAGER;27;164;82;GEDUNG KANTOR;-;Besi;15;;15;0;0;0;64c1c42b3f30414.jpeg;-
2595;685;ASISTEN MANAGER;27;164;82;GEDUNG KANTOR;SCREN PRO;Ebonit;1;;1;0;0;0;64c1c62c4c8fb5.jpeg;-
2596;528;LPSE;40;146;82;GEDUNG KANTOR;PANASONIC;Ebonit;1;;1;0;0;0;64c1c689dbad2WhatsApp Image 2023-07-20 at 10.33.55.jpeg;-
2597;290;LPSE;40;146;82;GEDUNG KANTOR;-;Ebonit;10;;10;0;0;0;64c1c689e279eWhatsApp Image 2023-07-20 at 10.33.55.jpeg;-
2598;253;LPSE;40;146;82;GEDUNG KANTOR;-;Ebonit;10;;10;0;0;0;64c1c6f75351aWhatsApp Image 2023-07-20 at 10.33.55.jpeg;-
2599;678;LPSE;40;146;82;GEDUNG KANTOR;-;Ebonit;4;;4;0;0;0;64c1c7136f4e6WhatsApp Image 2023-07-20 at 10.33.55.jpeg;-
2600;1145;TATA USAHA;40;66;82;GEDUNG KANTOR;-;Ebonit;1;;1;0;0;0;64c1c849a945cWhatsApp Image 2023-07-20 at 10.33.55.jpeg;-
2601;290;TATA USAHA;40;66;82;GEDUNG KANTOR;-;Ebonit;1;;1;0;0;0;64c1c849c2cafWhatsApp Image 2023-07-20 at 10.33.55.jpeg;-
2602;0;0;43;0;82;0;0;0;0;0;0;0;0;0;0;0
2603;0;0;43;169;82;0;0;0;0;0;0;0;0;0;0;0
2604;0;0;23;0;80;0;0;0;0;0;0;0;0;0;0;0
2605;0;0;23;64;80;0;0;0;0;0;0;0;0;0;0;0
2606;0;0;23;64;80;BENGKEL;0;0;0;0;0;0;0;0;0;0
2607;0;0;43;169;82;GEDUNG KANTOR;0;0;0;0;0;0;0;0;0;0
2608;0;Lobby Direktur Utama;43;169;82;GEDUNG KANTOR;0;0;0;0;0;0;0;0;0;0
2609;258;Lobby Direktur Utama;43;169;82;GEDUNG KANTOR;KURSI TAMU SATUAN;Ebonit;6;;6;0;0;0;64c1d022f16e31.jpeg;KURSI TAMU SATUAN
2610;294;Lobby Direktur Utama;43;169;82;GEDUNG KANTOR;MEJA KACA;Kaca;2;;2;0;0;0;64c1d02311bc62.jpeg;MEJA KACA
2611;258;Lobby Direktur Utama;43;169;82;GEDUNG KANTOR;KURSI TAMU SET;Ebonit;2;;2;0;0;0;64c1d10e064ba3.jpeg;KURSI TAMU SET
2612;376;Lobby Direktur Utama;43;169;82;GEDUNG KANTOR;-;Plastik;2;;2;0;0;0;64c1d10e17eb94.jpeg;-
2613;676;Lobby Direktur Utama;43;169;82;GEDUNG KANTOR;-;Kayu;1;;1;0;0;0;64c1d1535b1e65.jpeg;-
2614;173;Lobby Direktur Utama;43;169;82;GEDUNG KANTOR;UCHIDA;Plastik;1;;1;0;0;0;64c1d153620c56.jpeg;-
2615;127;Lobby Direktur Utama;43;169;82;GEDUNG KANTOR;-;Plastik;1;;1;0;0;0;64c1d16f6ee367.jpeg;-
2617;0;BENGKEL;23;64;80;BENGKEL;0;0;0;0;0;0;0;0;0;0
2618;605;BENGKEL;23;64;80;BENGKEL;"TTC Cp 175	";Besi;1;;1;0;0;0;64c1d7391e4f4Logo Perumdam.jpg;-
2619;603;BENGKEL;23;64;80;BENGKEL;MR 150 SP;Besi;1;;1;0;0;0;64c1d73924e6dLogo Perumdam.jpg;-
2620;300;BENGKEL;23;64;80;BENGKEL;BOSCH;Besi;1;;1;0;0;0;64c1d7392a277Logo Perumdam.jpg;-
2621;346;BENGKEL;23;64;80;BENGKEL;Yokhohama;Besi;1;;1;0;0;0;64c1d73930d07Logo Perumdam.jpg;-
2622;0;0;44;0;82;0;0;0;0;0;0;0;0;0;0;0
2623;0;0;44;178;82;0;0;0;0;0;0;0;0;0;0;0
2624;0;0;44;178;82;GEDUNG KANTOR;0;0;0;0;0;0;0;0;0;0
2625;0;Lobby Direktur Umum;44;178;82;GEDUNG KANTOR;0;0;0;0;0;0;0;0;0;0
2626;607;BENGKEL;23;64;80;BENGKEL;-;Besi;1;;1;0;0;0;64c1d7ea6c2eeLogo Perumdam.jpg;-
2627;608;BENGKEL;23;64;80;BENGKEL;-;Kayu;1;;1;0;0;0;64c1d7ea73563Logo Perumdam.jpg;-
2628;496;BENGKEL;23;64;80;BENGKEL;-;Alumunium;1;;1;0;0;0;64c1d7ea7913bLogo Perumdam.jpg;-
2629;483;BENGKEL;23;64;80;BENGKEL;-;Alumunium;1;;1;0;0;0;64c1d7ea7e49bLogo Perumdam.jpg;-
2630;127;Lobby Direktur Umum;44;178;82;GEDUNG KANTOR;PANASONIC;Ebonit;2;;2;0;0;0;64c1d8419ac521.jpeg;-
2631;290;Lobby Direktur Umum;44;178;82;GEDUNG KANTOR;MEJA SET;Ebonit;2;;2;0;0;0;64c1d841ab7162.jpeg;MEJA SET
2632;484;BENGKEL;23;64;80;BENGKEL;-;Alumunium;1;;1;0;0;0;64c1d8db71749Logo Perumdam.jpg;-
2633;485;BENGKEL;23;64;80;BENGKEL;-;Alumunium;3;;3;0;0;0;64c1d8db77480Logo Perumdam.jpg;-
2634;286;BENGKEL;23;64;80;BENGKEL;-;Besi;1;;1;0;0;0;64c1d8db89e15Logo Perumdam.jpg;-
2635;300;BENGKEL;23;64;80;BENGKEL;BOSCH;Besi;2;;2;0;0;0;64c1d8db90610Logo Perumdam.jpg;-
2636;676;Lobby Direktur Umum;44;178;82;GEDUNG KANTOR;LEMARI RAK BUKU;Ebonit;1;;1;0;0;0;64c1d931f223d3.jpeg;LEMARI RAK BUKU
2637;173;Lobby Direktur Umum;44;178;82;GEDUNG KANTOR;SHARP;Ebonit;1;;1;0;0;0;64c1d9320a8e94.jpeg;-
2638;621;BENGKEL;23;64;80;BENGKEL;MULTE PRO;Besi;2;;2;0;0;0;64c1d9aaf15ebLogo Perumdam.jpg;-
2639;241;BENGKEL;23;64;80;BENGKEL;MELJI;Besi;2;;2;0;0;0;64c1d9ab16df3Logo Perumdam.jpg;"Kompresor penyemprot angin	
"
2640;307;BENGKEL;23;64;80;BENGKEL;WIPRO;Ebonit;3;;3;0;0;0;64c1d9ab1d128Logo Perumdam.jpg;5 Meter
2641;225;BENGKEL;23;64;80;BENGKEL;-;Besi;1;;1;0;0;0;64c1d9ab33260Logo Perumdam.jpg;-
2642;253;Lobby Direktur Umum;44;178;82;GEDUNG KANTOR;-;Ebonit;6;;6;0;0;0;64c1d9dce0bad5.jpeg;-
2643;290;Lobby Direktur Umum;44;178;82;GEDUNG KANTOR;MEJA KACA;Kaca;2;;2;0;0;0;64c1d9dcef3d66.jpeg;MEJA KACA
2644;677;Lobby Direktur Umum;44;178;82;GEDUNG KANTOR;LEMARI PIALA SET;Ebonit;1;;1;0;0;0;64c1da38a0d197.jpeg;-
2645;226;BENGKEL;23;64;80;BENGKEL;-;Besi;1;;1;0;0;0;64c1da4d7c5cdLogo Perumdam.jpg;-
2646;223;BENGKEL;23;64;80;BENGKEL;-;Besi;1;;1;0;0;0;64c1da4d9e25bLogo Perumdam.jpg;-
2647;224;BENGKEL;23;64;80;BENGKEL;-;Besi;1;;1;0;0;0;64c1da4db1d79Logo Perumdam.jpg;-
2648;227;BENGKEL;23;64;80;BENGKEL;-;Besi;1;;1;0;0;0;64c1da4dc92ccLogo Perumdam.jpg;-
2649;236;BENGKEL;23;64;80;BENGKEL;-;Besi;1;;1;0;0;0;64c1db5e26cf7Logo Perumdam.jpg;-
2650;234;BENGKEL;23;64;80;BENGKEL;-;Besi;1;;1;0;0;0;64c1db5e2c667Logo Perumdam.jpg;-
2651;235;BENGKEL;23;64;80;BENGKEL;-;Besi;1;;1;0;0;0;64c1db5e32089Logo Perumdam.jpg;-
2652;232;BENGKEL;23;64;80;BENGKEL;-;Besi;1;;1;0;0;0;64c1db5e3803aLogo Perumdam.jpg;-
2653;233;BENGKEL;23;64;80;BENGKEL;-;Besi;1;;1;0;0;0;64c1dc731f4feLogo Perumdam.jpg;-
2654;230;BENGKEL;23;64;80;BENGKEL;-;Besi;1;;1;0;0;0;64c1dc7338c94Logo Perumdam.jpg;-
2655;231;BENGKEL;23;64;80;BENGKEL;-;Besi;1;;1;0;0;0;64c1dc734dd81Logo Perumdam.jpg;-
2656;228;BENGKEL;23;64;80;BENGKEL;-;Besi;1;;1;0;0;0;64c1dc735fdb8Logo Perumdam.jpg;-
2657;229;BENGKEL;23;64;80;BENGKEL;-;Besi;1;;1;0;0;0;64c1dd8a67556Logo Perumdam.jpg;-
2658;222;BENGKEL;23;64;80;BENGKEL;-;Besi;1;;1;0;0;0;64c1dd8a7a69fLogo Perumdam.jpg;-
2659;286;BENGKEL;23;64;80;BENGKEL;-;Besi;1;;1;0;0;0;64c1dd8a97267Logo Perumdam.jpg;-
2660;123;BENGKEL;23;64;80;BENGKEL;-;Besi;1;;1;0;0;0;64c1dd8a9cf79Logo Perumdam.jpg;-
2661;547;BENGKEL;23;64;80;BENGKEL;-;Plastik;2;;2;0;0;0;64c1de3e85d10Logo Perumdam.jpg;-
2662;139;BENGKEL;23;64;80;BENGKEL;-;Besi;1;;1;0;0;0;64c1de3ea1dfeLogo Perumdam.jpg;-
2663;250;BENGKEL;23;64;80;BENGKEL;ALLWIN;Besi;1;;1;0;0;0;64c1de3ea5584Logo Perumdam.jpg;-
2664;131;BENGKEL;23;64;80;BENGKEL;-;Besi;1;;1;0;0;0;64c1de3ebc240Logo Perumdam.jpg;-
2665;205;BENGKEL;23;64;80;BENGKEL;Icom MQ 10;Ebonit;3;;3;0;0;0;64c1decc2f9c5Logo Perumdam.jpg;-
2666;300;BENGKEL;23;64;80;BENGKEL;Bosch GST 80 PDE;Besi;1;;1;0;0;0;64c1decc35fbbLogo Perumdam.jpg;-
2667;618;BENGKEL;23;64;80;BENGKEL;Green Eco 9955;Plastik;2;;2;0;0;0;64c1decc4ec51Logo Perumdam.jpg;-
2668;1180;BENGKEL;23;64;80;BENGKEL;Prohey;Besi;2;;2;0;0;0;64c1e0866ff18Logo Perumdam.jpg;-
2669;0;INTAKE;20;47;94;GEDUNG KANTOR;0;0;0;0;0;0;0;0;0;0
2670;0;PBK;20;47;94;GEDUNG KANTOR;0;0;0;0;0;0;0;0;0;0
2671;452;PBK;20;47;94;GEDUNG KANTOR;-;Besi;1;;1;0;0;0;64c21207763a81. PANEL MIXER.jpg;-
2672;1155;PBK;20;47;94;GEDUNG KANTOR;GANESHA 1200 L;PVC;1;;1;0;0;0;64c212077bb572. TANDON MIXER KAOLIN.jpg;-
2673;313;PBK;20;47;94;GEDUNG KANTOR;BREMEN 0,76KW 1HP;Besi;1;;1;0;0;0;64c2125a9c6923. MIXER KAOLIN.jpg;-
2674;1156;PBK;20;47;94;GEDUNG KANTOR;PROFIL TANK 1100L;PVC;1;;1;0;0;0;64c2125aa9f8d4. TANDON PENGENCER KAOLIN.jpg;-
2675;411;PBK;20;47;94;GEDUNG KANTOR;PROFIL TANK 110L;Karet;1;;1;0;0;0;64c212bbb42195. TANDON TAWAS.jpg;-
2676;520;PBK;20;47;94;GEDUNG KANTOR;ICHINOMIYA DANKI 0,2 KW;Besi;1;;1;0;0;0;64c212bbba49a6. POMPA TRANSFER TAWAS.jpg;-
2677;595;PBK;20;47;94;GEDUNG KANTOR;PROFIL TANK 1100L;PVC;1;;1;0;0;0;64c21318db8247. TANDON SODA ASH.jpg;-
2678;1160;PBK;20;47;94;GEDUNG KANTOR;ICHINIMIYA DENKI 0,2 KW;Besi;1;;1;0;0;0;64c21318e38f48. POMPA INJEKSI SODA ASH.jpg;-
2679;591;PBK;20;47;94;GEDUNG KANTOR;PROFIL TANK 1100L;PVC;1;;1;0;0;0;64c2137387e4a9 .TANDON KAPORIT.jpg;-
2680;1161;PBK;20;47;94;GEDUNG KANTOR;ICHINOMIYA DENKI 0,2 KW;Besi;1;;1;0;0;0;64c213738d9129 .TANDON KAPORIT.jpg;-
2681;1157;PBK;20;47;94;GEDUNG KANTOR;PROFIL TANK 1100L;PVC;1;;1;0;0;0;64c213c41b3b911. TANDON MIXER TAWAS.jpg;-
2682;318;PBK;20;47;94;GEDUNG KANTOR;BREMEN 0,76KW 1HP;Besi;1;;1;0;0;0;64c213c41ed9512. MIXER TAWAS.jpg;-
2683;1158;PBK;20;47;94;GEDUNG KANTOR;PROFIL TANK 650L;PVC;1;;1;0;0;0;64c2141e5a54113 TANDON MIXER SODA ASH.jpg;-
2684;317;PBK;20;47;94;GEDUNG KANTOR;BREMEN 0,76KW 1HP;Besi;1;;1;0;0;0;64c2141e605a714 MIXER SODA ASH.jpg;-
2685;1159;PBK;20;47;94;GEDUNG KANTOR;PROFIL TANK 650L;PVC;1;;1;0;0;0;64c214792750e15. TANDON MIXER KAPORIT.jpg;-
2686;314;PBK;20;47;94;GEDUNG KANTOR;BREMEN 0,76KW 1HP;Besi;1;;1;0;0;0;64c214793965e16. MIXER KAPORIT.jpg;-
2687;0;RESSERVOIR;20;47;94;GEDUNG KANTOR;0;0;0;0;0;0;0;0;0;0
2688;0;POMPA DIST IPA 1;20;47;94;GEDUNG KANTOR;0;0;0;0;0;0;0;0;0;0
2689;0;POMPA;21;101;106;OPERATOR;0;0;0;0;0;0;0;0;0;0
2690;597;PBK;20;50;90;PBK;-;PVC;2;;2;0;0;0;64c3031814d195. TANDON TAWAS.jpg;-
2691;876;INTAKE;20;50;90;INTAKE;Panel;Besi;4;;3;0;1;0;64c304e83360bLogo Perumdam.jpg;-
2692;177;MANAGER;22;60;82;GEDUNG KANTOR;-;Ebonit;1;;1;0;0;0;64c30d995df035.jpeg;-
2693;376;MANAGER;22;60;82;GEDUNG KANTOR;MASTER;Ebonit;1;;1;0;0;0;64c30d99645e66.jpeg;-
2694;173;MANAGER;22;60;82;GEDUNG KANTOR;UCHIDA;Ebonit;1;;1;0;0;0;64c30ddf56d217.jpeg;-
2695;280;MANAGER;22;60;82;GEDUNG KANTOR;BROTHER ;Besi;1;;1;0;0;0;64c30ddf594b78.jpeg;-
2696;441;MANAGER;22;60;82;GEDUNG KANTOR;ICA;Ebonit;4;;2;0;2;0;64c30e29c15d59.jpeg;-
2697;275;MANAGER;22;60;82;GEDUNG KANTOR;SET PC ;Ebonit;2;;1;0;1;0;64c30e29c70e910.jpeg;-
2698;1164;FISIKA;20;41;80;Bangunan Gedung Laboratarium;OAKTON;Ebonit;4;;4;0;0;0;64c30f3ac3c7eLogo Perumdam.jpg;-
2699;480;ASISTEN MANAGER;17;36;102;GEDUNG KANTOR;SIMBADDA Corei3 RAM 4GB;Ebonit;1;;0;0;1;0;64c31080ba35e6. PC ALL IN ONE.jpg;rusak
2701;311;PBK;20;53;154;PBK;WD WESTERN DRIVE;Besi;3;;3;0;0;0;64c316447a8f54. MIXER BAHAN KIMIA.jpg;-
2702;584;PBK;20;53;154;PBK;-;Fiber;3;;3;0;0;0;64c31644814082. TANDON PENAMPUNG TAWAS.jpg;TANDON PENAMPUNG TAWAS
2703;1157;PBK;20;53;154;PBK;-;Fiber;3;;3;0;0;0;64c3164485efd03.TANDON PENGADUK.jpeg;
2704;324;POMPA DISTRIBUSI;20;53;154;Rumah Pompa Dist.;MOTOR POMPA BACK WASH 1 / SIEMENS/37 KW;Besi;1;;1;0;0;0;64c319c9a0abd16. MOTOR POMPA BACKWASH 1.jpg;-
2705;498;POMPA DISTRIBUSI;20;53;154;Rumah Pompa Dist.;BACKWASH 1/TORISHIMA PUMP / LP200 - 220;Besi;1;;1;0;0;0;64c319dbc9c3617. POMPA BACKWASH 1.jpg;-
2708;324;POMPA DISTRIBUSI;20;53;154;Rumah Pompa Dist.;THERE PHASE WASH 2;Besi;1;;1;0;0;0;64c31ae99940018.MOTOR POMPA BACK WASH 2.jpg;-
2709;498;POMPA DISTRIBUSI;20;53;154;Rumah Pompa Dist.;BSCK WASH 2/TORISHIMA PUMP/LP/200-220;Besi;1;;1;0;0;0;64c31ae99f4cd19.POMPA BACK WASH 2.jpg;-
2710;498;POMPA DISTRIBUSI;20;53;154;Rumah Pompa Dist.;TORISHIMA/LF 8-5;Besi;1;;1;0;0;0;64c31bde60ba521. POMPA PENGENCER TAWAS.jpg;-
2711;976;POMPA DISTRIBUSI;20;53;154;Rumah Pompa Dist.;DIST 2/CMG MARATHON 200, KW;Besi;1;;1;0;0;0;64c31bde66b0824.MOTOR POMPA DIST 2.jpg;-
2712;976;POMPA DISTRIBUSI;20;53;154;Rumah Pompa Dist.;DIST 3/ SIEMENS 200 KW;Besi;1;;1;0;0;0;64c31c440879626. MOTOR POMPA DIST 3.jpg;-
2713;507;POMPA DISTRIBUSI;20;53;154;Rumah Pompa Dist.;DISTRUBUSI 3/TORISHIMA /CDM 300 X 250 EN;Besi;1;;1;0;0;0;64c31c440f41f27. POMPA DIST 3.jpg;-
2714;259;Loket;16;28;120;GEDUNG KANTOR;4 sit;Besi;1;;1;0;0;0;64c322bcbab8e13.jpg;-
2715;0;LELANG;40;146;82;GEDUNG KANTOR;0;0;0;0;0;0;0;0;0;0
2716;275;LELANG;40;146;82;GEDUNG KANTOR;LCD PROYEKTOR/PANASONIC;Ebonit;1;;1;0;0;0;64c324010fa091.jpeg;-
2717;280;LELANG;40;146;82;GEDUNG KANTOR;-;Besi;1;;1;0;0;0;64c3240114aed2.jpeg;-
2718;376;LELANG;40;146;82;GEDUNG KANTOR;-;Ebonit;1;;1;0;0;0;64c3244b5db2f3.jpeg;-
2719;441;LELANG;40;146;82;GEDUNG KANTOR;-;Besi;1;;1;0;0;0;64c3244b63cc64.jpeg;-
2720;275;LELANG;40;146;82;GEDUNG KANTOR;MONITOR 20/ LG;Ebonit;1;;1;0;0;0;64c324c13faee5.jpeg;-
2721;480;LELANG;40;146;82;GEDUNG KANTOR;-;Ebonit;1;;1;0;0;0;64c324c144e4d6.jpeg;-
2722;126;LELANG;40;146;82;GEDUNG KANTOR;PANASONIC;Ebonit;1;;1;0;0;0;64c3250c7244d7.jpeg;-
2723;253;LELANG;40;146;82;GEDUNG KANTOR;-;Ebonit;11;;11;0;0;0;64c3250c79e358.jpeg;-
2724;290;LELANG;40;146;82;GEDUNG KANTOR;MEJA KACA;Ebonit;1;;1;0;0;0;64c32565ac9a59.jpeg;MEJA KACA
2725;679;LELANG;40;146;82;GEDUNG KANTOR;-;Ebonit;1;;1;0;0;0;64c32565b2a6a10.jpeg;-
2726;55;LELANG;40;146;82;GEDUNG KANTOR;CANON;Ebonit;1;;1;0;0;0;64c32583a42cc11.jpeg;-
2727;88;OPERATOR;21;139;109;Ruang Operator Dan Lab Mini;"Sharp 24""";Ebonit;1;;1;0;0;0;64c325e6ca58dLogo Perumdam.jpg;
2728;480;ASISTEN MANAGER;21;59;81;GEDUNG KANTOR;SAMSUNG COREi3;Ebonit;1;;1;0;0;0;64c3283acfe66Logo Perumdam.jpg;-
2729;121;ASISTEN MANAGER;21;59;81;GEDUNG KANTOR;TOP;Besi;1;;1;0;0;0;64c3283ad6431Logo Perumdam.jpg;-
2730;975;GARDU;21;110;95;GARDU;SCHNEIDER;Besi;1;;1;0;0;0;64c32b583941fLogo Perumdam.jpg;
2731;366;GARDU;21;110;95;GARDU;400kVA;Besi;1;;1;0;0;0;64c32b583f4c8Logo Perumdam.jpg;
2732;622;GARDU;21;110;95;GARDU;TRAFINDO SERI 173319792 400 kVA;Besi;1;;1;0;0;0;64c32b5846892Logo Perumdam.jpg;
2733;177;GARDU;21;110;95;GARDU;KDK;Besi;1;;1;0;0;0;64c32b584c2b7Logo Perumdam.jpg;EXHAUST FAN FV40 AFU
2734;126;GARDU;21;110;95;GARDU;PANASONIC RY10A;Besi;1;;1;0;0;0;64c32b58524feLogo Perumdam.jpg;
2735;177;GARDU;21;110;95;GARDU;PANASONIC FV40AFU;Besi;1;;1;0;0;0;64c32b585865cLogo Perumdam.jpg;
2736;1110;GARDU;21;110;95;GARDU;SCHEIDER;Besi;1;;1;0;0;0;64c32b585ea1bLogo Perumdam.jpg;
2737;0;GENSET;20;51;126;Rumah Panel Pompa;0;0;0;0;0;0;0;0;0;0
2738;1027;GENSET;20;51;126;Rumah Panel Pompa;-;Besi;1;;1;0;0;0;64c65b6852df2WhatsApp Image 2023-07-20 at 10.33.55.jpeg;
2739;516;GENSET;20;51;126;Rumah Panel Pompa;TSURUMI PUMP;Besi;1;;1;0;0;0;64c65b685899bWhatsApp Image 2023-07-20 at 10.33.55.jpeg;
2740;1031;GENSET;20;51;126;Rumah Panel Pompa;-;Besi;1;;1;0;0;0;64c65b685ed76WhatsApp Image 2023-07-20 at 10.33.55.jpeg;
2741;440;GENSET;20;51;126;Rumah Panel Pompa;TRAVINDO 500 kVA;Besi;1;;1;0;0;0;64c65b6866112WhatsApp Image 2023-07-20 at 10.33.55.jpeg;
2742;584;GENSET;20;51;126;Rumah Panel Pompa;PENGUIN;PVC;1;;1;0;0;0;64c65b686bc5cWhatsApp Image 2023-07-20 at 10.33.55.jpeg;TANDON SOLAR
2743;1030;GENSET;20;51;126;Rumah Panel Pompa;-;Besi;1;;1;0;0;0;64c65b68720a8WhatsApp Image 2023-07-20 at 10.33.55.jpeg;-
2744;1029;GENSET;20;51;126;Rumah Panel Pompa;PERKINS 2500 Series;Besi;1;;1;0;0;0;64c65b6878354WhatsApp Image 2023-07-20 at 10.33.55.jpeg;ENGINE GENSET
2745;172;GENSET;20;51;126;Rumah Panel Pompa;FG WILSON 500 KVA;Besi;1;;1;0;0;0;64c65b687ea23WhatsApp Image 2023-07-20 at 10.33.55.jpeg;
2746;458;GENSET;20;51;126;Rumah Panel Pompa;-;Besi;1;;1;0;0;0;64c65b6884c32WhatsApp Image 2023-07-20 at 10.33.55.jpeg;
2747;355;GENSET;20;51;126;Rumah Panel Pompa;-;Besi;1;;1;0;0;0;64c65b688b644WhatsApp Image 2023-07-20 at 10.33.55.jpeg;
2748;0;OPERATOR;20;51;126;Rumah Panel Pompa;0;0;0;0;0;0;0;0;0;0
2754;355;GENSET;20;51;116;OPERATOR;250 KVAR;Besi;1;;1;0;0;0;64c65dfa8136cWhatsApp Image 2023-07-20 at 10.33.55.jpeg;
2755;130;GENSET;20;51;116;OPERATOR;YUASA 115F51 N-120 12V 120A;Besi;2;;2;0;0;0;64c65dfa876bdWhatsApp Image 2023-07-20 at 10.33.55.jpeg;
2756;1029;GENSET;20;51;116;OPERATOR;PERKINS 2500 SERIES;Besi;1;;1;0;0;0;64c65dfa8d589WhatsApp Image 2023-07-20 at 10.33.55.jpeg;
2757;172;GENSET;20;51;116;OPERATOR;FG WILSSON Model P500P3;Besi;1;;1;0;0;0;64c65dfa930e3WhatsApp Image 2023-07-20 at 10.33.55.jpeg;
2758;975;PBK;20;51;116;OPERATOR;3.7 KW;Besi;1;;1;0;0;0;64c66178c2a0aWhatsApp Image 2023-07-20 at 10.33.55.jpeg;
2759;324;PBK;20;51;116;OPERATOR;ELEKTRIM 11 KW;Besi;1;;1;0;0;0;64c66178c8b21WhatsApp Image 2023-07-20 at 10.33.55.jpeg;"MOTOR POMPA RECYCLE
"
2760;498;PBK;20;51;116;OPERATOR;EBARA SERI P121911-30;Besi;1;;1;0;0;0;64c66178d0eabWhatsApp Image 2023-07-20 at 10.33.55.jpeg;POMPA RECYCLE
2761;480;STAF;17;34;82;GEDUNG KANTOR;-;Ebonit;3;;3;0;0;0;64c66289cbdfdWhatsApp Image 2023-07-20 at 10.33.55.jpeg;
2762;975;GARDU;21;110;95;GARDU;GRUNDFOS;Besi;1;;1;0;0;0;64c714b7d2f12Logo Perumdam.jpg;PANEL POMPA NO.1
2763;124;ASISTEN MANAGER;20;49;117;ASISTEN MANAGER;PANASONIC MODEL CS -4 V9 SKP;Ebonit;1;;1;0;0;0;64c86f6319da8WhatsApp Image 2023-07-20 at 10.33.55.jpeg;-
2764;291;ASISTEN MANAGER;20;49;117;ASISTEN MANAGER;UNO;Ebonit;1;;1;0;0;0;64c86f6321385WhatsApp Image 2023-07-20 at 10.33.55.jpeg;-
2765;254;ASISTEN MANAGER;20;49;117;ASISTEN MANAGER;POLARIS ;Ebonit;1;;1;0;0;0;64c86fe96a26bWhatsApp Image 2023-07-20 at 10.33.55.jpeg;-
2766;254;ASISTEN MANAGER;20;49;117;ASISTEN MANAGER;FANTONI;Ebonit;2;;2;0;0;0;64c86fe96f3f3WhatsApp Image 2023-07-20 at 10.33.55.jpeg;-
2767;0;0;20;49;117;OPERATOR;0;0;0;0;0;0;0;0;0;0
2768;0;OPERATOR;20;49;117;OPERATOR;0;0;0;0;0;0;0;0;0;0
2769;126;ASISTEN MANAGER;20;44;86;ASISTEN MANAGER;Panasonic;Ebonit;1;;1;0;0;0;64c8704b8fd78Logo Perumdam.jpg;-
2770;291;ASISTEN MANAGER;20;44;86;ASISTEN MANAGER;Saga;Ebonit;1;;1;0;0;0;64c8704b9315fLogo Perumdam.jpg;-
2771;295;ASISTEN MANAGER;20;44;86;ASISTEN MANAGER;Olympic;Ebonit;1;;0;1;0;0;64c8704b95a60Logo Perumdam.jpg;-
2772;830;ASISTEN MANAGER;20;44;86;ASISTEN MANAGER;Olympic;Ebonit;1;;1;0;0;0;64c8704b97ed6Logo Perumdam.jpg;-
2773;219;ASISTEN MANAGER;20;44;86;ASISTEN MANAGER;Microsoft/Toshiba;Ebonit;1;;1;0;0;0;64c8704b9a9b9Logo Perumdam.jpg;-
2774;276;ASISTEN MANAGER;20;44;86;ASISTEN MANAGER;Samsung;Ebonit;1;;1;0;0;0;64c8704b9cd56Logo Perumdam.jpg;"19"""
2776;79;OPERATOR;20;49;117;OPERATOR;BROTHER;Besi;1;;1;0;0;0;64c870677ba87WhatsApp Image 2023-07-20 at 10.33.55.jpeg;-
2777;173;OPERATOR;20;49;117;OPERATOR;SANKEN TYPE HWD 707 BK;Ebonit;1;;1;0;0;0;64c870dd0510fWhatsApp Image 2023-07-20 at 10.33.55.jpeg;-
2779;830;OPERATOR;20;52;92;OPERATOR;EXPO;Ebonit;1;;1;0;0;0;64c870eba135dLOGO.jpeg;-
2780;1039;OPERATOR;20;49;117;OPERATOR;BROTHER ;Besi;2;;0;2;0;0;64c8712acda64WhatsApp Image 2023-07-20 at 10.33.55.jpeg;-
2781;254;ASISTEN MANAGER;20;44;86;ASISTEN MANAGER;Chitose;Ebonit;1;;0;0;1;0;64c8713ba1181Logo Perumdam.jpg;-
2782;55;ASISTEN MANAGER;20;44;86;ASISTEN MANAGER;Canon iP 2770;Ebonit;1;;1;0;0;0;64c8713ba7e7bLogo Perumdam.jpg;-
2783;281;ASISTEN MANAGER;20;44;86;ASISTEN MANAGER;Brother;Besi;1;;1;0;0;0;64c8713bacdb4Logo Perumdam.jpg;-
2784;534;ASISTEN MANAGER;20;44;86;ASISTEN MANAGER;-;Besi;1;;1;0;0;0;64c8713bb1d39Logo Perumdam.jpg;-
2785;1165;ASISTEN MANAGER;20;44;86;ASISTEN MANAGER;Lutron CL-2006;Ebonit;1;;1;0;0;0;64c8713bb6acdLogo Perumdam.jpg;-
2786;126;ASISTEN MANAGER;20;45;89;ASISTEN MANAGER;SHARP AH-A9SKY;Ebonit;1;;1;0;0;0;64c871732f2a2Logo Perumdam.jpg;-
2787;206;ASISTEN MANAGER;20;45;89;ASISTEN MANAGER;ICOMM IC-2300H;Ebonit;1;;1;0;0;0;64c8717334b87Logo Perumdam.jpg;-
2788;205;ASISTEN MANAGER;20;45;89;ASISTEN MANAGER;ICOM IC-V8;Ebonit;1;;1;0;0;0;64c871733aa5aLogo Perumdam.jpg;-
2789;168;ASISTEN MANAGER;20;45;89;ASISTEN MANAGER;AKAI AQ-30AM;Besi;1;;1;0;0;0;64c8717341eacLogo Perumdam.jpg;-
2790;282;ASISTEN MANAGER;20;45;89;ASISTEN MANAGER;-;Kayu;1;;1;0;0;0;64c8717347d7eLogo Perumdam.jpg;-
2794;678;OPERATOR;20;49;117;OPERATOR;LEMARI 6 PINTU;Kayu;1;;0;1;0;0;64c8720af0b66WhatsApp Image 2023-07-20 at 10.33.55.jpeg;LEMARI 6 PINTU
2796;0;0;20;44;86;PBK;0;0;0;0;0;0;0;0;0;0
2797;0;PBK;20;44;86;PBK;0;0;0;0;0;0;0;0;0;0
2798;318;PBK;20;44;86;PBK;Nord;Besi;2;;0;2;0;0;64c8729bb92a5Logo Perumdam.jpg;-
2799;452;PBK;20;44;86;PBK;-;Besi;1;;0;1;0;0;64c8729bbddebLogo Perumdam.jpg;-
2800;0;0;20;44;86;OPERATOR;0;0;0;0;0;0;0;0;0;0
2801;0;OPERATOR;20;44;86;OPERATOR;0;0;0;0;0;0;0;0;0;0
2802;1040;OPERATOR;20;49;117;OPERATOR;CASIO;Ebonit;1;;0;1;0;0;64c872f011763WhatsApp Image 2023-07-20 at 10.33.55.jpeg;-
2803;1041;OPERATOR;20;49;117;OPERATOR;CASIO;Ebonit;1;;1;0;0;0;64c872f017334WhatsApp Image 2023-07-20 at 10.33.55.jpeg;-
2808;1042;OPERATOR;20;49;117;OPERATOR;SIEMENS ;Ebonit;2;;2;0;0;0;64c8734928490WhatsApp Image 2023-07-20 at 10.33.55.jpeg;-
2809;127;OPERATOR;20;49;117;OPERATOR;PANASONIC CS PN18 SKP;Ebonit;1;;1;0;0;0;64c873492e4fcWhatsApp Image 2023-07-20 at 10.33.55.jpeg;-
2810;124;OPERATOR;20;49;117;OPERATOR;PANASONIC CS PN 18 MKP;Ebonit;1;;1;0;0;0;64c873a3d09caWhatsApp Image 2023-07-20 at 10.33.55.jpeg;-
2814;0;0;20;52;92;Rumah Operator Lab Mini - PBK;0;0;0;0;0;0;0;0;0;0
2815;830;ASISTEN MANAGER;20;45;89;ASISTEN MANAGER;VANESSA;Ebonit;2;;2;0;0;0;64c8741c0a84cLogo Perumdam.jpg;-
2816;830;ASISTEN MANAGER;20;45;89;ASISTEN MANAGER;SAGA;Ebonit;1;;0;1;0;0;64c8741c121a1Logo Perumdam.jpg;-
2817;178;ASISTEN MANAGER;20;45;89;ASISTEN MANAGER;3 Pintu;Kayu;2;;0;2;0;0;64c8741c17b22Logo Perumdam.jpg;-
2818;88;ASISTEN MANAGER;20;45;89;ASISTEN MANAGER;"SHARP LC-32 SA 32""";Ebonit;1;;1;0;0;0;64c8741c1b310Logo Perumdam.jpg;-
2819;578;ASISTEN MANAGER;20;45;89;ASISTEN MANAGER;SAFNI FIRE;Besi;2;;2;0;0;0;64c8741c201e8Logo Perumdam.jpg;BESAR & KECIL
2820;253;ASISTEN MANAGER;20;45;89;ASISTEN MANAGER;CHITOS;Ebonit;4;;4;0;0;0;64c8741c26366Logo Perumdam.jpg;-
2821;275;ASISTEN MANAGER;20;45;89;ASISTEN MANAGER;"SAMSUNG 19""";Ebonit;1;;1;0;0;0;64c8741c2c149Logo Perumdam.jpg;-
2822;1043;OPERATOR;20;49;117;OPERATOR;-;Ebonit;3;;0;0;3;0;64c8741dca952WhatsApp Image 2023-07-20 at 10.33.55.jpeg;DARI KANTOR 
2823;282;OPERATOR;20;49;117;OPERATOR;LEMARI BUFFET 6 PINTU;Ebonit;1;;0;0;1;0;64c8741dd0e96WhatsApp Image 2023-07-20 at 10.33.55.jpeg;LEMARI BUFFET 6 PINTU
2824;830;OPERATOR;20;49;117;OPERATOR;SAGA;Ebonit;3;;3;0;0;0;64c8746551ebcWhatsApp Image 2023-07-20 at 10.33.55.jpeg;-
2825;1044;OPERATOR;20;49;117;OPERATOR;SAGA;Ebonit;1;;1;0;0;0;64c874655835cWhatsApp Image 2023-07-20 at 10.33.55.jpeg;-
2826;127;OPERATOR;20;44;86;OPERATOR;Panasonic;Ebonit;1;;0;1;0;0;64c874a3a87dbLogo Perumdam.jpg;-
2827;502;OPERATOR;20;44;86;OPERATOR;ROBIN 5.0 EY 20-3;Besi;2;;0;0;2;0;64c874a3ae920Logo Perumdam.jpg;-
2828;259;OPERATOR;20;44;86;OPERATOR;-;Besi;1;;1;0;0;0;64c874a3b4c42Logo Perumdam.jpg;4 seat
2829;476;OPERATOR;20;44;86;OPERATOR;Sanziba;Ebonit;1;;1;0;0;0;64c874a3ba21fLogo Perumdam.jpg;-
2830;281;OPERATOR;20;44;86;OPERATOR;Brother;Besi;2;;0;2;0;0;64c874a3d1ae0Logo Perumdam.jpg;Putih
2831;830;OPERATOR;20;44;86;OPERATOR;Olympic;Ebonit;1;;1;0;0;0;64c874a3d77d9Logo Perumdam.jpg;-
2832;830;OPERATOR;20;44;86;OPERATOR;Saga;Ebonit;3;;2;0;1;0;64c874a3dd76dLogo Perumdam.jpg;putih & coklat
2833;254;OPERATOR;20;44;86;OPERATOR;Brother;Ebonit;1;;0;0;1;0;64c874a3e2d2cLogo Perumdam.jpg;biru
2834;253;OPERATOR;20;44;86;OPERATOR;Chitose;Ebonit;1;;0;0;1;0;64c874a3e598aLogo Perumdam.jpg;biru
2835;205;OPERATOR;20;44;86;OPERATOR;Werwei;Ebonit;2;;0;0;2;0;64c874a3e8e06Logo Perumdam.jpg;-
2836;1045;OPERATOR;20;49;117;OPERATOR;KIDDE / MJ FIRE;Besi;2;;1;1;0;0;64c87521a2270WhatsApp Image 2023-07-20 at 10.33.55.jpeg;-
2837;1046;OPERATOR;20;49;117;OPERATOR;WESTON HDT 300 880 SB;Ebonit;1;;1;0;0;0;64c87521b2fd7WhatsApp Image 2023-07-20 at 10.33.55.jpeg;-
2838;254;OPERATOR;20;49;117;OPERATOR;POLARIS/FANTONI;Ebonit;6;;0;6;0;0;64c8758a9c9a1WhatsApp Image 2023-07-20 at 10.33.55.jpeg;-
2839;1048;OPERATOR;20;49;117;OPERATOR;-;Besi;1;;1;0;0;0;64c8758aa39d6WhatsApp Image 2023-07-20 at 10.33.55.jpeg;-
2840;1049;OPERATOR;20;49;117;OPERATOR;-;Besi;1;;1;0;0;0;64c875d11799fWhatsApp Image 2023-07-20 at 10.33.55.jpeg;-
2841;1050;OPERATOR;20;49;117;OPERATOR;-;Ebonit;1;;1;0;0;0;64c875d11e89bWhatsApp Image 2023-07-20 at 10.33.55.jpeg;-
2842;975;;20;52;92;Rumah Operator Lab Mini - PBK;-;Besi;2;;2;0;0;0;64c875fae3d36LOGO.jpeg;PANEL POMPA N, 1 & 2
2843;516;;20;52;92;Rumah Operator Lab Mini - PBK;CHAMPION  N50 12V 56A;Besi;1;;1;0;0;0;64c875faec36eLOGO.jpeg;-
2844;1154;;20;52;92;Rumah Operator Lab Mini - PBK;VELP SCIENTIFICA  JLT G;Besi;1;;1;0;0;0;64c875faf08d0LOGO.jpeg;-
2845;830;;20;52;92;Rumah Operator Lab Mini - PBK;SAGA;Ebonit;1;;0;1;0;0;64c875faf330aLOGO.jpeg;-
2846;174;;20;52;92;Rumah Operator Lab Mini - PBK;SIEMENS  MAG 5000;Ebonit;3;;3;0;0;0;64c875fb01ca3LOGO.jpeg;AIR BAKU DAN BERSIH
2847;448;;20;52;92;Rumah Operator Lab Mini - PBK;-;Besi;1;;1;0;0;0;64c875fb0457eLOGO.jpeg;-
2848;480;OPERATOR;20;49;117;OPERATOR;DAZUMBA;Plastik;1;;1;0;0;0;64c8763c6e3b9WhatsApp Image 2023-07-20 at 10.33.55.jpeg;-
2849;55;OPERATOR;20;49;117;OPERATOR;CANON PIXMA IP 2770;Ebonit;1;;1;0;0;0;64c8763c73b10WhatsApp Image 2023-07-20 at 10.33.55.jpeg;-
2850;219;OPERATOR;20;49;117;OPERATOR;LOGITECH;Ebonit;1;;1;0;0;0;64c876940e6a9WhatsApp Image 2023-07-20 at 10.33.55.jpeg;-
2851;441;OPERATOR;20;49;117;OPERATOR;ICA CE 1200;Ebonit;1;;1;0;0;0;64c87694113ffWhatsApp Image 2023-07-20 at 10.33.55.jpeg;-
2852;219;ASISTEN MANAGER;20;45;89;ASISTEN MANAGER;LOGITECH;Ebonit;1;;1;0;0;0;64c8769996483Logo Perumdam.jpg;-
2853;55;ASISTEN MANAGER;20;45;89;ASISTEN MANAGER;CANON MX-497;Ebonit;1;;1;0;0;0;64c876999b933Logo Perumdam.jpg;-
2854;478;ASISTEN MANAGER;20;45;89;ASISTEN MANAGER;-;Ebonit;2;;0;2;0;0;64c87699a18f6Logo Perumdam.jpg;-
2855;178;ASISTEN MANAGER;20;45;89;ASISTEN MANAGER;BROTHER;Besi;1;;1;0;0;0;64c87699a7677Logo Perumdam.jpg;2 Pintu
2856;975;ASISTEN MANAGER;20;45;89;ASISTEN MANAGER;FRENIC-ECO;Besi;1;;1;0;0;0;64c87699ad8e1Logo Perumdam.jpg;NO. 1 (Besar)
2857;210;ASISTEN MANAGER;20;45;89;ASISTEN MANAGER;SEIKO;Ebonit;1;;0;1;0;0;64c87699b3d53Logo Perumdam.jpg;-
2858;238;ASISTEN MANAGER;20;45;89;ASISTEN MANAGER;NASIONAL;Besi;1;;0;1;0;0;64c87699bb45bLogo Perumdam.jpg;-
2859;79;ASISTEN MANAGER;20;45;89;ASISTEN MANAGER;BROTHER;Besi;1;;1;0;0;0;64c87699c16dcLogo Perumdam.jpg;-
2860;124;OPERATOR;20;49;117;OPERATOR;PANASONIC MODEL CS U V9 SKD;Ebonit;1;;1;0;0;0;64c8770c36be8WhatsApp Image 2023-07-20 at 10.33.55.jpeg;MUSHOLA
2861;528;OPERATOR;20;49;117;OPERATOR;INFOCUS TYPE IN 114;Ebonit;1;;1;0;0;0;64c8770c3aac7WhatsApp Image 2023-07-20 at 10.33.55.jpeg;-
2862;0;0;20;45;89;OPERATOR;0;0;0;0;0;0;0;0;0;0
2863;975;POMPA;20;74;79;Ruang Operator Dan Lab Mini;(1X40 KW);Besi;1;;0;0;1;0;64c877285c5bdlogo PDAM.jpeg;pompa no.1
2864;975;POMPA;20;74;79;Ruang Operator Dan Lab Mini;-;Besi;1;;0;0;1;0;64c877286381alogo PDAM.jpeg;pompa no.2
2865;498;POMPA;20;74;79;Ruang Operator Dan Lab Mini;ABB MOTORS;Kayu;1;;0;0;1;0;64c87728698cdlogo PDAM.jpeg;pompa no. 1
2866;324;POMPA;20;74;79;Ruang Operator Dan Lab Mini;ABB MOTORS M2QA31554A 110 KW;Besi;1;;0;0;1;0;64c877286f089logo PDAM.jpeg;pompa no. 1
2867;153;POMPA;20;74;79;Ruang Operator Dan Lab Mini;BAE;Besi;1;;1;0;0;0;64c8772875570logo PDAM.jpeg;-
2868;0;OPERATOR;20;45;89;OPERATOR;0;0;0;0;0;0;0;0;0;0
2869;130;;20;52;92;Rumah Operator Lab Mini - PBK;CHAMPION  N50 12V 56A;Ebonit;2;;2;0;0;0;64c877661510dLOGO.jpeg;JAYA TEKNIK
2870;499;;20;52;92;Rumah Operator Lab Mini - PBK;SHIMITZU PS 255;Besi;1;;1;0;0;0;64c877661a5f5LOGO.jpeg;-
2871;516;;20;52;92;Rumah Operator Lab Mini - PBK;CHAMPION  N50 12V 56A;Besi;1;;1;0;0;0;64c877661fb03LOGO.jpeg;-
2872;502;;20;52;92;Rumah Operator Lab Mini - PBK;CHAMPION  N50 12V 56A;Besi;1;;1;0;0;0;64c8776626cdfLOGO.jpeg;-
2873;516;;20;52;92;Rumah Operator Lab Mini - PBK;TSURUMI 1344-12;Besi;1;;1;0;0;0;64c877662cda9LOGO.jpeg;-
2874;516;;20;52;92;Rumah Operator Lab Mini - PBK; HS 22,45;Besi;1;;1;0;0;0;64c8776631882LOGO.jpeg;-
2875;0;POMPA;20;52;92;Rumah Operator Lab Mini - PBK;0;0;0;0;0;0;0;0;0;0
2876;578;OPERATOR;20;44;86;OPERATOR;Safni Fire;Besi;1;;0;0;1;0;64c877ae45ac1Logo Perumdam.jpg;-
2877;678;OPERATOR;20;44;86;OPERATOR;6 pintu;Kayu;1;;0;1;0;0;64c877ae4c23bLogo Perumdam.jpg;-
2878;173;OPERATOR;20;44;86;OPERATOR;Uchida  MTD -04 Pas;Ebonit;1;;1;0;0;0;64c877ae51261Logo Perumdam.jpg;-
2879;88;OPERATOR;20;44;86;OPERATOR;Samsung UA32N4001;Ebonit;1;;1;0;0;0;64c877ae5723eLogo Perumdam.jpg;-
2880;124;OPERATOR;20;44;86;OPERATOR;Panasonic CS-YN9TKJ;Ebonit;1;;1;0;0;0;64c877ae5c945Logo Perumdam.jpg;-
2881;259;OPERATOR;20;44;86;OPERATOR;Chitose;Besi;1;;0;0;1;0;64c877ae6161aLogo Perumdam.jpg;-
2882;238;OPERATOR;20;44;86;OPERATOR;-;Ebonit;1;;0;0;1;0;64c877ae64556Logo Perumdam.jpg;-
2883;253;OPERATOR;20;44;86;OPERATOR;Vista;Ebonit;3;;0;0;3;0;64c877ae677ffLogo Perumdam.jpg;-
2884;55;OPERATOR;20;44;86;OPERATOR;Canon Mp287;Ebonit;1;;1;0;0;0;64c877ae6a710Logo Perumdam.jpg;-
2885;1033;OPERATOR;20;44;86;OPERATOR;-;Besi;1;;0;0;1;0;64c877ae6d8a5Logo Perumdam.jpg;Kap. 45 Liter
2886;72;OPERATOR;20;44;86;OPERATOR;-;Plastik;1;;0;0;1;0;64c877ae7036eLogo Perumdam.jpg;-
2887;1034;OPERATOR;20;44;86;OPERATOR;Eutech;Ebonit;1;;1;0;0;0;64c877ae72fa8Logo Perumdam.jpg;Baru
2888;623;OPERATOR;20;44;86;OPERATOR;Lutron TU-2016;Ebonit;1;;1;0;0;0;64c877ae75301Logo Perumdam.jpg;Baru
2889;498;OPERATOR;20;49;117;OPERATOR;POMPA CELUP/TSURUMI 2;Besi;1;;1;0;0;0;64c877b8c5e00WhatsApp Image 2023-07-20 at 10.33.55.jpeg;-
2890;241;OPERATOR;20;49;117;OPERATOR;PORTABLE;Besi;1;;1;0;0;0;64c877b8cc7e0WhatsApp Image 2023-07-20 at 10.33.55.jpeg;-
2891;871;OPERATOR;20;49;117;OPERATOR;-;Besi;2;;1;0;1;0;64c8784d858f2WhatsApp Image 2023-07-20 at 10.33.55.jpeg;500 DAN 300 MM
2892;0;0;20;49;117;LAB MINI;0;0;0;0;0;0;0;0;0;0
2893;0;LAB MINI;20;49;117;LAB MINI;0;0;0;0;0;0;0;0;0;0
2894;324;POMPA;20;74;79;Ruang Operator Dan Lab Mini;ABB MOTORS 90 KW;Besi;1;;0;0;1;0;64c8791029f5elogo PDAM.jpeg;pompa no. 2
2895;830;OPERATOR;20;77;86;OPERATOR;Saga;Ebonit;2;;0;2;0;0;64c879102e643Logo Perumdam.jpg;-
2896;498;POMPA;20;74;79;Ruang Operator Dan Lab Mini;GRUNDFOS SERI 1619/A25;Besi;1;;1;0;0;0;64c87910327f9logo PDAM.jpeg;pompa no. 5
2897;253;OPERATOR;20;77;86;OPERATOR;Chitose;Ebonit;2;;0;0;2;0;64c87910344baLogo Perumdam.jpg;-
2898;324;POMPA;20;74;79;Ruang Operator Dan Lab Mini;MEZ FRENSTAT TYPE F280504 75 KW;Besi;1;;0;0;0;0;64c8791036d90logo PDAM.jpeg;pompa no. 5
2899;173;OPERATOR;20;77;86;OPERATOR;Uchida;Ebonit;1;;1;0;0;0;64c8791037793Logo Perumdam.jpg;MD-04 Pas
2900;975;POMPA;20;74;79;Ruang Operator Dan Lab Mini;-;Besi;1;;1;0;0;0;64c87910398dalogo PDAM.jpeg;pompa no.5
2901;240;OPERATOR;20;77;86;OPERATOR;Maspion;Ebonit;1;;0;0;1;0;64c879103a963Logo Perumdam.jpg;Putih
2902;498;POMPA;20;74;79;Ruang Operator Dan Lab Mini;TORISHIMA TYPE TG-SPV 55013;Besi;1;;1;0;0;0;64c879103c502logo PDAM.jpeg;POMPA no. 4
2903;237;OPERATOR;20;77;86;OPERATOR;Sekay;Ebonit;1;;1;0;0;0;64c879103cf6bLogo Perumdam.jpg;Hitam
2904;324;POMPA;20;74;79;Ruang Operator Dan Lab Mini;ALSTOM 75 KW ;Besi;1;;1;0;0;0;64c879103f681logo PDAM.jpeg;pompa no. 4
2905;578;OPERATOR;20;77;86;OPERATOR;-;Besi;1;;0;0;1;0;64c8791040159Logo Perumdam.jpg;-
2906;975;POMPA;20;74;79;Ruang Operator Dan Lab Mini;EPE;Besi;1;;0;1;0;0;64c879104295dlogo PDAM.jpeg;pompa no. 4
2907;498;POMPA;20;74;79;Ruang Operator Dan Lab Mini;WPIL INDIA;Besi;1;;1;0;0;0;64c8791047138logo PDAM.jpeg;pompa no.3
2908;324;POMPA;20;74;79;Ruang Operator Dan Lab Mini;ALSTOM 75 KW;Besi;1;;1;0;0;0;64c879104a1a5logo PDAM.jpeg;pompa no. 3
2909;975;POMPA;20;74;79;Ruang Operator Dan Lab Mini;-;Besi;1;;1;0;0;0;64c879104d536logo PDAM.jpeg;pompa no. 3
2910;498;POMPA;20;74;79;Ruang Operator Dan Lab Mini;ABB MOTORS;Besi;1;;0;0;1;0;64c879104f462logo PDAM.jpeg;pompa no. 2
2911;830;OPERATOR;20;45;89;OPERATOR;SAGA;Ebonit;1;;0;1;0;0;64c879276c1a8Logo Perumdam.jpg;-
2912;253;OPERATOR;20;45;89;OPERATOR;CHITOS;Ebonit;2;;1;1;0;0;64c8792771d5aLogo Perumdam.jpg;-
2913;827;OPERATOR;20;45;89;OPERATOR;FANTASI;Ebonit;2;;0;0;2;0;64c87927784ebLogo Perumdam.jpg;-
2914;178;OPERATOR;20;45;89;OPERATOR;BROTHER;Besi;1;;1;0;0;0;64c879277df05Logo Perumdam.jpg;4 PINTU
2915;173;OPERATOR;20;45;89;OPERATOR;UCHIDA MD-03 PAS;Ebonit;1;;1;0;0;0;64c8792783ad1Logo Perumdam.jpg;-
2916;578;OPERATOR;20;45;89;OPERATOR;PROTECT;Besi;1;;0;1;0;0;64c87927899e2Logo Perumdam.jpg;-
2917;174;OPERATOR;20;45;89;OPERATOR;SIEMENS MAG5000;Ebonit;1;;1;0;0;0;64c879279d443Logo Perumdam.jpg;AIR BAKU
2918;830;LAB MINI;20;49;117;LAB MINI;-;Ebonit;1;;1;0;0;0;64c8793660ad3WhatsApp Image 2023-07-20 at 10.33.55.jpeg;-
2919;254;LAB MINI;20;49;117;LAB MINI;POLARIS/FANTONI;Ebonit;3;;1;2;0;0;64c8793666c62WhatsApp Image 2023-07-20 at 10.33.55.jpeg;-
2920;1049;LAB MINI;20;49;117;LAB MINI;-;Besi;1;;1;0;0;0;64c879b8c96fdWhatsApp Image 2023-07-20 at 10.33.55.jpeg;-
2921;1154;LAB MINI;20;49;117;LAB MINI;VELP SCIENTIFICE JLT 6;Besi;1;;1;0;0;0;64c879b8d10f1WhatsApp Image 2023-07-20 at 10.33.55.jpeg;-
2922;841;LAB MINI;20;49;117;LAB MINI;LOVI BAND 2000T+;Ebonit;1;;1;0;0;0;64c87a1922619WhatsApp Image 2023-07-20 at 10.33.55.jpeg;-
2923;126;LAB MINI;20;49;117;LAB MINI;PANASONIC CS KC9 MKJ;Ebonit;1;;1;0;0;0;64c87a192605fWhatsApp Image 2023-07-20 at 10.33.55.jpeg;-
2924;217;LAB MINI;20;49;117;LAB MINI;CASIO DJ 240;Ebonit;1;;1;0;0;0;64c87a3c617a2WhatsApp Image 2023-07-20 at 10.33.55.jpeg;-
2925;217;OPERATOR;20;52;92;OPERATOR;CASIO DJ-120D Plus;Plastik;1;;1;0;0;0;64c87a94003caLOGO.jpeg;-
2926;217;OPERATOR;20;52;92;OPERATOR;CASIO DJ-120TG;Plastik;1;;0;1;0;0;64c87a9405f67LOGO.jpeg;-
2927;0;0;20;49;117;GENSET;0;0;0;0;0;0;0;0;0;0
2928;0;GENSET;20;49;117;GENSET;0;0;0;0;0;0;0;0;0;0
2929;127;OPERATOR;20;52;92;OPERATOR;PANASONIC CS PN18SKP ;Ebonit;1;;1;0;0;0;64c87b04010dfLOGO.jpeg;-
2930;536;OPERATOR;20;52;92;OPERATOR;ANGEL-5;Ebonit;1;;0;1;0;0;64c87b0407398LOGO.jpeg;-
2931;368;POMPA;20;74;79;Ruang Operator Dan Lab Mini;MERLIN GERIN;Besi;1;;1;0;0;0;64c87b045740elogo PDAM.jpeg;"PANEL KAPASITOR VARLOGIC 		
"
2932;622;POMPA;20;74;79;Ruang Operator Dan Lab Mini;TRAFINDO SERI 0830614 (315 KVA);Besi;1;;1;0;0;0;64c87b045ebealogo PDAM.jpeg;-
2933;440;POMPA;20;74;79;Ruang Operator Dan Lab Mini;B&D (IEC.7G/SPLN 50.97 STD);Besi;1;;1;0;0;0;64c87b046567clogo PDAM.jpeg;luar gedung pompa
2934;513;POMPA;20;74;79;Ruang Operator Dan Lab Mini;-;Besi;2;;0;0;2;0;64c87b046a9bclogo PDAM.jpeg;luar gedung pompa
2935;659;POMPA;20;74;79;Ruang Operator Dan Lab Mini;"LINFLO 2""";Besi;1;;1;0;0;0;64c87b047179clogo PDAM.jpeg;luar gedung pompa
2936;187;POMPA;20;74;79;Ruang Operator Dan Lab Mini;ARMFLEX DN.300;Karet;1;;1;0;0;0;64c87b0476122logo PDAM.jpeg;
2937;154;POMPA;20;74;79;Ruang Operator Dan Lab Mini;DN.300;Besi;3;;3;0;0;0;64c87b0478318logo PDAM.jpeg;
2938;187;POMPA;20;74;79;Ruang Operator Dan Lab Mini;TOZEN N.300;Karet;1;;1;0;0;0;64c87b047b086logo PDAM.jpeg;
2939;154;POMPA;20;74;79;Ruang Operator Dan Lab Mini; DN.200;Besi;1;;1;0;0;0;64c87b047d831logo PDAM.jpeg;pompa no.5
2940;630;POMPA;20;74;79;Ruang Operator Dan Lab Mini;TOZEN DN.200;Besi;1;;1;0;0;0;64c87b048036alogo PDAM.jpeg;pompa no.5
2941;185;POMPA;20;74;79;Ruang Operator Dan Lab Mini; DN.200;Karet;1;;0;1;0;0;64c87b0483110logo PDAM.jpeg;pompa no.5
2942;269;POMPA;20;74;79;Ruang Operator Dan Lab Mini;PHILIPS;Besi;1;;1;0;0;0;64c87b0485cf3logo PDAM.jpeg;
2943;656;POMPA;20;74;79;Ruang Operator Dan Lab Mini;EPE;Besi;1;;0;0;1;0;64c87b0488aa9logo PDAM.jpeg;
2944;0;OPERATOR;20;74;79;Ruang Operator Dan Lab Mini;0;0;0;0;0;0;0;0;0;0
2945;480;ASISTEN MANAGER;20;44;86;ASISTEN MANAGER;Simbadda;Ebonit;1;;1;0;0;0;64c87b2b8c848Logo Perumdam.jpg;-
2946;433;GENSET;20;49;117;GENSET;PANEL PLN INCOMING OUT GOING/ PANEL INDO MAS;Plastik;1;;1;0;0;0;64c87b83b3d41WhatsApp Image 2023-07-20 at 10.33.55.jpeg;-
2947;622;GENSET;20;49;117;GENSET;UNINDO NO.SERI 82123 8005 KVA;Besi;1;;1;0;0;0;64c87b83da9b4WhatsApp Image 2023-07-20 at 10.33.55.jpeg;-
2948;238;OPERATOR;20;52;92;OPERATOR;PANASONIC;Ebonit;1;;0;1;0;0;64c87b8673aa1LOGO.jpeg;-
2949;254;OPERATOR;20;52;92;OPERATOR;FANTONI;Ebonit;2;;2;0;0;0;64c87b8679945LOGO.jpeg;-
2950;830;OPERATOR;20;74;79;Ruang Operator Dan Lab Mini;SAGA;Ebonit;1;;0;1;0;0;64c87b97bfbc2logo PDAM.jpeg;-
2951;627;OPERATOR;20;74;79;Ruang Operator Dan Lab Mini;Sharp;Ebonit;1;;0;1;0;0;64c87b97ccc33logo PDAM.jpeg;
2952;253;OPERATOR;20;74;79;Ruang Operator Dan Lab Mini;-;Ebonit;1;;0;1;0;0;64c87b97cfc63logo PDAM.jpeg;-
2953;172;GENSET;20;49;117;GENSET;FG WILSON P800P1;Besi;1;;1;0;0;0;64c87c1497e6dWhatsApp Image 2023-07-20 at 10.33.55.jpeg;-
2954;1029;GENSET;20;49;117;GENSET;ENGINE GENSET/PERKINS N0.DGD 06 2005 43274 N;Besi;1;;1;0;0;0;64c87c149d32cWhatsApp Image 2023-07-20 at 10.33.55.jpeg;-
2955;174;OPERATOR;20;45;89;OPERATOR;ENDRAS HAUZER;Ebonit;1;;0;0;1;0;64c87c4055e78Logo Perumdam.jpg;AIR BERSIH
2956;146;OPERATOR;20;45;89;OPERATOR;PYREX;Kaca;1;;1;0;0;0;64c87c407a5d3Logo Perumdam.jpg;-
2957;238;OPERATOR;20;45;89;OPERATOR;PANASONIC;Besi;1;;0;0;1;0;64c87c407f5e4Logo Perumdam.jpg;-
2958;502;OPERATOR;20;45;89;OPERATOR;ROBIN;Besi;1;;1;0;0;0;64c87c4084ba9Logo Perumdam.jpg;-
2959;1164;OPERATOR;20;45;89;OPERATOR;Thermo Scientific EUTECH pH 6+;Ebonit;1;;1;0;0;0;64c87c4089c2fLogo Perumdam.jpg;-
2960;623;OPERATOR;20;45;89;OPERATOR;LUTRON TU-2016;Ebonit;1;;1;0;0;0;64c87c408f29cLogo Perumdam.jpg;-
2961;660;OPERATOR;20;45;89;OPERATOR;EUROMAG MC 406;Ebonit;1;;1;0;0;0;64c87c4093648Logo Perumdam.jpg;AIR BAKU
2962;1154;OPERATOR;20;45;89;OPERATOR;VELP JLT 6;Ebonit;1;;1;0;0;0;64c87c4097ffbLogo Perumdam.jpg;-
2963;130;GENSET;20;49;117;GENSET;AKI N 120 A / GS PREMIUM N 120 A;Ebonit;2;;2;0;0;0;64c87c8352908WhatsApp Image 2023-07-20 at 10.33.55.jpeg;-
2964;578;GENSET;20;49;117;GENSET;TABUNG PEMADAM 4,5 KG/KIDDE;Besi;1;;1;0;0;0;64c87c8359fe2WhatsApp Image 2023-07-20 at 10.33.55.jpeg;-
2965;0;0;20;45;89;PBK;0;0;0;0;0;0;0;0;0;0
2966;0;PBK;20;45;89;PBK;0;0;0;0;0;0;0;0;0;0
2967;244;OPERATOR;20;52;92;OPERATOR;-;Plastik;1;;1;0;0;0;64c87cb60549dLOGO.jpeg;-
2968;356;OPERATOR;20;52;92;OPERATOR;150 kVA 380V;Besi;1;;1;0;0;0;64c87cb60ae00LOGO.jpeg;-
2969;253;OPERATOR;20;52;92;OPERATOR;CHITOS;Ebonit;4;;4;0;0;0;64c87cb61029cLOGO.jpeg;-
2970;578;OPERATOR;20;52;92;OPERATOR;SAFNI FIRE 3,2 KG;Besi;1;;0;1;0;0;64c87cb615f3fLOGO.jpeg;-
2971;1049;OPERATOR;20;52;92;OPERATOR;BROTHER;Besi;1;;0;1;0;0;64c87cb61d3f5LOGO.jpeg;-
2972;515;GENSET;20;49;117;GENSET;-;Besi;1;;1;0;0;0;64c87d059fe21WhatsApp Image 2023-07-20 at 10.33.55.jpeg;-
2973;614;GENSET;20;49;117;GENSET;10.000 L ;Besi;1;;1;0;0;0;64c87d05aadc0WhatsApp Image 2023-07-20 at 10.33.55.jpeg;-
2974;1042;GENSET;20;49;117;GENSET;-;Besi;1;;1;0;0;0;64c87d4f033f8WhatsApp Image 2023-07-20 at 10.33.55.jpeg;DI GEDUNG LAB
2975;516;OPERATOR;20;52;92;OPERATOR;-;Besi;1;;1;0;0;0;64c87da6d59bcLOGO.jpeg;-
2976;441;OPERATOR;20;52;92;OPERATOR;ICA CE 1200;Ebonit;1;;1;0;0;0;64c87da6dc779LOGO.jpeg;-
2977;55;OPERATOR;20;52;92;OPERATOR;EPSON L4150;Ebonit;1;;1;0;0;0;64c87da6e27d7LOGO.jpeg;-
2978;482;OPERATOR;20;52;92;OPERATOR;SIMBADDA i3, 1 TB, 4 GB;Ebonit;1;;1;0;0;0;64c87da704dbfLOGO.jpeg;-
2979;173;OPERATOR;20;52;92;OPERATOR;MIYAKO;Ebonit;1;;1;0;0;0;64c87da70abc8LOGO.jpeg;-
2980;1184;OPERATOR;20;49;117;OPERATOR;-;Ebonit;2;;2;0;0;0;64c87ddd8525eWhatsApp Image 2023-07-20 at 10.33.55.jpeg;-
2981;1183;OPERATOR;20;49;117;OPERATOR;SANWEI;Ebonit;1;;1;0;0;0;64c87ddd87f55WhatsApp Image 2023-07-20 at 10.33.55.jpeg;
2982;828;OPERATOR;20;75;115;OPERATOR;UCHIDA MD-03 PAS;Ebonit;1;;1;0;0;0;64c87e3813b3flogo PDAM.jpeg;
2983;362;OPERATOR;20;75;115;OPERATOR;SCHNEIDER;Besi;1;;1;0;0;0;64c87e381a273logo PDAM.jpeg;
2984;445;OPERATOR;20;75;115;OPERATOR;-;Besi;1;;0;0;0;0;64c87e381fe36logo PDAM.jpeg;
2985;130;OPERATOR;20;75;115;OPERATOR;GS PREMIUM 12 V 120 A;Besi;1;;0;0;1;0;64c87e3824239logo PDAM.jpeg;
2986;130;OPERATOR;20;75;115;OPERATOR;YUASA N 120 120 A 12 V;Besi;2;;0;2;0;0;64c87e3828c77logo PDAM.jpeg;
2987;829;OPERATOR;20;75;115;OPERATOR;LG;Ebonit;1;;0;1;0;0;64c87e382ff4dlogo PDAM.jpeg;
2988;177;OPERATOR;20;75;115;OPERATOR;-;Besi;2;;2;0;0;0;64c87e3835d80logo PDAM.jpeg;
2989;445;OPERATOR;20;75;115;OPERATOR;-;Besi;1;;1;0;0;0;64c87e383c128logo PDAM.jpeg;
2990;975;OPERATOR;20;75;115;OPERATOR;-;Besi;4;;4;0;0;0;64c87e3842ee7logo PDAM.jpeg;
2991;127;OPERATOR;20;75;115;OPERATOR;SHARP CS-PC9QKJ;Ebonit;2;;2;0;0;0;64c87e3848c79logo PDAM.jpeg;
2992;281;OPERATOR;20;75;115;OPERATOR;BROTHER;Besi;1;;1;0;0;0;64c87e384ec2dlogo PDAM.jpeg;
2993;1047;OPERATOR;20;75;115;OPERATOR;TIGER & BROTHER;Ebonit;2;;1;0;1;0;64c87e3854993logo PDAM.jpeg;
2994;830;OPERATOR;20;75;115;OPERATOR;ACTIVE;Ebonit;2;;1;0;1;0;64c87e385a2a0logo PDAM.jpeg;
2995;0;0;20;44;86;Rumah Pompa;0;0;0;0;0;0;0;0;0;0
2996;0;POMPA;20;75;115;OPERATOR;0;0;0;0;0;0;0;0;0;0
2997;0;GARDU;20;75;115;OPERATOR;0;0;0;0;0;0;0;0;0;0
2998;520;PBK;20;45;89;PBK;NOCCHI MCX 200/25;Besi;1;;0;1;0;0;64c87e9d279c6Logo Perumdam.jpg;-
2999;72;PBK;20;45;89;PBK;GRAND;PVC;4;;3;0;1;0;64c87e9d2d8bcLogo Perumdam.jpg;WTP
3000;0;0;20;52;92;Rumah Pompa Dist.;0;0;0;0;0;0;0;0;0;0
3001;0;POMPA DISTRIBUSI;20;44;86;Rumah Pompa;0;0;0;0;0;0;0;0;0;0
3002;0;0;20;49;117;PBK;0;0;0;0;0;0;0;0;0;0
3003;0;PBK;20;49;117;PBK;0;0;0;0;0;0;0;0;0;0
3004;0;0;20;45;89;Pos Scurity;0;0;0;0;0;0;0;0;0;0
3005;0;POS SECURITY;20;45;89;Pos Scurity;0;0;0;0;0;0;0;0;0;0
3006;0;0;20;49;117;RUANG SYPHON;0;0;0;0;0;0;0;0;0;0
3007;151;PBK;20;49;117;PBK;STAHL 3,2 TON;Besi;1;;1;0;0;0;64c8802917857WhatsApp Image 2023-07-20 at 10.33.55.jpeg;CHLOR
3008;201;PBK;20;49;117;PBK;ARTCO;Besi;1;;1;0;0;0;64c880291d493WhatsApp Image 2023-07-20 at 10.33.55.jpeg;-
3009;416;PBK;20;49;117;PBK;-;Alumunium;1;;1;0;0;0;64c8808c41115WhatsApp Image 2023-07-20 at 10.33.55.jpeg;-
3010;151;PBK;20;49;117;PBK;STAHL 5 TON ;Besi;1;;1;0;0;0;64c8808c4603dWhatsApp Image 2023-07-20 at 10.33.55.jpeg;-
3011;498;POMPA;20;75;115;OPERATOR;TORISHIMAGUNA;Besi;1;;1;0;0;0;64c880bc28aa8logo PDAM.jpeg;"POMPA NO 1 TYPE TG BHL-400
"
3012;268;POMPA;20;75;115;OPERATOR;PHILIPS;Besi;4;;4;0;0;0;64c880bc2eaa1logo PDAM.jpeg;
3013;151;POMPA;20;75;115;OPERATOR;SAMSUNG;Besi;1;;1;0;0;0;64c880bc33abclogo PDAM.jpeg;
3014;154;POMPA;20;75;115;OPERATOR;KSB DN.350;Besi;2;;1;0;1;0;64c880bc3b13clogo PDAM.jpeg;no 3&5
3015;154;POMPA;20;75;115;OPERATOR;SCI THAYLAND DN.350;Besi;2;;2;0;0;0;64c880bc402delogo PDAM.jpeg;no. 1&2
3016;187;POMPA;20;75;115;OPERATOR;ARMFLEX DN 350;Karet;5;;5;0;0;0;64c880bc45882logo PDAM.jpeg;flexyble pompa
3017;324;POMPA;20;75;115;OPERATOR;TECO D315L 200kw;Besi;2;;2;0;0;0;64c880bc4af80logo PDAM.jpeg;no.3&4
3019;324;POMPA;20;75;115;OPERATOR;WAG 200 kw;Besi;2;;2;0;0;0;64c880bc57009logo PDAM.jpeg;no.1& 5
3020;628;POS SECURITY;20;45;89;Pos Scurity;"LG 21""";Ebonit;1;;0;1;0;0;64c8810069524Logo Perumdam.jpg;-
3021;178;POS SECURITY;20;45;89;Pos Scurity;BROTHER;Besi;1;;0;1;0;0;64c8810070823Logo Perumdam.jpg;2 Pintu
3022;295;POS SECURITY;20;45;89;Pos Scurity;-;Ebonit;1;;0;1;0;0;64c88100762ceLogo Perumdam.jpg;-
3023;830;POS SECURITY;20;45;89;Pos Scurity;SAGA;Ebonit;1;;0;1;0;0;64c881007d142Logo Perumdam.jpg;-
3024;445;;20;52;92;Rumah Pompa Dist.;-;Besi;1;;1;0;0;0;64c881203790aLOGO.jpeg;JALUR SAMBUTAN
3025;507;;20;52;92;Rumah Pompa Dist.;GRUNDFOS TYPE NK-40-200/259;Besi;2;;2;0;0;0;64c881203c641LOGO.jpeg;JALUR PULAU ATAS
3026;630;;20;52;92;Rumah Pompa Dist.;BUTTERFLY;Kayu;4;;4;0;0;0;64c8812041d11LOGO.jpeg;VALVE INPUT DAN OUTPUT
3027;324;;20;52;92;Rumah Pompa Dist.;SIEMENS  TYPE ILA2207 37 kW;Besi;3;;2;0;1;0;64c8812047adfLOGO.jpeg;"
MOTOR POMPA TYPE ILA2207 37 KW,JALUR SAMBUTAN"
3028;507;;20;52;92;Rumah Pompa Dist.;GRUNDFOS TYPE CR90-5;Besi;3;;2;0;1;0;64c881204df75LOGO.jpeg;-
3029;465;;20;52;92;Rumah Pompa Dist.;-;Kayu;2;;0;2;0;0;64c88120540a8LOGO.jpeg;-
3030;975;;20;52;92;Rumah Pompa Dist.;-;Besi;1;;1;0;0;0;64c88120587efLOGO.jpeg;-
3031;865;PBK;20;49;117;PBK;PANEL LAMA ;Besi;1;;0;0;1;0;64c8815f56331WhatsApp Image 2023-07-20 at 10.33.55.jpeg;PANEL LAMA 
3032;151;PBK;20;49;117;PBK;STAHL 10 TON;Besi;1;;1;0;0;0;64c8815f5b9e2WhatsApp Image 2023-07-20 at 10.33.55.jpeg;-
3033;151;POMPA DISTRIBUSI;20;44;86;Rumah Pompa;Black Bear 433500;Besi;1;;1;0;0;0;64c882383b008Logo Perumdam.jpg;Bekas Chlor (5 ton)
3034;152;POMPA DISTRIBUSI;20;44;86;Rumah Pompa;-;Besi;1;;0;0;1;0;64c882383de80Logo Perumdam.jpg;-
3035;310;POMPA DISTRIBUSI;20;44;86;Rumah Pompa;Nord;Besi;1;;0;0;1;0;64c8823840eceLogo Perumdam.jpg;-
3036;975;POMPA DISTRIBUSI;20;44;86;Rumah Pompa;-;Besi;2;;1;0;1;0;64c8823843b87Logo Perumdam.jpg;No. 4 Jalur Pattimura
3037;498;POMPA DISTRIBUSI;20;44;86;Rumah Pompa;Grundfos  Model 2RBSKN4-E;Besi;1;;1;0;0;0;64c8823845f19Logo Perumdam.jpg;No. 4 Pattimura
3038;498;POMPA DISTRIBUSI;20;44;86;Rumah Pompa;Elektrim  Type Myso 150 -500;Besi;1;;1;0;0;0;64c8823848b5dLogo Perumdam.jpg;No. 3
3039;324;POMPA DISTRIBUSI;20;44;86;Rumah Pompa;Wilo;Besi;1;;1;0;0;0;64c882384b609Logo Perumdam.jpg;No. 4 75 HP
3040;324;POMPA DISTRIBUSI;20;44;86;Rumah Pompa;Marathon  Type Mart 315S4 110 kW;Besi;1;;1;0;0;0;64c882384e1b2Logo Perumdam.jpg;No. 3
3041;975;POMPA DISTRIBUSI;20;44;86;Rumah Pompa;75 KW;Besi;1;;1;0;0;0;64c8823850e71Logo Perumdam.jpg;No. 1 (Bung Tomo)
3042;975;POMPA DISTRIBUSI;20;44;86;Rumah Pompa;Strahl;Besi;1;;1;0;0;0;64c8823853ef9Logo Perumdam.jpg;No. 2 (Bung Tomo)
3043;865;POMPA DISTRIBUSI;20;44;86;Rumah Pompa;-;Besi;1;;1;0;0;0;64c8823856d03Logo Perumdam.jpg;Back Cash
3044;975;POMPA DISTRIBUSI;20;44;86;Rumah Pompa;-;Besi;1;;1;0;0;0;64c88238599a5Logo Perumdam.jpg;Panel Pompa Cadangan (No. 4)
3045;197;GARDU;20;75;115;OPERATOR;CUMMINS;Besi;1;;1;0;0;0;64c882a836f3elogo PDAM.jpeg;"GENSET MODEL C1400 DS 1256 KVA
"
3046;614;GARDU;20;75;115;OPERATOR;-;Besi;2;;2;0;0;0;64c882a83d4a3logo PDAM.jpeg;luar gedung
3047;630;GARDU;20;75;115;OPERATOR;-;Besi;1;;1;0;0;0;64c882a8448ealogo PDAM.jpeg;"VALVE WASH OUT KECIL DN.200
luar gedung"
3048;630;GARDU;20;75;115;OPERATOR;KSB;Besi;1;;1;0;0;0;64c882a84ab34logo PDAM.jpeg;"VALVE WASH OUT BESAR DN.350
luar gedung"
3049;615;GARDU;20;75;115;OPERATOR;-;Besi;1;;1;0;0;0;64c882a84fb0elogo PDAM.jpeg;luar gedung
3050;622;GARDU;20;75;115;OPERATOR;UNINDO;Besi;1;;1;0;0;0;64c882a855d6dlogo PDAM.jpeg;
3051;362;GARDU;20;75;115;OPERATOR;SCHNEIDER;Besi;1;;1;0;0;0;64c882a85bb95logo PDAM.jpeg;
3052;445;GARDU;20;75;115;OPERATOR;-;Besi;1;;0;0;0;0;64c882a86117alogo PDAM.jpeg;
3053;130;GARDU;20;75;115;OPERATOR;GS PREMIUM;Besi;1;;0;0;1;0;64c882a865707logo PDAM.jpeg;"AKI 12 V 120 A
"
3054;130;GARDU;20;75;115;OPERATOR;YUASA;Besi;2;;0;2;0;0;64c882a86afa3logo PDAM.jpeg;"AKI 115F51-N 120 120 A 12 V
"
3055;310;PBK;20;49;117;PBK;TYPE HOG1 FB 1-6/MOTO;Besi;5;;5;0;0;0;64c882b07fe4aWhatsApp Image 2023-07-20 at 10.33.55.jpeg;-
3056;520;PBK;20;49;117;PBK;POMPA TRANSFER DMH TTO 10/2 BSSN SSKEI/GRUNFOS;Besi;4;;2;0;2;0;64c882b086d6cWhatsApp Image 2023-07-20 at 10.33.55.jpeg;2 PINDAH KE ATAS 
3057;630;POMPA;20;75;115;OPERATOR;KSB,ARITA,GALA DN.350;Besi;5;;5;0;0;0;64c882e3a9ed5logo PDAM.jpeg;no. 1& 5
3058;324;;20;52;92;Rumah Pompa Dist.;ELEKTRIM  TYPE ENT 160NB 15kW;Besi;2;;2;0;0;0;64c8832d8ca33LOGO.jpeg;JALUR PULAU ATAS
3059;498;;20;52;92;Rumah Pompa Dist.;EBARA Pump;Besi;1;;1;0;0;0;64c8832d91f62LOGO.jpeg;BARU
3060;562;;20;52;92;Rumah Pompa Dist.;SIEMENS DN 150 MM;Besi;3;;3;0;0;0;64c8832d98720LOGO.jpeg;-
3061;521;;20;52;92;Rumah Pompa Dist.;GRUNDFOS;Besi;1;;1;0;0;0;64c8832d9ec46LOGO.jpeg;-
3062;324;;20;52;92;Rumah Pompa Dist.;TECO  AEEBKB 28KW/30;Besi;1;;0;0;1;0;64c8832da5f6aLOGO.jpeg;RUSAK
3063;164;;20;52;92;Rumah Pompa Dist.;"FIVALCODN 10""";Besi;2;;2;0;0;0;64c8832dacd12LOGO.jpeg;-
3064;180;;20;52;92;Rumah Pompa Dist.;"TOZEN DN 10""";Besi;2;;2;0;0;0;64c8832db1feeLOGO.jpeg;-
3065;630;;20;52;92;Rumah Pompa Dist.;"HYV DN 14""";Besi;2;;2;0;0;0;64c8832db6df1LOGO.jpeg;VALVE OUTPUT POMPA
3066;0;0;20;52;92;PBK;0;0;0;0;0;0;0;0;0;0
3067;1144;POMPA DISTRIBUSI;20;44;86;Rumah Pompa;-;Besi;1;;1;0;0;0;64c8834f3d8c2Logo Perumdam.jpg;Panel Lampu Taman
3068;505;POMPA DISTRIBUSI;20;44;86;Rumah Pompa;Torishima  TYPE ETA-N 200;Besi;1;;1;0;0;0;64c8834f4318eLogo Perumdam.jpg;-
3069;335;POMPA DISTRIBUSI;20;44;86;Rumah Pompa;Frenzstat 30 kW;Besi;1;;1;0;0;0;64c8834f49254Logo Perumdam.jpg;-
3070;324;POMPA DISTRIBUSI;20;44;86;Rumah Pompa;GAE VDE 0530;Besi;1;;0;0;1;0;64c8834f4f7f1Logo Perumdam.jpg;-
3071;498;POMPA DISTRIBUSI;20;44;86;Rumah Pompa;Grundfos;Besi;1;;0;0;1;0;64c8834f54d54Logo Perumdam.jpg;Rusak
3072;445;POMPA DISTRIBUSI;20;44;86;Rumah Pompa;-;Besi;1;;1;0;0;0;64c8834f5ae3bLogo Perumdam.jpg;Panel Lsitrik Utama
3073;630;PBK;20;49;117;PBK;VALVE BAK PENENANG DN 500 MM/TWW;Besi;1;;1;0;0;0;64c88390297a0WhatsApp Image 2023-07-20 at 10.33.55.jpeg;VALE BAK PENENANG DN 500 MM
3074;310;PBK;20;49;117;PBK;-;Besi;0;;1;0;0;0;64c883902ff40WhatsApp Image 2023-07-20 at 10.33.55.jpeg;-
3075;630;POMPA;20;74;79;Ruang Operator Dan Lab Mini;DN.300;Besi;1;;1;0;0;0;64c883daa7119logo PDAM.jpeg;"valve pipa out let
luar gedung pompa"
3076;630;POMPA;20;74;79;Ruang Operator Dan Lab Mini;ROC DN.150;Besi;3;;3;0;0;0;64c883daad21clogo PDAM.jpeg;"valve pembuangan
luar gedung pompa"
3077;1187;GENSET;20;49;117;GENSET;-;Besi;1;;1;0;0;0;64c883dac59dbWhatsApp Image 2023-07-20 at 10.33.55.jpeg;-
3078;509;;20;52;92;PBK;JESSCOOL;Besi;1;;1;0;0;0;64c8854f74069LOGO.jpeg;NO,1 MERAH
3079;72;;20;52;92;PBK;SINGAPORE 350 L;PVC;1;;1;0;0;0;64c8854f7a078LOGO.jpeg;-
3080;197;;20;52;92;PBK;PERKINS  MDL 1004TGI 60kVA;Besi;1;;1;0;0;0;64c8854f7fe57LOGO.jpeg;-
3081;368;;20;52;92;PBK;SCHNEIDER;Besi;1;;1;0;0;0;64c8854f8541aLOGO.jpeg;-
3082;509;;20;52;92;PBK;SHIMIZU MDL PS121 BIT;Besi;1;;1;0;0;0;64c8854f8aefeLOGO.jpeg;-
3083;314;;20;52;92;PBK;NORD;Besi;2;;1;1;0;0;64c8854f987a5LOGO.jpeg;-
3084;318;;20;52;92;PBK;NORD;Besi;1;;1;0;0;0;64c8854f9b0eeLOGO.jpeg;-
3085;452;;20;52;92;PBK;-;Besi;1;;0;1;0;0;64c8854f9dc86LOGO.jpeg;-
3086;464;;20;52;92;PBK;-;Kayu;1;;0;1;0;0;64c8854fa053dLOGO.jpeg;-
3087;509;;20;52;92;PBK;GRUNDFOS;Besi;1;;0;1;0;0;64c8854fa39d2LOGO.jpeg;NO,2 HIJAU
3088;562;;20;52;92;PBK;SIEMENS;Besi;1;;1;0;0;0;64c88649ea5b8LOGO.jpeg;-
3089;584;;20;52;92;PBK;1200 Liter;Kayu;1;;1;0;0;0;64c88649ed193LOGO.jpeg;-
3090;314;;20;52;92;PBK;Transma X;Besi;1;;1;0;0;0;64c88649efcb6LOGO.jpeg;-
3091;865;;20;52;92;PBK;-;Besi;1;;1;0;0;0;64c88649f2d05LOGO.jpeg;PANEL AMPERE
3092;480;ASISTEN MANAGER;20;45;89;ASISTEN MANAGER;SIMBADDA Corei5;Ebonit;1;;1;0;0;0;64c89cf08070fLogo Perumdam.jpg;-
3093;81;ASISTEN MANAGER;20;45;89;ASISTEN MANAGER;MATSUVIVA MV-2118L;Ebonit;2;;2;0;0;0;64c89cf0856cdLogo Perumdam.jpg;-
3096;0;Ruangan Pendingin;20;75;115;OPERATOR;0;0;0;0;0;0;0;0;0;0
3097;0;0;20;49;117;GARDU;0;0;0;0;0;0;0;0;0;0
3098;0;GARDU;20;49;117;GARDU;0;0;0;0;0;0;0;0;0;0
3099;124;GARDU;20;49;117;GARDU;PANASONIC CS YN 9 RKJ ;Ebonit;2;;2;0;0;0;64c8a13ea9a43WhatsApp Image 2023-07-20 at 10.33.55.jpeg;-
3100;441;GARDU;20;49;117;GARDU;ICA CV 1400;Ebonit;2;;2;0;0;0;64c8a13eac727WhatsApp Image 2023-07-20 at 10.33.55.jpeg;-
3101;364;GARDU;20;49;117;GARDU;PANEL INCOMING -045/MERLIN;Ebonit;2;;2;0;0;0;64c8a19cb1802WhatsApp Image 2023-07-20 at 10.33.55.jpeg;-
3102;622;GARDU;20;49;117;GARDU;-;Besi;1;;1;0;0;0;64c8a19cb741dWhatsApp Image 2023-07-20 at 10.33.55.jpeg;-
3103;498;POMPA DISTRIBUSI;20;44;86;Rumah Pompa;Torishima ETA-N 200;Besi;2;;1;1;0;0;64c8a1f1e50abLogo Perumdam.jpg;No. 1
3104;324;POMPA DISTRIBUSI;20;44;86;Rumah Pompa;Mez LMH 1312 75 kW;Besi;1;;1;0;0;0;64c8a1f1ea997Logo Perumdam.jpg;No. 1
3105;324;POMPA DISTRIBUSI;20;44;86;Rumah Pompa;CNG Australia TYPE SGAT 2805-4;Besi;1;;1;0;0;0;64c8a1f1f1c14Logo Perumdam.jpg;-
3106;132;POMPA DISTRIBUSI;20;44;86;Rumah Pompa;-;Besi;1;;1;0;0;0;64c8a1f2059daLogo Perumdam.jpg;antena internet upw 4
3107;259;POMPA DISTRIBUSI;20;44;86;Rumah Pompa;-;Besi;1;;0;0;1;0;64c8a1f20bab5Logo Perumdam.jpg;4 seat
3108;0;0;20;77;86;Rumah Pompa;0;0;0;0;0;0;0;0;0;0
3109;587;Ruangan Pendingin;20;75;115;OPERATOR;-;Plastik;2;;2;0;0;0;64c8a23a3d4eaLogo PDAM.jpeg;
3110;630;Ruangan Pendingin;20;75;115;OPERATOR;ONDA;Besi;2;;2;0;0;0;64c8a23a435e3Logo PDAM.jpeg;"VALVE PIPA PENDINGIN 2'
"
3111;324;Ruangan Pendingin;20;75;115;OPERATOR;MELCO;Besi;2;;2;0;0;0;64c8a23a497acLogo PDAM.jpeg;"MOTOR POMPA TYPE MMA-112-M-2 4kW
"
3112;498;Ruangan Pendingin;20;75;115;OPERATOR;MODEL 50 X 40 FS HA;Besi;2;;2;0;0;0;64c8a23a4eee4Logo PDAM.jpeg;
3113;975;Ruangan Pendingin;20;75;115;OPERATOR;-;Besi;1;;1;0;0;0;64c8a23a55508Logo PDAM.jpeg;
3114;0;POMPA;20;77;86;Rumah Pompa;0;0;0;0;0;0;0;0;0;0
3115;562;GARDU;20;49;117;GARDU;SENSOR WATER METER AIR BERSIH DN 500MM/SIEMENS;Besi;1;;1;0;0;0;64c8a2712d21bWhatsApp Image 2023-07-20 at 10.33.55.jpeg;SENSOR WATER METER AIR BERSIH DN 500MM/SIEMENS. JALUR KOTA ( CHAMBER )
3116;564;GARDU;20;49;117;GARDU;SIEMENS ;Besi;1;;1;0;0;0;64c8a27133b35WhatsApp Image 2023-07-20 at 10.33.55.jpeg;JALUR PALARAN ( CHAMBER )
3117;0;0;20;49;117;Ruang Pompa;0;0;0;0;0;0;0;0;0;0
3118;0;POMPA;20;49;117;Ruang Pompa;0;0;0;0;0;0;0;0;0;0
3119;975;POMPA;20;49;117;Ruang Pompa;PANEL INDO MAS;Besi;4;;4;0;0;0;64c8a37d61df7WhatsApp Image 2023-07-20 at 10.33.55.jpeg;0
3120;975;POMPA;20;49;117;Ruang Pompa;EMKO ESNA 9930;Plastik;4;;4;0;0;0;64c8a37d68b5bWhatsApp Image 2023-07-20 at 10.33.55.jpeg;-
3121;367;POMPA;20;49;117;Ruang Pompa;PANEL INVENTER 250 KW/ EMKO ESNA 9930;Besi;1;;1;0;0;0;64c8a524611c7WhatsApp Image 2023-07-20 at 10.33.55.jpeg;-
3122;992;POMPA;20;49;117;Ruang Pompa;POMPA DISTRIBUSI NO 2 & 3 / GRUNDFOS TYPE NK 100-400 AL-FB-BAQE;Besi;2;;2;0;0;0;64c8a52466ee1WhatsApp Image 2023-07-20 at 10.33.55.jpeg;-
3123;975;POMPA;20;77;86;Rumah Pompa;AEG;Besi;3;;2;0;1;0;64c8a59453eb0Logo Perumdam.jpg;lama
3124;975;POMPA;20;77;86;Rumah Pompa;-;Besi;3;;0;3;0;0;64c8a59459bbbLogo Perumdam.jpg;No. 1,2,3
3125;498;POMPA;20;77;86;Rumah Pompa;Torishima Type ETA-N 200;Besi;3;;2;1;0;0;64c8a5945f782Logo Perumdam.jpg;No. 1,2,3
3126;498;POMPA;20;77;86;Rumah Pompa;Grundfos Type NK 125-400;Besi;1;;1;0;0;0;64c8a59464d46Logo Perumdam.jpg;No. 4
3127;154;POMPA;20;77;86;Rumah Pompa;Ivalco DN.200;Besi;1;;1;0;0;0;64c8a5946a8e9Logo Perumdam.jpg;Pompa 1 & 3
3128;154;POMPA;20;77;86;Rumah Pompa;Ivalco &Lfis DN.300;Besi;1;;1;0;0;0;64c8a5946eec2Logo Perumdam.jpg;Pompa 2 & 4
3129;630;POMPA;20;77;86;Rumah Pompa;Tozen DN.200;Besi;1;;1;0;0;0;64c8a59475734Logo Perumdam.jpg;Pompa 1 & 3
3130;324;POMPA;20;49;117;Ruang Pompa;MOTOR POMPA 2 & 3 / TECO TYPE AEEBKG040030;Besi;2;;2;0;0;0;64c8a65e7cc3fWhatsApp Image 2023-07-20 at 10.33.55.jpeg;-
3131;507;POMPA;20;49;117;Ruang Pompa;GRUNFODS TYPE HS / 200X150X480/ POMPA DISTRIBUSI 1,5,6;Besi;3;;3;0;0;0;64c8a65e8349bWhatsApp Image 2023-07-20 at 10.33.55.jpeg;POMPA DISTRIBUSI NO 1.5.6
3132;0;0;20;45;89;Rumah Pompa;0;0;0;0;0;0;0;0;0;0
3133;0;POMPA;20;45;89;Rumah Pompa;0;0;0;0;0;0;0;0;0;0
3134;630;POMPA;20;77;86;Rumah Pompa;Kit & Tozen DN.300;Besi;1;;1;0;0;0;64c8a727cf99cLogo Perumdam.jpg;Pompa 2 & 4
3135;324;POMPA;20;77;86;Rumah Pompa;Mez 75kW;Besi;1;;1;0;0;0;64c8a727d2c27Logo Perumdam.jpg;Pompa No. 1
3136;324;POMPA;20;77;86;Rumah Pompa;Teco 75 Kw;Besi;2;;2;0;0;0;64c8a727d575bLogo Perumdam.jpg;Pompa No. 2 & 4
3137;324;POMPA;20;77;86;Rumah Pompa;CMG Australia Type SGAT 280;Besi;1;;1;0;0;0;64c8a727d8c30Logo Perumdam.jpg;Pompa No. 3
3138;270;POMPA;20;77;86;Rumah Pompa;Evaco 30 w;Besi;1;;1;0;0;0;64c8a727db91bLogo Perumdam.jpg;LED
3139;1138;POMPA;20;77;86;Rumah Pompa;-;Besi;1;;1;0;0;0;64c8a727de78dLogo Perumdam.jpg;-
3140;324;POMPA;20;49;117;Ruang Pompa;MOTOR POMPA NO 1,5,6/ TECO TYPE AEEBKO 040335 MIT;Besi;3;;3;0;0;0;64c8a77e42f99WhatsApp Image 2023-07-20 at 10.33.55.jpeg;-
3141;507;POMPA;20;49;117;Ruang Pompa;POMPA DISTRIBUSI NO 4/ GRUNDFOS TYPE HS 300 - 200-480-;Besi;1;;1;0;0;0;64c8a77e49254WhatsApp Image 2023-07-20 at 10.33.55.jpeg;-
3142;310;PBK;20;44;86;PBK;-;Besi;2;;0;2;0;0;64c8a7e8c1541Logo Perumdam.jpg;mixer soda & kaforit
3143;498;PBK;20;44;86;PBK;Shimizu  PS-121 BIT;Besi;2;;0;2;0;0;64c8a7e8c7123Logo Perumdam.jpg;Pompa Transfer Kaporit & Tawas
3144;660;OPERATOR;20;44;86;OPERATOR;Siemens;Ebonit;2;;0;2;0;0;64c8a867be9d7Logo Perumdam.jpg;Display Digital Air Baku & Bersih
3145;534;OPERATOR;20;44;86;OPERATOR;Brother;Besi;1;;0;1;0;0;64c8a867c455eLogo Perumdam.jpg;-
3146;0;SYPHON;20;49;117;RUANG SYPHON;0;0;0;0;0;0;0;0;0;0
3147;324;POMPA;20;49;117;Ruang Pompa;NO 4 250 KW / GRUNDFOS TYPE AEEVKG04 0335 MT;Besi;1;;1;0;0;0;64c8a92797e1dWhatsApp Image 2023-07-20 at 10.33.55.jpeg;-
3148;151;POMPA;20;49;117;Ruang Pompa;STAHL 5 TON ;Besi;1;;1;0;0;0;64c8a9279df7bWhatsApp Image 2023-07-20 at 10.33.55.jpeg;-
3149;990;POMPA;20;45;89;Rumah Pompa;-;Besi;4;;4;0;0;0;64c8a94b65aebLogo Perumdam.jpg;-
3150;578;POMPA;20;45;89;Rumah Pompa;SAFNI FAIR;Besi;1;;0;1;0;0;64c8a94b6cf71Logo Perumdam.jpg;-
3151;622;POMPA;20;45;89;Rumah Pompa;TRAFINDO 120 Kva;Besi;1;;1;0;0;0;64c8a94b72a34Logo Perumdam.jpg;UpGrade Dari 80kVA
3152;465;POMPA;20;45;89;Rumah Pompa;-;Besi;1;;1;0;0;0;64c8a94b7859fLogo Perumdam.jpg;-
3153;443;POMPA;20;49;117;Ruang Pompa;-;Besi;2;;2;0;0;0;64c8a99f1e433WhatsApp Image 2023-07-20 at 10.33.55.jpeg;-
3154;241;POMPA;20;49;117;Ruang Pompa;TYPR 1325-4 5,5 KW/ KRYSBOW ;Besi;1;;1;0;0;0;64c8a99f251ffWhatsApp Image 2023-07-20 at 10.33.55.jpeg;-
3155;241;POMPA;20;49;117;Ruang Pompa;KOMPRESSOR KECIL / KRYSBOW;Besi;1;;1;0;0;0;64c8aa27d442aWhatsApp Image 2023-07-20 at 10.33.55.jpeg;-
3156;657;POMPA;20;49;117;Ruang Pompa;WATER HAMMER 8000 LITER / ALFATANIK SERI 300 / PCP/08;Besi;1;;1;0;0;0;64c8aa27d9c44WhatsApp Image 2023-07-20 at 10.33.55.jpeg;-
3157;657;POMPA;20;49;117;Ruang Pompa;WATER HAMMER 3000 LITER / ALFATANIK SERI 300/PCP/ 08;Besi;1;;1;0;0;0;64c8aa6161367WhatsApp Image 2023-07-20 at 10.33.55.jpeg;-
3158;865;SYPHON;20;49;117;RUANG SYPHON;SDP-FL / PANEL INDO MAS ;Besi;1;;1;0;0;0;64c8ab3878479WhatsApp Image 2023-07-20 at 10.33.55.jpeg;-
3159;458;SYPHON;20;49;117;RUANG SYPHON;PANEL INDO MAS;Besi;2;;2;0;0;0;64c8ab387f437WhatsApp Image 2023-07-20 at 10.33.55.jpeg;-
3160;183;POMPA;20;77;86;Rumah Pompa;Afa / Tozen DN.300;Karet;1;;1;0;0;0;64c8ac087c975Logo Perumdam.jpg;-
3161;181;POMPA;20;77;86;Rumah Pompa;Tozen DN.200;Karet;1;;1;0;0;0;64c8ac0882689Logo Perumdam.jpg;-
3162;865;SYPHON;20;49;117;RUANG SYPHON;PANEL INDO MAS ;Besi;3;;3;0;0;0;64c8ac8a0e970WhatsApp Image 2023-07-20 at 10.33.55.jpeg;PANEL FILTER 1-6 
3163;498;POMPA;20;49;117;Ruang Pompa;POMPA BACK WASH /GRUNDFOD TYPW NK 100-315;Besi;2;;2;0;0;0;64c8ad46634e2WhatsApp Image 2023-07-20 at 10.33.55.jpeg;POMPA BACK WASH 
3164;324;POMPA;20;49;117;Ruang Pompa;MOTOR POMPA BACK WASH 22 KW/ TECO TYPEAEEKG04060 PMTT 45 JW;Besi;2;;2;0;0;0;64c8ad4669320WhatsApp Image 2023-07-20 at 10.33.55.jpeg;MOTOR POMPA BACK WASH 22 KW
3165;241;SYPHON;20;49;117;RUANG SYPHON;MULTIPRO TY[E Y112;Besi;1;;1;0;0;0;64c8adb7248a7WhatsApp Image 2023-07-20 at 10.33.55.jpeg;-
3166;880;SYPHON;20;49;117;RUANG SYPHON;SWAN SDE 04HI;Besi;1;;1;0;0;0;64c8adb727946WhatsApp Image 2023-07-20 at 10.33.55.jpeg;-
3167;1188;POMPA;20;77;86;Rumah Pompa;-;Besi;1;;1;0;0;0;64c8ae844e8e1Logo Perumdam.jpg;-
3168;241;SYPHON;20;49;117;RUANG SYPHON;KRYSBOW TYPE Y112 M-4;Besi;1;;1;0;0;0;64c8aea5aa91bWhatsApp Image 2023-07-20 at 10.33.55.jpeg;-
3169;865;SYPHON;20;49;117;RUANG SYPHON;PANEL BLOWER/ PANEL INDO MAS P- BWR 1-15 KW;Besi;2;;2;0;0;0;64c8aea5b0275WhatsApp Image 2023-07-20 at 10.33.55.jpeg;PANEL BLOWER
3170;1189;POMPA;20;77;86;Rumah Pompa;Socomec CD.030 A;Besi;1;;1;0;0;0;64c8aeb772d2eLogo Perumdam.jpg;Saklar Utama PLN
3172;497;SYPHON;20;49;117;RUANG SYPHON;FESTO;Besi;6;;6;0;0;0;64c8aff9ab12fWhatsApp Image 2023-07-20 at 10.33.55.jpeg;BACK WASH OUT FILTER 
3173;497;SYPHON;20;49;117;RUANG SYPHON;FESTO;Besi;6;;6;0;0;0;64c8aff9b0c16WhatsApp Image 2023-07-20 at 10.33.55.jpeg;INLET FILTER 
3174;497;SYPHON;20;49;117;RUANG SYPHON;FESTO;Besi;6;;6;0;0;0;64c8b04aed9c6WhatsApp Image 2023-07-20 at 10.33.55.jpeg;DRAIN
3175;497;SYPHON;20;49;117;RUANG SYPHON;FESTO;Besi;6;;6;0;0;0;64c8b04af369dWhatsApp Image 2023-07-20 at 10.33.55.jpeg;BLOWER
3176;497;SYPHON;20;49;117;RUANG SYPHON;FESTO;Besi;6;;6;0;0;0;64c8b0677ba5cWhatsApp Image 2023-07-20 at 10.33.55.jpeg;-
3178;519;PBK;20;45;89;PBK;SHIMIZU PS-121 BIT;Besi;1;;1;0;0;0;64c92889f06acLogo Perumdam.jpg;-
3179;1190;PBK;20;45;89;PBK;GRUNDFOS CRN5-5;Besi;1;;0;1;0;0;64c9288a024a1Logo Perumdam.jpg;-
3180;311;PBK;20;45;89;PBK;-;Besi;3;;0;3;0;0;64c9288a09b2eLogo Perumdam.jpg;MIXER KAPORIT, SODA ASH, TAWAS
3181;311;PBK;20;45;89;PBK;-;Besi;1;;0;0;1;0;64c92983b01b2Logo Perumdam.jpg;WTP
3182;543;PBK;20;45;89;PBK;-;Besi;1;;0;0;1;0;64c92983b75c7Logo Perumdam.jpg;RESSERVOIR
3183;584;PBK;20;45;89;PBK;GRAND/600L;PVC;2;;2;0;0;0;64c92983bd8bcLogo Perumdam.jpg;RESSERVOIR
3184;0;0;20;45;89;INTAKE;0;0;0;0;0;0;0;0;0;0
3185;0;INTAKE;20;45;89;INTAKE;0;0;0;0;0;0;0;0;0;0
3186;446;INTAKE;20;45;89;INTAKE;-;Besi;1;;1;0;0;0;64c92ab839ecaLogo Perumdam.jpg;-
3187;324;INTAKE;20;45;89;INTAKE;FRENSTAT 37kW;Besi;2;;2;0;0;0;64c92ab8406ffLogo Perumdam.jpg;-
3188;498;INTAKE;20;45;89;INTAKE;TORISHIMA PUMP CER 125-400;Besi;2;;2;0;0;0;64c92ab8472c9Logo Perumdam.jpg;-
3189;458;INTAKE;20;45;89;INTAKE;-;Besi;1;;1;0;0;0;64c92ab84da35Logo Perumdam.jpg;-
3190;865;POMPA DISTRIBUSI;20;44;86;Rumah Pompa;-;Besi;1;;1;0;0;0;64c99bff89395Logo Perumdam.jpg;-
3191;1165;OPERATOR;20;45;89;OPERATOR;LUTRON CL-2006;Ebonit;1;;1;0;0;0;64c99d81a7c0fLogo Perumdam.jpg;-
3192;166;OPERATOR;20;45;89;OPERATOR;LOVIBAND 2000+;Ebonit;1;;1;0;0;0;64c99d946bc56Logo Perumdam.jpg;-
3193;498;POMPA;20;45;89;Rumah Pompa;TORISHIMA MMK-125/3;Besi;1;;1;0;0;0;64c99ee851386Logo Perumdam.jpg;No.1
3194;324;POMPA;20;45;89;Rumah Pompa;FRENSTAT 30kW;Besi;1;;1;0;0;0;64c99ee8576aeLogo Perumdam.jpg;No.1
3195;498;POMPA;20;45;89;Rumah Pompa;TORISHIMA CER 65;Besi;2;;2;0;0;0;64c99ee85cf7fLogo Perumdam.jpg;N0.2 & No.4
3196;324;POMPA;20;45;89;Rumah Pompa;MEZ 21,3 Kw;Besi;1;;1;0;0;0;64c99ee862de5Logo Perumdam.jpg;N0.2
3197;324;POMPA;20;45;89;Rumah Pompa;TECO AEEBKB 15kW;Besi;1;;1;0;0;0;64c99fbdc28c5Logo Perumdam.jpg;N0.4
3198;498;POMPA;20;45;89;Rumah Pompa;AJAX-ELITE;Besi;1;;1;0;0;0;64c99fbdc82eaLogo Perumdam.jpg;No.3
3199;324;POMPA;20;45;89;Rumah Pompa;MEZ TYPE C160 11kW;Besi;1;;1;0;0;0;64c99fbdce5cfLogo Perumdam.jpg;No.3
3200;498;POMPA;20;45;89;Rumah Pompa;WILO NL40/200-44;Besi;1;;1;0;0;0;64c99fbdd4ccbLogo Perumdam.jpg;No.5
3201;324;POMPA;20;45;89;Rumah Pompa;CMG SGAT 160kW;Besi;1;;1;0;0;0;64c9a0a0a297dLogo Perumdam.jpg;N0.5
3202;324;POMPA;20;45;89;Rumah Pompa;FRENSTAT 37kW;Besi;2;;2;0;0;0;64c9a0a0a897cLogo Perumdam.jpg;Motor Pompa Intake
3203;498;POMPA;20;45;89;Rumah Pompa;TORISHIMA PUMP CER 125-400;Besi;2;;2;0;0;0;64c9a0a0ae736Logo Perumdam.jpg;Pompa Intake
3204;975;INTAKE;20;45;89;INTAKE;-;Besi;1;;1;0;0;0;64c9a55051cfcLogo Perumdam.jpg;No.1
3205;975;INTAKE;20;45;89;INTAKE;-;Besi;1;;1;0;0;0;64c9a5505837dLogo Perumdam.jpg;No.2
3206;472;POMPA;20;45;89;Rumah Pompa;-;Besi;2;;2;0;0;0;64c9a5dc4631fLogo Perumdam.jpg;-
3207;0;0;20;44;86;IPA;0;0;0;0;0;0;0;0;0;0
3208;0;HALAMAN;20;44;86;IPA;0;0;0;0;0;0;0;0;0;0
3209;72;HALAMAN;20;44;86;IPA;Grand 1200 L;Besi;2;;0;2;0;0;64c9d72358705Logo Perumdam.jpg;WTP
3210;975;HALAMAN;20;44;86;IPA;Panel Pompa Pembuangan Lagon;Besi;3;;0;3;0;0;64c9d7235e645Logo Perumdam.jpg;Lagon
3211;;HALAMAN;20;44;86;IPA;;Kayu;0;;0;0;0;0;64c9d72363be1Logo Perumdam.jpg;
3212;516;HALAMAN;20;44;86;IPA;Pompa Submersible Lagon;Besi;1;;0;1;0;0;64c9d7236aaa9Logo Perumdam.jpg;Lagon
3213;237;HALAMAN;20;44;86;IPA;Sekai;Besi;1;;0;1;0;0;64c9d723701a4Logo Perumdam.jpg;Musholla Lama
3214;238;HALAMAN;20;44;86;IPA;Sekai;Besi;1;;0;0;1;0;64c9d72375ee9Logo Perumdam.jpg;Musholla Lama
3215;1192;HALAMAN;20;44;86;IPA;Siemens DN.300;Fiber;2;;0;2;0;0;64c9d992efbb0Logo Perumdam.jpg;Chamber Air Bersih
3216;126;HALAMAN;20;44;86;IPA;LG;Ebonit;1;;0;0;1;0;64c9d99301567Logo Perumdam.jpg;Musholla Baru
3217;975;HALAMAN;20;44;86;IPA;Panel Pompa Submersible;Besi;1;;0;1;0;0;64c9d99306afeLogo Perumdam.jpg;Koagulator
3218;1154;HALAMAN;20;44;86;IPA;Velp Scientific V6F;Besi;1;;0;0;1;0;64c9d993287c2Logo Perumdam.jpg;Koagulator
3219;516;HALAMAN;20;44;86;IPA;-;Besi;1;;1;0;0;0;64c9d9932efc5Logo Perumdam.jpg;Sedimen
3220;72;HALAMAN;20;44;86;IPA;Grand 1200 L;PVC;1;;1;0;0;0;64c9d9933500bLogo Perumdam.jpg;Koagulator
3221;1033;HALAMAN;20;44;86;IPA;-;PVC;2;;2;0;0;0;64c9db0aee1edLogo Perumdam.jpg;Koagulator
3222;1191;SYPHON;20;49;117;RUANG SYPHON;DAYA PERWATEK 034/DDT/11 2037 1000L;Besi;1;;1;0;0;0;64c9f1345d7e4WhatsApp Image 2023-07-20 at 10.33.55.jpeg;-
3223;498;SYPHON;20;49;117;RUANG SYPHON;POMPA BLOWER;Besi;2;;2;0;0;0;64c9f13463660WhatsApp Image 2023-07-20 at 10.33.55.jpeg;-
3224;0;0;20;49;117;INTAKE;0;0;0;0;0;0;0;0;0;0
3225;0;INTAKE;20;49;117;INTAKE;0;0;0;0;0;0;0;0;0;0
3226;657;INTAKE;20;49;117;INTAKE;PANEL INDO MAS 12000L;Besi;1;;1;0;0;0;64c9f2105a647WhatsApp Image 2023-07-20 at 10.33.55.jpeg;-
3227;975;INTAKE;20;49;117;INTAKE;PANEL INDO MAS NO 1-3 110 KW;Besi;3;;3;0;0;0;64c9f2105fbb6WhatsApp Image 2023-07-20 at 10.33.55.jpeg;-
3228;975;INTAKE;20;49;117;INTAKE;PANEL INDO MAS/ NO 4 185 KW;Besi;1;;1;0;0;0;64c9f293e91bcWhatsApp Image 2023-07-20 at 10.33.55.jpeg;-
3229;498;INTAKE;20;49;117;INTAKE;ELECTRIM TYPE S9 315 S-4/NO 1-3;Besi;3;;3;0;0;0;64c9f293ef3f3WhatsApp Image 2023-07-20 at 10.33.55.jpeg;NO 1-3
3230;443;INTAKE;20;49;117;INTAKE;-;Besi;1;;1;0;0;0;64c9f2d8c4b44WhatsApp Image 2023-07-20 at 10.33.55.jpeg;-
3231;241;INTAKE;20;49;117;INTAKE;KRIDBOW TYPE Y112 M - 4 KW;Besi;1;;1;0;0;0;64c9f2d8caa3fWhatsApp Image 2023-07-20 at 10.33.55.jpeg;-
3232;498;INTAKE;20;49;117;INTAKE;WAG TYPE 185 KW;Besi;1;;1;0;0;0;64c9f3199ef3bWhatsApp Image 2023-07-20 at 10.33.55.jpeg;-
3233;458;INTAKE;20;49;117;INTAKE;PANEL INDO MAS;Besi;1;;1;0;0;0;64c9f319a53f8WhatsApp Image 2023-07-20 at 10.33.55.jpeg;-
3234;151;INTAKE;20;49;117;INTAKE;STIHL 4 TON;Besi;1;;1;0;0;0;64c9f33800e8fWhatsApp Image 2023-07-20 at 10.33.55.jpeg;-
3235;0;Ruang Direktur Umum;40;201;82;GEDUNG KANTOR;0;0;0;0;0;0;0;0;0;0
3236;0;STAF;40;201;82;GEDUNG KANTOR;0;0;0;0;0;0;0;0;0;0
3239;173;STAF;40;201;82;GEDUNG KANTOR;uchida;Ebonit;1;;1;0;0;0;64d432730c08aWhatsApp Image 2023-08-09 at 13.54.44 (4).jpeg;-
3240;290;STAF;40;201;82;GEDUNG KANTOR;-;Kaca;2;;2;0;0;0;64d4338b25e5bWhatsApp Image 2023-08-09 at 13.54.44 (5).jpeg;-
3241;258;Ruang Direktur Umum;40;201;82;GEDUNG KANTOR;-;Ebonit;1;;1;0;0;0;64d433a8a810bWhatsApp Image 2023-08-09 at 09.21.10.jpeg;-
3242;297;Ruang Direktur Umum;40;201;82;GEDUNG KANTOR;-;Ebonit;0;;1;0;0;0;64d433a8ab6f0WhatsApp Image 2023-08-09 at 09.21.09.jpeg;-
3243;275;Ruang Direktur Umum;40;201;82;GEDUNG KANTOR;-;Ebonit;1;;1;0;0;0;64d433a8aef63WhatsApp Image 2023-08-09 at 09.21.11 (1).jpeg;CCTV MONITOR
3245;836;Ruang Direktur Umum;40;201;82;GEDUNG KANTOR;-;Ebonit;1;;1;0;0;0;64d43550eeab9WhatsApp Image 2023-08-09 at 09.21.08 (2).jpeg;-
3246;482;Ruang Direktur Umum;40;201;82;GEDUNG KANTOR;LENOVO;Ebonit;1;;1;0;0;0;64d4355100bebWhatsApp Image 2023-08-09 at 09.21.09 (2).jpeg; PC ALL IN ONE
3248;55;Ruang Direktur Umum;40;201;82;GEDUNG KANTOR;EPSON L3150;Ebonit;1;;1;0;0;0;64d435510c59eWhatsApp Image 2023-08-09 at 09.21.12.jpeg;-
3249;1133;Ruang Direktur Umum;40;201;82;GEDUNG KANTOR;SANKEN;Ebonit;1;;1;0;0;0;64d435511244eWhatsApp Image 2023-08-09 at 09.21.11.jpeg;
3250;173;Ruang Direktur Umum;40;201;82;GEDUNG KANTOR;SHARP;Ebonit;1;;1;0;0;0;64d435511965eWhatsApp Image 2023-08-09 at 09.21.08 (1).jpeg;-
3251;1151;Ruang Direktur Umum;40;201;82;GEDUNG KANTOR;-;Ebonit;1;;1;0;0;0;64d4366983e96WhatsApp Image 2023-08-09 at 09.21.10 (1).jpeg;-
3252;253;Ruang Direktur Umum;40;201;82;GEDUNG KANTOR;-;Ebonit;1;;1;0;0;0;64d436698a0b4WhatsApp Image 2023-08-09 at 09.21.12 (1).jpeg;KURSI RAPAT
3255;258;STAF;40;201;82;GEDUNG KANTOR;-;Ebonit;6;;6;0;0;0;64d4370af1fc1WhatsApp Image 2023-08-09 at 13.54.44 (5).jpeg;kursi tamu satuan
3256;127;STAF;40;201;82;GEDUNG KANTOR;-;Ebonit;1;;1;0;0;0;64d4370b03281WhatsApp Image 2023-08-09 at 13.54.44 (3).jpeg;
3257;676;STAF;40;201;82;GEDUNG KANTOR;-;Kayu;1;;1;0;0;0;64d4370b097b6WhatsApp Image 2023-08-09 at 13.54.44 (4).jpeg;
3258;376;STAF;40;201;82;GEDUNG KANTOR;-;Plastik;2;;2;0;0;0;64d4370b0f008WhatsApp Image 2023-08-09 at 13.54.44 (6).jpeg;
3259;258;STAF;40;201;82;GEDUNG KANTOR;-;Ebonit;2;;2;0;0;0;64d4370b14b8aWhatsApp Image 2023-08-09 at 13.54.44 (6).jpeg;kursi tamu set
3260;1193;Ruang Direktur Umum;40;201;82;GEDUNG KANTOR;STRENMER;Ebonit;1;;1;0;0;0;64d4390b23f62WhatsApp Image 2023-08-09 at 09.21.07.jpeg;-
3264;0;Ruang Rapat Direktur Utama;40;201;82;GEDUNG KANTOR;0;0;0;0;0;0;0;0;0;0
3267;258;Ruang Direktur Umum;40;201;82;GEDUNG KANTOR;-;Ebonit;1;;1;0;0;0;64d43a1b527ddWhatsApp Image 2023-08-09 at 09.21.12 (1).jpeg;-
3268;253;Ruang Direktur Umum;40;201;82;GEDUNG KANTOR;-;Ebonit;1;;1;0;0;0;64d43a1b59b54WhatsApp Image 2023-08-09 at 09.21.12 (2).jpeg;-
3269;127;Ruang Rapat Direktur Utama;40;201;82;GEDUNG KANTOR;panasonic;Ebonit;1;;1;0;0;0;64d43a7a4bf5fWhatsApp Image 2023-08-09 at 09.21.38 (1).jpeg;
3270;1048;Ruang Rapat Direktur Utama;40;201;82;GEDUNG KANTOR;-;Ebonit;1;;1;0;0;0;64d44323a1eaeWhatsApp Image 2023-08-09 at 09.21.40 (2).jpeg;
3271;376;Ruang Rapat Direktur Utama;40;201;82;GEDUNG KANTOR;-;Plastik;1;;1;0;0;0;64d44323a8f9bWhatsApp Image 2023-08-09 at 09.21.39 (1).jpeg;
3272;679;Ruang Rapat Direktur Utama;40;201;82;GEDUNG KANTOR;-;Ebonit;1;;1;0;0;0;64d44323afd85WhatsApp Image 2023-08-09 at 09.21.41.jpeg;
3273;173;Ruang Rapat Direktur Utama;40;201;82;GEDUNG KANTOR;-;Ebonit;1;;1;0;0;0;64d44323b5959WhatsApp Image 2023-08-09 at 09.21.40 (2).jpeg;
3274;836;Ruang Rapat Direktur Utama;40;201;82;GEDUNG KANTOR;-;Kayu;1;;1;0;0;0;64d44323ba46cWhatsApp Image 2023-08-09 at 09.21.40 (2).jpeg;
3275;285;Ruang Rapat Direktur Utama;40;201;82;GEDUNG KANTOR;-;Ebonit;2;;2;0;0;0;64d44323bd544WhatsApp Image 2023-08-09 at 09.21.40 (1).jpeg;
3276;0;Ruang Sekretaris Direktur Utama;40;201;82;GEDUNG KANTOR;0;0;0;0;0;0;0;0;0;0
3277;55;Ruang Sekretaris Direktur Utama;40;201;82;GEDUNG KANTOR;EPSON L1300;Ebonit;1;;1;0;0;0;64d4469a2b016WhatsApp Image 2023-08-09 at 09.19.48.jpeg;
3278;678;Ruang Sekretaris Direktur Utama;40;201;82;GEDUNG KANTOR;-;Kayu;1;;1;0;0;0;64d4469a3028bWhatsApp Image 2023-08-09 at 09.19.51.jpeg;
3279;173;Ruang Sekretaris Direktur Utama;40;201;82;GEDUNG KANTOR;MODENA;Ebonit;1;;1;0;0;0;64d4469a357a2WhatsApp Image 2023-08-09 at 09.19.51 (1).jpeg;
3280;210;Ruang Sekretaris Direktur Utama;40;201;82;GEDUNG KANTOR;-;Ebonit;1;;1;0;0;0;64d4469a4806bWhatsApp Image 2023-08-09 at 09.19.50.jpeg;
3281;127;Ruang Sekretaris Direktur Utama;40;201;82;GEDUNG KANTOR;PANASONIC;Ebonit;1;;1;0;0;0;64d4469a4a7bcWhatsApp Image 2023-08-09 at 09.19.50 (1).jpeg;
3282;674;Ruang Sekretaris Direktur Utama;40;201;82;GEDUNG KANTOR;ASUS;Ebonit;1;;1;0;0;0;64d4469a4d4a6WhatsApp Image 2023-08-09 at 09.19.49 (1).jpeg;
3283;0;UTAMA;44;178;82;GEDUNG KANTOR;0;0;0;0;0;0;0;0;0;0
3284;0;0;43;172;82;0;0;0;0;0;0;0;0;0;0;0
3285;0;0;43;172;82;GEDUNG KANTOR;0;0;0;0;0;0;0;0;0;0
3286;0;Ruang Rapat Direktur Utama;43;172;82;GEDUNG KANTOR;0;0;0;0;0;0;0;0;0;0
3287;280;Ruang Rapat Direktur Utama;43;172;82;GEDUNG KANTOR;-;Besi;2;;2;0;0;0;64d9909021fedWhatsApp Image 2023-08-09 at 09.21.40.jpeg;-
3288;677;Ruang Rapat Direktur Utama;43;172;82;GEDUNG KANTOR;-;Ebonit;1;;1;0;0;0;64d9909027ce6WhatsApp Image 2023-08-09 at 09.21.39 (2).jpeg;-
3289;685;Ruang Rapat Direktur Utama;43;172;82;GEDUNG KANTOR;PROMETHEAN;Ebonit;1;;1;0;0;0;64d990902e3caWhatsApp Image 2023-08-09 at 09.21.39 (1).jpeg;-
3290;528;Ruang Rapat Direktur Utama;43;172;82;GEDUNG KANTOR;-;Ebonit;1;;1;0;0;0;64d99090334b5WhatsApp Image 2023-08-09 at 09.21.39 (1).jpeg;-
3291;253;Ruang Rapat Direktur Utama;43;172;82;GEDUNG KANTOR;-;Ebonit;7;;7;0;0;0;64d9909039cedWhatsApp Image 2023-08-09 at 09.21.41.jpeg;-
3292;254;Ruang Rapat Direktur Utama;43;172;82;GEDUNG KANTOR;-;Ebonit;1;;1;0;0;0;64d990903eaffWhatsApp Image 2023-08-09 at 09.21.41.jpeg;-
3293;126;Ruang Rapat Direktur Utama;43;172;82;GEDUNG KANTOR;PANASONIC;Ebonit;1;;1;0;0;0;64d9919fc035aWhatsApp Image 2023-08-09 at 09.21.38 (1).jpeg;-
3294;679;Ruang Rapat Direktur Utama;43;172;82;GEDUNG KANTOR;-;Ebonit;1;;1;0;0;0;64d9919fc5c12WhatsApp Image 2023-08-09 at 09.21.41.jpeg;-
3295;173;Ruang Rapat Direktur Utama;43;172;82;GEDUNG KANTOR;SHARP;Ebonit;1;;1;0;0;0;64d9919fcb1ffWhatsApp Image 2023-08-09 at 09.21.40 (2).jpeg;-
3296;376;Ruang Rapat Direktur Utama;43;172;82;GEDUNG KANTOR;Papan Tulis Kaca;Ebonit;1;;1;0;0;0;64d9919fd276fWhatsApp Image 2023-08-09 at 09.21.41.jpeg;-
3297;441;Ruang Rapat Direktur Utama;43;172;82;GEDUNG KANTOR;ICA;Ebonit;1;;1;0;0;0;64d9919fd88b4WhatsApp Image 2023-08-09 at 09.21.37.jpeg;-
3298;1194;Ruang Rapat Direktur Utama;43;172;82;GEDUNG KANTOR;BKLEEN;Ebonit;1;;1;0;0;0;64d9922132dd3WhatsApp Image 2023-08-09 at 09.21.38.jpeg;-
3299;0;0;43;171;82;0;0;0;0;0;0;0;0;0;0;0
3300;0;0;43;171;82;GEDUNG KANTOR;0;0;0;0;0;0;0;0;0;0
3301;0;Ruang Direktur Utama;43;171;82;GEDUNG KANTOR;0;0;0;0;0;0;0;0;0;0
3302;254;Ruang Direktur Utama;43;171;82;GEDUNG KANTOR;-;Ebonit;1;;1;0;0;0;64d99411a419cWhatsApp Image 2023-08-09 at 09.21.12 (2).jpeg;-
3303;294;Ruang Direktur Utama;43;171;82;GEDUNG KANTOR;-;Ebonit;1;;1;0;0;0;64d99411b91caWhatsApp Image 2023-08-09 at 09.21.13.jpeg;-
3304;88;Ruang Direktur Utama;43;171;82;GEDUNG KANTOR;LG;Ebonit;3;;3;0;0;0;64d99411bc0a8WhatsApp Image 2023-08-09 at 09.21.09 (1).jpeg;"TV MONITOR 50"""
3305;258;Ruang Direktur Utama;43;171;82;GEDUNG KANTOR;-;Ebonit;2;;2;0;0;0;64d99411becd7WhatsApp Image 2023-08-09 at 09.21.12 (1).jpeg;-
3306;686;Ruang Direktur Utama;43;171;82;GEDUNG KANTOR;CUSTOM;Ebonit;1;;1;0;0;0;64d99411c2079WhatsApp Image 2023-08-09 at 09.21.10.jpeg;Sofa & Meja Tamu
3307;173;Ruang Direktur Utama;43;171;82;GEDUNG KANTOR;SHARP;Ebonit;1;;1;0;0;0;64d99411c4c59WhatsApp Image 2023-08-09 at 09.21.08 (1).jpeg;-
3308;676;Ruang Direktur Utama;43;171;82;GEDUNG KANTOR;INFORMA;Ebonit;1;;1;0;0;0;64d99411c7861WhatsApp Image 2023-08-09 at 09.21.08 (2).jpeg;-
3309;127;Ruang Direktur Utama;43;171;82;GEDUNG KANTOR;-;Ebonit;1;;1;0;0;0;64d9957f60a59LOGO PDAM.jpeg;-
3310;55;Ruang Direktur Utama;43;171;82;GEDUNG KANTOR;L3110;Ebonit;1;;1;0;0;0;64d9957f63f75WhatsApp Image 2023-08-09 at 09.21.12.jpeg;-
3311;480;Ruang Direktur Utama;43;171;82;GEDUNG KANTOR;-;Ebonit;1;;1;0;0;0;64d9957f66a16LOGO PDAM.jpeg;-
3312;1193;Ruang Direktur Utama;43;171;82;GEDUNG KANTOR;STRENMER;Ebonit;1;;1;0;0;0;64d9957f69947WhatsApp Image 2023-08-09 at 09.21.07.jpeg;-
3313;1133;Ruang Direktur Utama;43;171;82;GEDUNG KANTOR;-;Ebonit;1;;1;0;0;0;64d9957f6e9c9WhatsApp Image 2023-08-09 at 09.21.11.jpeg;-
3314;0;0;43;170;82;0;0;0;0;0;0;0;0;0;0;0
3315;0;0;43;170;82;GEDUNG KANTOR;0;0;0;0;0;0;0;0;0;0
3316;0;Ruang Sekretaris Direktur Utama;43;170;82;GEDUNG KANTOR;0;0;0;0;0;0;0;0;0;0
3317;126;Ruang Direktur Umum;40;201;82;GEDUNG KANTOR;SHARP;Ebonit;1;;1;0;0;0;64d996a68734dWhatsApp Image 2023-08-09 at 10.19.27 (1).jpeg;-
3318;217;Ruang Direktur Umum;40;201;82;GEDUNG KANTOR;CASIO;Ebonit;1;;1;0;0;0;64d9970c4fc4eWhatsApp Image 2023-08-09 at 10.19.29 (2).jpeg;-
3319;127;Ruang Direktur Umum;40;201;82;GEDUNG KANTOR;PANASONIC;Ebonit;1;;1;0;0;0;64d997be26767WhatsApp Image 2023-08-09 at 10.19.30 (1).jpeg;-
3321;528;Ruang Direktur Umum;40;201;82;GEDUNG KANTOR;EPSON;Ebonit;1;;1;0;0;0;64d998cf0beacWhatsApp Image 2023-08-09 at 10.19.31 (1).jpeg;-
3322;173;Ruang Sekretaris Direktur Utama;43;170;82;GEDUNG KANTOR;MODENA;Ebonit;1;;1;0;0;0;64d9ad6c14779WhatsApp Image 2023-08-09 at 09.19.51 (1).jpeg;-
3324;477;Ruang Direktur Umum;40;201;82;GEDUNG KANTOR;-;Ebonit;1;;1;0;0;0;64d9c107dff20WhatsApp Image 2023-08-09 at 10.19.30 (3).jpeg;-
3325;679;Ruang Direktur Umum;40;201;82;GEDUNG KANTOR;CUSTOM;Ebonit;1;;1;0;0;0;64d9c218af77fWhatsApp Image 2023-08-09 at 10.19.31 (5).jpeg;-
3326;481;Ruang Sekretaris Direktur Utama;43;170;82;GEDUNG KANTOR;ASUS;Ebonit;1;;1;0;0;0;64d9c63e2af64WhatsApp Image 2023-08-09 at 09.19.52.jpeg;-
3329;275;Ruang Sekretaris Direktur Utama;43;170;82;GEDUNG KANTOR;LG;Ebonit;1;;1;0;0;0;64d9c890113a0WhatsApp Image 2023-08-09 at 09.19.51 (2).jpeg;-
3330;676;Ruang Sekretaris Direktur Utama;43;170;82;GEDUNG KANTOR;CUSTOM;Ebonit;1;;1;0;0;0;64d9c89015ce4WhatsApp Image 2023-08-09 at 09.19.51.jpeg;-
3331;127;Ruang Sekretaris Direktur Utama;43;170;82;GEDUNG KANTOR;PANASONIC;Ebonit;1;;1;0;0;0;64d9c94f84ab7WhatsApp Image 2023-08-09 at 09.19.50 (1).jpeg;-
3332;674;Ruang Sekretaris Direktur Utama;43;170;82;GEDUNG KANTOR;-;Ebonit;1;;1;0;0;0;64d9c94f8a4a8WhatsApp Image 2023-08-09 at 09.19.49 (1).jpeg;-
3333;55;Ruang Sekretaris Direktur Utama;43;170;82;GEDUNG KANTOR;L1300;Ebonit;1;;1;0;0;0;64d9ca616aab2WhatsApp Image 2023-08-09 at 09.19.48.jpeg;-
3334;55;Ruang Sekretaris Direktur Utama;43;170;82;GEDUNG KANTOR;L3110;Ebonit;1;;1;0;0;0;64d9ca6171113WhatsApp Image 2023-08-09 at 09.19.49.jpeg;-
3335;294;Ruang Sekretaris Direktur Utama;43;170;82;GEDUNG KANTOR;MEJA SET ;Ebonit;1;;1;0;0;0;64d9ccbe64bc7WhatsApp Image 2023-08-09 at 09.19.52 (3).jpeg;MEJA SET
3336;291;Ruang Sekretaris Direktur Utama;43;170;82;GEDUNG KANTOR;-;Ebonit;1;;1;0;0;0;64d9ccbe6792fWhatsApp Image 2023-08-09 at 09.19.51 (3).jpeg;-
3337;282;Ruang Sekretaris Direktur Utama;43;170;82;GEDUNG KANTOR;-;Ebonit;1;;1;0;0;0;64d9cd7faf930WhatsApp Image 2023-08-09 at 09.19.51.jpeg;-
3338;1044;Ruang Sekretaris Direktur Utama;43;170;82;GEDUNG KANTOR;INFORMA;Ebonit;1;;1;0;0;0;64d9cd7fb4972WhatsApp Image 2023-08-09 at 09.19.52 (1).jpeg;-
3339;441;Ruang Sekretaris Direktur Utama;43;170;82;GEDUNG KANTOR;ICA;Ebonit;1;;1;0;0;0;64d9cdeeda696WhatsApp Image 2023-08-09 at 09.19.47.jpeg;-
3340;480;Ruang Sekretaris Direktur Utama;43;170;82;GEDUNG KANTOR;-;Ebonit;1;;1;0;0;0;64d9cf802d5d2WhatsApp Image 2023-08-09 at 09.19.48 (1).jpeg;-
3341;124;Ruang Direktur Teknik;45;184;118;Gedung Kantor - Operator - Gudang Dan PBK;PANASONIC;Ebonit;1;;1;0;0;0;65030de8dde6a1.jpeg;-
3342;126;ASISTEN MANAGER;20;42;80;Gedung Kantor - R Operator - TC - Lab Induk;PANASONIC;Ebonit;1;;1;0;0;0;6507a570f22a71 AC.jpg;-
3343;0;CUSTOMER SERVICE;16;31;102;GEDUNG KANTOR;0;0;0;0;0;0;0;0;0;0
3344;830;CUSTOMER SERVICE;16;31;102;GEDUNG KANTOR;-;Ebonit;2;;2;0;0;0;6507f6d199e931. MEJA KERJA  SETENGAH BIRO.jpeg;-
3345;275;CUSTOMER SERVICE;16;31;102;GEDUNG KANTOR;SAMSUNG;Ebonit;1;;1;0;0;0;6507f6d19ff802. MONITOR PC.jpeg;-
3346;480;CUSTOMER SERVICE;16;31;102;GEDUNG KANTOR;HP;Ebonit;1;;1;0;0;0;6507f756d5f2d3. PC.jpeg;-
3347;254;CUSTOMER SERVICE;16;31;102;GEDUNG KANTOR;FANTONI;Ebonit;1;;1;0;0;0;6507f756dcac34. KURSI KERJA RODA PUTAR.jpg;-
3348;253;CUSTOMER SERVICE;16;31;102;GEDUNG KANTOR;CHITOS;Ebonit;2;;2;0;0;0;6507f7baa6f0b5. KURSI KERJA.jpg;-
3349;55;CUSTOMER SERVICE;16;31;102;GEDUNG KANTOR;EPSON/L3110;Ebonit;1;;1;0;0;0;6507f7baae8336. PRINTER.jpg;-
3350;630;CHAMBER ACP/GRP;20;42;80;CHAMBER ACP/GRP;KITZ;Besi;1;;0;1;0;0;6507ffbc0752e1 VALVE.jpeg;"VALVE 4"""
3351;630;CHAMBER ACP/GRP;20;42;80;CHAMBER ACP/GRP;MAW;Besi;2;;0;2;0;0;6507ffbc0e4142 VALVE.jpeg;VALVE DN.80 PN10
3352;630;CHAMBER ACP/GRP;20;42;80;CHAMBER ACP/GRP;HO  ;Besi;1;;1;0;0;0;6507ffbc1508e3 VALVE.jpeg;VALVE DN.350
3353;162;CHAMBER ACP/GRP;20;42;80;CHAMBER ACP/GRP;-;Besi;1;;1;0;0;0;6507ffbc1b22c4 CHECK VALVE.jpeg;-
3354;562;CHAMBER ACP/GRP;20;42;80;CHAMBER ACP/GRP;SIEMENS;Besi;1;;1;0;0;0;6507ffbc212dc5 SENSOOR WATER DIGITAL 1.jpeg;SENSOR WATER DIGITAL MAG.5100 W DN.350
3355;630;CHAMBER ACP/GRP;20;42;80;CHAMBER ACP/GRP;HO  ;Besi;1;;1;0;0;0;6508013a5563d3 VALVE.jpeg;VALVE DN 350
3356;630;CHAMBER ACP/GRP;20;42;80;CHAMBER ACP/GRP;VALVE DN.300 PNIG;Besi;1;;1;0;0;0;6508013a5ac746 VALVE.jpeg;JALUR ACP/GRP
3357;161;CHAMBER ACP/GRP;20;42;80;CHAMBER ACP/GRP;-;Besi;0;;1;0;0;0;65082dbe83e907 CHECK VALVE.jpeg;JALUR ACP/GRP
3358;562;CHAMBER ACP/GRP;20;42;80;CHAMBER ACP/GRP;SIEMENS;Besi;1;;1;0;0;0;65082dbe8a4e48 SENSOOR WATER DIGITAL.jpeg;SENSOR WATER METER DIGITAL MAG.5100 W DN.350
3359;870;CHAMBER ACP/GRP;20;42;80;CHAMBER ACP/GRP;WEBER;Besi;3;;3;0;0;0;65082dbe906009 SENSOR DEBIT AIR FLOW.jpeg;JALUR ACP/GRP
3360;630;CHAMBER ACP/GRP;20;42;80;CHAMBER ACP/GRP;FKK;Besi;1;;1;0;0;0;65082dbe971f210 VALVE.jpeg;PEMAKAIN AIR
3361;871;CHAMBER ACP/GRP;20;42;80;CHAMBER ACP/GRP;ACTRIS;Besi;1;;1;0;0;0;65082dbe99ae011 WATER METER MANUAL.jpeg;UNIT I
3362;124;CUSTOMER SERVICE;16;31;102;GEDUNG KANTOR;PANASONIC 2 PK/CNPN18RKP;Ebonit;1;;1;0;0;0;65082f10956131. AC SPLIT.jpg;-
3363;627;CUSTOMER SERVICE;16;31;102;GEDUNG KANTOR;"PANASONIC/42""";Ebonit;1;;1;0;0;0;65082f10ae4bf2. TV.jpg;-
3364;259;CUSTOMER SERVICE;16;31;102;GEDUNG KANTOR;3 SEAT SILVER;Besi;1;;1;0;0;0;65082fbf535763. KURSI TUNGGU.jpg;-
3365;253;CUSTOMER SERVICE;16;31;102;GEDUNG KANTOR;CHITOS;Ebonit;7;;7;0;0;0;65082fbf5a2874. KURSI KERJA.jpg;-
3366;872;CHAMBER ACP/GRP;20;42;80;CHAMBER ACP/GRP;ONDA;Besi;2;;2;0;0;0;6508300c4aeef12 BALL VALVE 2.jpeg;UNIT I
3367;873;CHAMBER ACP/GRP;20;42;80;CHAMBER ACP/GRP;BR;Besi;1;;1;0;0;0;6508300c4dc5413 WATER METER.jpeg;UNIT I
3368;630;CHAMBER ACP/GRP;20;42;80;CHAMBER ACP/GRP;BUTERFLAY;Besi;1;;;1;0;0;6508300c5ff8b14 VALVE.jpeg;DARI BENDANG
3369;630;CHAMBER ACP/GRP;20;42;80;CHAMBER ACP/GRP;LUIS VIOTTON;Besi;1;;0;1;0;0;6508300c62af315 VALVE.jpeg;DARI IPA 2
3370;271;CHAMBER ACP/GRP;20;42;80;CHAMBER ACP/GRP;PHILIPS;Besi;1;;1;0;0;0;6508300c65a3016 LAMPU MERCURY+TIANG.jpeg;PENERANGAN
3371;154;CHAMBER ACP/GRP;20;42;80;CHAMBER ACP/GRP;CHECK VALVE DN 400;Besi;1;;1;0;0;0;6508300c6889917 CHECK VALVE.jpeg;RESS. 2
3372;1073;CHAMBER ACP/GRP;20;42;80;CHAMBER ACP/GRP;MKGN NIUS;Besi;1;;1;0;0;0;6508300c6ba9920 METER LISTRIK INDUK.jpeg;-
3373;874;CHAMBER ACP/GRP;20;42;80;CHAMBER ACP/GRP;KTT 2;Besi;1;;1;0;0;0;6508300c6e3ca21 STOP KRAN 2.jpeg;-
3374;254;CUSTOMER SERVICE;16;31;102;GEDUNG KANTOR;FANTONI;Ebonit;1;;1;0;0;0;650830ca937ef5. KURSI KERJA RODA PUTAR.jpg;-
3375;826;CUSTOMER SERVICE;16;31;102;GEDUNG KANTOR;SECURELINE;Besi;1;;1;0;0;0;650830ca985b06. LOCKER ARSIP.jpg;-
3376;830;CUSTOMER SERVICE;16;31;102;GEDUNG KANTOR;-;Ebonit;4;;0;4;0;0;6508323c624d7LOGO PERUMDAN.jpg;-
3378;481;CUSTOMER SERVICE;16;31;102;GEDUNG KANTOR;LG/19M38A;Ebonit;1;;1;0;0;0;650833220df707. PC ALL IN ONE.jpg;-
3379;275;CUSTOMER SERVICE;16;31;102;GEDUNG KANTOR;SIMBADDA;Ebonit;1;;1;0;0;0;65083322144ee8. MONITOR PC.jpg;-
3380;480;CUSTOMER SERVICE;16;31;102;GEDUNG KANTOR;SIMBADDA;Ebonit;1;;1;0;0;0;650834224f0db9. PC.jpg;-
3381;275;CUSTOMER SERVICE;16;31;102;GEDUNG KANTOR;LG;Ebonit;1;;1;0;0;0;6508342257aa310. MONITOR PC.jpg;-
3382;480;CUSTOMER SERVICE;16;31;102;GEDUNG KANTOR;BRIZZ;Ebonit;1;;1;0;0;0;650834e573af211. PC BRIZZ.jpg;-
3383;55;CUSTOMER SERVICE;16;31;102;GEDUNG KANTOR;EPSON/L360;Ebonit;1;;1;0;0;0;650834e577b3a12. PRINTER.jpg;-
3384;481;CUSTOMER SERVICE;16;31;102;GEDUNG KANTOR;LENOVO HITAM;Ebonit;1;;1;0;0;0;650835638103a13. PC ALL IN ONE HITAM.jpg;-
3385;441;CUSTOMER SERVICE;16;31;102;GEDUNG KANTOR;ICA/CE 1200;Ebonit;1;;1;0;0;0;6508356387b0614. UPS.jpg;-
3386;55;CUSTOMER SERVICE;16;31;102;GEDUNG KANTOR;EPSON/L311O;Ebonit;1;;1;0;0;0;650835e31485b15. PRINTER.jpg;-
3387;630;CHAMBER AIR BAKU IPA 1;20;42;80;CHAMBER AIR BAKU IPA 1;MIROUK;Besi;1;;0;1;0;0;6508df7855b601 VALVE.jpeg;VALVE AIR BAKU DN.350
3388;630;CHAMBER AIR BAKU IPA 1;20;42;80;CHAMBER AIR BAKU IPA 1;TOTORK;Besi;1;;0;0;1;0;6508df785d0282 VALVE ELEKTRIK.jpeg;VALVE ELEKTRIK DN.350 MODEL E1923-A
3389;630;CHAMBER AIR BAKU IPA 1;20;42;80;CHAMBER AIR BAKU IPA 1;AFA   ;Besi;2;;0;0;2;0;6508df78631593 VALVE GEAR.jpeg;VALVE GEAR DN.350
3390;498;CHAMBER AIR BAKU IPA 1;20;42;80;CHAMBER AIR BAKU IPA 1;SANYO;Besi;1;;0;0;1;0;6508df78656194 POMPA.jpeg;POMPA 125 W
3391;562;CHAMBER AIR BAKU IPA 1;20;42;80;CHAMBER AIR BAKU IPA 1;SIEMENS;Besi;1;;1;0;0;0;6508df7867ad86 SENSOR WATER METER DIGITAL MAG 5100.jpeg;SUNTIKAN TL 2 (SENSOR WATER METER DIGITAL MAG 5100)
3392;630;CHAMBER AIR BAKU IPA 1;20;42;80;CHAMBER AIR BAKU IPA 1;VALVE DN.1000;Besi;1;;1;0;0;0;6508e10a8235c7 VALVE.jpeg;IPA 2 (TL)
3393;562;CHAMBER AIR BAKU IPA 1;20;42;80;CHAMBER AIR BAKU IPA 1;SIEMENS;Besi;1;;1;0;0;0;6508e10a886d18 SENSOR WATER METER DIGITAL MAG 1000.jpeg;IPA 2 (TL)
3394;630;CHAMBER AIR BAKU IPA 1;20;42;80;CHAMBER AIR BAKU IPA 1;VALVE DN.600;Besi;2;;2;0;0;0;6508e10a8e68b9 VALVE.jpeg;AIRATOR IPA 2
3395;630;CHAMBER AIR BAKU IPA 1;20;42;80;CHAMBER AIR BAKU IPA 1;"VALVE PEMBUANGAN AIRATOR 8""";Besi;1;;1;0;0;0;6508e10a9519712 VALVE PEMBUANGAN AIRATOR 8.jpeg;-
3396;516;CHAMBER AIR BAKU IPA 1;20;42;80;CHAMBER AIR BAKU IPA 1;TRUSRUMI PUMP;Besi;2;;2;0;0;0;6508e10a9b2af13 POMPA SUBMERSIBLE.jpeg;"1 UTK SAMPEL SCM
"
3397;0;0;20;42;80;CHAMBER AWS;0;0;0;0;0;0;0;0;0;0
3398;0;Chamber AWS;20;42;80;CHAMBER AWS;0;0;0;0;0;0;0;0;0;0
3399;874;Chamber AWS;20;42;80;CHAMBER AWS;ONDA;Besi;1;;1;0;0;0;6508f4c1974c41 STOP KRAN 2.jpeg;-
3400;73;Chamber AWS;20;42;80;CHAMBER AWS;SIEMENS;Besi;1;;1;0;0;0;6508f4c19db7a2 SENSOR WATER MTR DIGITAL.jpeg;DARI BENDANG
3401;562;Chamber AWS;20;42;80;CHAMBER AWS;TRIMEC;Besi;1;;1;0;0;0;6508f4c1a43523 SENSOR WATER MTR  DUAL DULSE FLOW.jpeg;SCADA LAMA
3402;871;Chamber AWS;20;42;80;CHAMBER AWS;WATER METER MANUAL DN.250;Besi;2;;0;0;2;0;6508f4c1a98d14 WATER METER MANUAL.jpeg;DARI BENDANG
3403;630;Chamber AWS;20;42;80;CHAMBER AWS;KITZ (DN.250);Besi;2;;0;2;0;0;6508f4c1aeb395 VALVE.jpeg;DARI BENDANG
3404;630;Chamber AWS;20;42;80;CHAMBER AWS;DN.400;Besi;1;;1;0;0;0;6508f5ec951a56 VALVE.jpeg;DARI BENDANG
3405;630;Chamber AWS;20;42;80;CHAMBER AWS;DN10;Besi;2;;0;0;2;0;6508f5ec982ef7 VALVE.jpeg;DARI BENDANG
3406;516;Chamber AWS;20;42;80;CHAMBER AWS;STURUMI;Besi;1;;1;0;0;0;6508f5ec9b0218 POMPA SUMERSIBLE.jpeg;PEMBUANGAN
3407;1072;Chamber AWS;20;42;80;CHAMBER AWS;-;Besi;1;;0;1;0;0;6508f5ec9db679 CHECK VALVE.jpeg;-
3408;160;Chamber AWS;20;42;80;CHAMBER AWS;-;Besi;1;;0;1;0;0;6508f5eca016c10 CHECK VALVE.jpeg;-
3409;657;Chamber AWS;20;42;80;CHAMBER AWS;GAE (3000 LITER);Besi;1;;1;0;0;0;6508f75366d2015 WATER HAMMER.jpeg;JALUR AWS
3410;1094;Chamber AWS;20;42;80;CHAMBER AWS;KITZ;Besi;1;;1;0;0;0;6508f7536d61a16 VALVE.jpeg;JALUR AWS
3411;158;Chamber AWS;20;42;80;CHAMBER AWS;AL STAIN;Besi;1;;1;0;0;0;6508f75373fbd17 CHECK VALVE.jpeg;JALUR AWS
3412;630;Chamber AWS;20;42;80;CHAMBER AWS;BUTTERFLY;Besi;1;;1;0;0;0;6508f75379c8b18 VALVE.jpeg;VALVE DN.100
3413;157;Chamber AWS;20;42;80;CHAMBER AWS;-;Besi;1;;1;0;0;0;6508f7537fb2019 CHECK VALVE VALVE.jpeg;-
3414;291;ASISTEN MANAGER;20;42;80;Gedung Kantor - R Operator - TC - Lab Induk;ARINDAH;Ebonit;1;;0;1;0;0;6508fc5b472822 MEJA KURSI 1 BIRO (KACA+KAYU).jpeg;-
3415;830;ASISTEN MANAGER;20;42;80;Gedung Kantor - R Operator - TC - Lab Induk;SAGA;Ebonit;1;;0;1;0;0;6508fc5b4caf53 MEJA KERJA SETENGAH BIRO.jpeg;-
3416;256;ASISTEN MANAGER;20;42;80;Gedung Kantor - R Operator - TC - Lab Induk;CHITOS;Ebonit;2;;2;0;0;0;6508fc5b521664 KURSI KERJA (BESI).jpeg;-
3417;833;ASISTEN MANAGER;20;42;80;Gedung Kantor - R Operator - TC - Lab Induk;DRAGER;Besi;1;;0;1;0;0;6508fc5b57c7b5 OXYGEN (TABUNG+MASKER).jpeg;-
3418;243;ASISTEN MANAGER;20;42;80;Gedung Kantor - R Operator - TC - Lab Induk;KOTAK KACA TABUNG OXYGEN;Kaca;1;;1;0;0;0;6508fc5b5d91c6 KOTAK KACA TABUNG OXYGEN.jpeg;-
3419;835;ASISTEN MANAGER;20;42;80;Gedung Kantor - R Operator - TC - Lab Induk;MAIN DISTRIBUSTIONS PANEL (LAMA);Besi;1;;0;0;1;0;6508fc5b636188 MAIN DISTRIBUTIONS PANEL (LAMA).jpeg;RUSAK
3420;1049;ASISTEN MANAGER;20;42;80;Gedung Kantor - R Operator - TC - Lab Induk;BROTHER;Besi;1;;0;1;0;0;6508fc5b6647c9 FILLING KABINET 4 RAK.jpeg;-
3421;132;ASISTEN MANAGER;20;42;80;Gedung Kantor - R Operator - TC - Lab Induk;SUPER HY-GAIN;Besi;1;;1;0;0;0;6508fc5b68b0710 ANTENA RIG HT.jpeg;-
3422;483;ASISTEN MANAGER;20;42;80;Gedung Kantor - R Operator - TC - Lab Induk;JOYCO;Besi;1;;1;0;0;0;6508fde98f7ca11 PENGGARIS 100 CM ( 1 M ).jpeg;-
3423;618;ASISTEN MANAGER;20;42;80;Gedung Kantor - R Operator - TC - Lab Induk;LION STAR;Plastik;1;;0;0;1;0;6508fde9964b312 BAK SAMPAH KECIL.jpeg;-
3424;828;ASISTEN MANAGER;20;42;80;Gedung Kantor - R Operator - TC - Lab Induk;UCHIDA;Ebonit;1;;1;0;0;0;6508fde99966313 DISPENSER PANAS & DINGIN.jpeg;MD-033 DAS
3425;830;ASISTEN MANAGER;20;42;80;Gedung Kantor - R Operator - TC - Lab Induk;SAGA;Ebonit;1;;0;0;1;0;6508fde99d63d14 MEJA KERJA SETENGAH BIRO.jpeg;RUSAK
3426;253;ASISTEN MANAGER;20;42;80;Gedung Kantor - R Operator - TC - Lab Induk;CHITOS;Ebonit;1;;0;0;1;0;6508fde9a33b115 KURSI KERJA.jpeg;-
3427;254;ASISTEN MANAGER;20;42;80;Gedung Kantor - R Operator - TC - Lab Induk;FANTONI;Ebonit;1;;0;0;1;0;6508fde9a8da6016 KUSRI KERJA PUTAR ATAU RODA.jpeg;RUSAK
3428;836;ASISTEN MANAGER;20;42;80;Gedung Kantor - R Operator - TC - Lab Induk;HITAM SILVER;Ebonit;2;;2;0;0;0;6508fde9aefbf17 RAK MEJA (HITAM SILVER).jpeg;DARI R. TC
3429;307;ASISTEN MANAGER;16;30;120;GEDUNG KANTOR;Krisbow   ;Ebonit;2;;2;0;0;0;6508fe2f671b121 METERON SORONG KISBROW.jpg;Meteran Sorong (Roda)
3431;0;0;20;42;80;FULSATOR IPA I;0;0;0;0;0;0;0;0;0;0
3432;0;0;20;42;80;FULSATOR IPA I;0;0;0;0;0;0;0;0;0;0
3433;0;0;20;42;80;FULSATOR IPA I;0;0;0;0;0;0;0;0;0;0
3434;0;0;20;42;80;FULSATOR IPA I;0;0;0;0;0;0;0;0;0;0
3435;0;0;20;42;80;FULSATOR IPA I;0;0;0;0;0;0;0;0;0;0
3436;0;FULSATOR IPA I;20;42;80;FULSATOR IPA I;0;0;0;0;0;0;0;0;0;0
3437;866;FULSATOR IPA I;20;42;80;FULSATOR IPA I;BALDOR RELIANCER;Besi;2;;2;0;0;0;6509054e2c88c1 MOTOR 7.5 HP.jpeg;-
3438;867;FULSATOR IPA I;20;42;80;FULSATOR IPA I;HARTZELL FAN;Besi;2;;2;0;0;0;6509054e3229e2 KIPAS VACUM.jpeg;-
3439;868;FULSATOR IPA I;20;42;80;FULSATOR IPA I;DPC PNEUMATICS;Besi;4;;4;0;0;0;6509054e467193 SELENOID ORIFICE.jpeg;MODEL UW.05
3440;869;FULSATOR IPA I;20;42;80;FULSATOR IPA I;DOG;Besi;4;;4;0;0;0;6509054e4c92e4 STOP KRAN.jpeg;-
3441;630;FULSATOR IPA I;20;42;80;FULSATOR IPA I;DN.100;Besi;4;;4;0;0;0;6509054e52d615 VALVE DN.100.jpeg;-
3442;630;FULSATOR IPA I;20;42;80;FULSATOR IPA I;"DN.3""";Besi;2;;2;0;0;0;650909a947d826 VALVE DN.3.jpeg;-
3443;1178;FULSATOR IPA I;20;42;80;FULSATOR IPA I;JOUCOMATIC;Besi;2;;0;0;2;0;650909a94d9737 PNEUMATIC.jpeg;-
3444;445;FULSATOR IPA I;20;42;80;FULSATOR IPA I;TIMER BUANG LUMPUE;Besi;1;;1;0;0;0;650909a952c7211 PANEL LISTRIK.jpeg;-
3445;975;FULSATOR IPA I;20;42;80;FULSATOR IPA I;PANEL POMPA JOCKY KE IPA 2;Besi;1;;1;0;0;0;650909a95876113 PANEL POMPA JOCKY.jpeg;-
3446;498;FULSATOR IPA I;20;42;80;FULSATOR IPA I;HAYWARD;Besi;1;;1;0;0;0;650909a95f71716 POMPA VACUM LUMPUR SEDIMEN TACC.jpeg;-
3447;268;FULSATOR IPA I;20;42;80;FULSATOR IPA I;LAMPU PENERANG BAK SEDIMEN;Besi;5;;5;0;0;0;65090af598a0c17 LAMPU PENERANG BAK SEDIMEN.jpeg;-
3448;310;FULSATOR IPA I;20;42;80;FULSATOR IPA I;ELECTRIM;Besi;1;;0;0;1;0;65090af59ec9c18 MIXER KOAGULATOR.jpg;MIXER KOAGULATOR IPA 1
3449;630;FULSATOR IPA I;20;42;80;FULSATOR IPA I;"VALVE DN.6""";Besi;2;;2;0;0;0;65090af5a66ff19 VALVE.jpeg;-
3450;630;FULSATOR IPA I;20;42;80;FULSATOR IPA I;"VALVE DN.8""";Besi;6;;0;6;0;0;65090af5ad71920 VALVE.jpeg;-
3451;0;0;20;42;80;GALLERY IPA 2;0;0;0;0;0;0;0;0;0;0
3452;0;GALLERY IPA 2;20;42;80;GALLERY IPA 2;0;0;0;0;0;0;0;0;0;0
3453;254;STAF;16;30;120;GEDUNG KANTOR;Fantoni;Ebonit;5;;5;0;0;0;65090fcd6fa7e12 KURSI STAF PENG METER.jpg;-
3454;1086;GALLERY IPA 2;20;42;80;GALLERY IPA 2;VALVE BLOWER FILTER (FC.150 A);Besi;7;;7;0;0;0;6509127dd592f1 VALVE BLOWER FILTER.jpeg;-
3455;1097;GALLERY IPA 2;20;42;80;GALLERY IPA 2;-;Besi;7;;7;0;0;0;6509127dde8a22 AIR VALVE FILTER.jpeg;-
3456;129;GALLERY IPA 2;20;42;80;GALLERY IPA 2;AIR VALVE FILTER (FC.500 A);Besi;7;;7;0;0;0;6509127de38313 AIR VALVE FILTER.jpeg;-
3457;1098;GALLERY IPA 2;20;42;80;GALLERY IPA 2;-;Besi;7;;7;0;0;0;6509127de913f4 AIR VALVE INLET FILTER.jpeg;-
3458;154;GALLERY IPA 2;20;42;80;GALLERY IPA 2;CHECK VALVE DN 400;Besi;7;;7;0;0;0;6509127e096595 CHECK VALVE.jpeg;-
3459;1099;GALLERY IPA 2;20;42;80;GALLERY IPA 2;FLOW CON;Ebonit;7;;7;0;0;0;6509127e0f3016 PNEUMATIC HP 200.jpeg;-
3460;497;GALLERY IPA 2;20;42;80;GALLERY IPA 2;FLOW CON/PNEUMATIC HP 212 (FILTER 1-7);Ebonit;7;;7;0;0;0;6509127e15f597 PNEUMATIC HP 212.jpeg;-
3461;497;GALLERY IPA 2;20;42;80;GALLERY IPA 2;FLOW CON/PNEUMATIC HP 160 (FILTER 1-7);Ebonit;7;;7;0;0;0;6509127e1bfb68 PNEUMATIC HP 160.jpeg;-
3462;1100;GALLERY IPA 2;20;42;80;GALLERY IPA 2;FLOW CON;Ebonit;7;;7;0;0;0;6509127e210229 PNEUMATIC HP 88.jpeg;-
3463;1101;GALLERY IPA 2;20;42;80;GALLERY IPA 2;-;Besi;1;;1;0;0;0;65091428c7ab110 PANEL POMPA SUBMER.jpeg;-
3464;1102;GALLERY IPA 2;20;42;80;GALLERY IPA 2;SHURUMI HS72-45;Besi;1;;1;0;0;0;65091428ce5a811 POMPA SUBMERSIBLE.jpeg;-
3465;154;GALLERY IPA 2;20;42;80;GALLERY IPA 2;CHECK VALVE DN 400;Besi;7;;7;0;0;0;65091428d3aeb12 CHECK VALVE.jpeg;-
3466;1103;GALLERY IPA 2;20;42;80;GALLERY IPA 2;FLOW CON;Ebonit;4;;4;0;0;0;65091428d98cc13 PNEUMATIC BUANG LUMPUR.jpeg;-
3467;1104;GALLERY IPA 2;20;42;80;GALLERY IPA 2;-;Besi;6;;6;0;0;0;65091428e01fd14 VALVE BUANG LUMPUR.jpeg;-
3468;1105;GALLERY IPA 2;20;42;80;GALLERY IPA 2;ARMATUREN;Ebonit;2;;2;0;0;0;6509153008f9316 PNEUMATIC.jpeg;-
3469;497;GALLERY IPA 2;20;42;80;GALLERY IPA 2;EBRO ARMATUREN;Ebonit;4;;4;0;0;0;650915300eb9b17 PNEUMATIC.jpeg;PNEUMATIC TYPE EB 6.1 SYD (BUANG LUMPUR)
3470;1106;GALLERY IPA 2;20;42;80;GALLERY IPA 2;-;Besi;8;;8;0;0;0;6509153014a4418 VALVE BUANG LUMPUR.jpeg;-
3471;1107;GALLERY IPA 2;20;42;80;GALLERY IPA 2;FLOW CON;Ebonit;4;;4;0;0;0;650915301bda319 PNEUMATIC.jpeg;-
3472;0;0;20;42;80;GARDU;0;0;0;0;0;0;0;0;0;0
3473;0;GARDU;20;42;80;GARDU;0;0;0;0;0;0;0;0;0;0
3474;355;GARDU;20;42;80;GARDU;-;Besi;1;;1;0;0;0;650919e71a0462 PANEL CAPACITOR.jpeg;-
3475;1108;GARDU;20;42;80;GARDU;-;Besi;1;;1;0;0;0;650919e72009c3 PANEL INDUK LISTRIK.jpeg;-
3476;1109;GARDU;20;42;80;GARDU;PANASONIC;Besi;2;;2;0;0;0;650919e7259a45 EXAUST FAN.jpeg;-
3477;364;GARDU;20;42;80;GARDU;TRAFINDO;Besi;1;;1;0;0;0;650919e72d6516 PANEL INCOMING OUT GOING.jpeg;-
3478;1111;GARDU;20;42;80;GARDU;SOCOMEC  ;Besi;1;;1;0;0;0;650919e732d4b7 SIRCOVER.jpeg;-
3479;1112;GARDU;20;42;80;GARDU;-;Besi;1;;0;0;1;0;650919e738af38 PANEL KASONG.jpeg;-
3480;1114;GARDU;20;42;80;GARDU;B & D;Besi;1;;1;0;0;0;650919e73e4c112 TRAFO.jpeg;-
3481;127;GARDU;20;42;80;GARDU;LG;Besi;1;;1;0;0;0;650919e744d3810 AC SPLIT.jpeg;-
3482;1113;GARDU;20;42;80;GARDU;JENIUS;Besi;1;;1;0;0;0;650919e74b2f511 KOTAK-PP PENGUKUR.jpeg;-
3483;0;0;20;42;80;KONTROL FILTER IPA 2;0;0;0;0;0;0;0;0;0;0
3484;0;FILTER IPA 2;20;42;80;KONTROL FILTER IPA 2;0;0;0;0;0;0;0;0;0;0
3485;879;FILTER IPA 2;20;42;80;KONTROL FILTER IPA 2;KLAR STERN;Besi;1;;1;0;0;0;650a4aa84d8085 MOTOR ELEKTRIK SWITCHES IG A.jpeg;-
3486;498;FILTER IPA 2;20;42;80;KONTROL FILTER IPA 2;SANYO/POMPA 150 W;Besi;1;;0;1;0;0;650a4aa853c5b6 POMPA.jpeg;-
3487;865;FILTER IPA 2;20;42;80;KONTROL FILTER IPA 2;ASAHI/PANEL BAUGN LUMPUR LAMA;Besi;1;;0;1;0;0;650a4aa85aa149 PANEL BUANG LUMPUR LAMA.jpeg;-
3488;865;FILTER IPA 2;20;42;80;KONTROL FILTER IPA 2;ASAHI/PANEL CUCI FILTER LAMA;Besi;1;;0;1;0;0;650a4aa86026c10 PANEL CUCI FILTER LAMA.jpeg;-
3489;875;FILTER IPA 2;20;42;80;KONTROL FILTER IPA 2;SUPER SHAPE;Besi;1;;0;1;0;0;650a4aa86555411 COMPRESSOR.jpeg;-
3490;875;FILTER IPA 2;20;42;80;KONTROL FILTER IPA 2;PUMA/COMPRESSOR PK 30-120/10HP;Besi;1;;0;1;0;0;650a4aa86a84912 COMPRESSOR PK 30-120.jpg;-
3491;880;FILTER IPA 2;20;42;80;KONTROL FILTER IPA 2;SHARK/AIR DRYER J2E 08 SG;Besi;1;;0;1;0;0;650a4aa870e9c13 AIR DRYER J2E 08 SG.jpg;-
3492;875;FILTER IPA 2;20;42;80;KONTROL FILTER IPA 2;SHARK/COMPRESSOR TYPE LWP-6502 2HP;Besi;1;;0;1;0;0;650a4aa87794514 COMPRESSOR.jpg;-
3493;1115;FILTER IPA 2;20;42;80;KONTROL FILTER IPA 2;PANEL COMPRESSOR 11A2;Besi;1;;1;0;0;0;650a4aa87d58615 PANEL COMPERSSOR 11A2.jpeg;-
3494;498;FILTER IPA 2;20;42;80;KONTROL FILTER IPA 2;SANYO 125W/POMPA MODEL P.H137 AC;Besi;1;;1;0;0;0;650a4aa882b8a21 POMPA MODEL P.H137 AC.jpeg;-
3495;272;FILTER IPA 2;20;42;80;KONTROL FILTER IPA 2;-;Besi;7;;0;7;0;0;650a4aa8964fb22 LAMPU TIANG PENERANGAN SEDIMEN IPA 2.jpeg;-
3496;126;OPERATOR LAB MINI;20;42;80;Gedung Kantor - R Operator - TC - Lab Induk;PANASONIC/MODEL CS.UV9RKP;Besi;1;;1;0;0;0;650a52dfcd7481 AC SPLIT.jpeg;-
3497;1154;OPERATOR LAB MINI;20;42;80;Gedung Kantor - R Operator - TC - Lab Induk;VELD SCIENTIFICA/CGF;Besi;1;;0;1;0;0;650a52dfd3d6e2 JAR TEST CGF.jpeg;-
3498;829;OPERATOR LAB MINI;20;42;80;Gedung Kantor - R Operator - TC - Lab Induk;LG;Ebonit;1;;1;0;0;0;650a52dfda02b4 TV LED 32.jpeg;-
3499;206;OPERATOR LAB MINI;20;42;80;Gedung Kantor - R Operator - TC - Lab Induk;ICOM;Besi;1;;0;1;0;0;650a52dfdcf8f5 RIG HT 1 COM 1C 2100.jpeg;SUARA PUTUS-PUTUS
3500;205;OPERATOR LAB MINI;20;42;80;Gedung Kantor - R Operator - TC - Lab Induk;ICOM/HT COM 1C-V80;Besi;1;;0;1;0;0;650a52dfdf2496 HT COM 1C-V80.jpeg;-
3501;838;OPERATOR LAB MINI;20;42;80;Gedung Kantor - R Operator - TC - Lab Induk;MATSUYAMA/AVR LD-305;Besi;1;;1;0;0;0;650a52dfe19a18 AC AUTOMATIC VOLVTAGE REGELATOR AVRLD-305.jpeg;-
3502;441;OPERATOR LAB MINI;20;42;80;Gedung Kantor - R Operator - TC - Lab Induk;ICA/CE1200;Ebonit;1;;1;0;0;0;650a52dfe48b09 UPS CE1200.jpeg;-
3503;174;OPERATOR LAB MINI;20;42;80;Gedung Kantor - R Operator - TC - Lab Induk;SIEMENS/MAG 5000;Ebonit;7;;7;0;0;0;650a52dfe7d0710 DISPLY WATER METER MAG 5000.jpeg;-
3504;445;OPERATOR LAB MINI;20;42;80;Gedung Kantor - R Operator - TC - Lab Induk;-;Besi;1;;1;0;0;0;650a52dfea61011 PANEL LISTRIK.jpeg;-
3505;1038;OPERATOR LAB MINI;20;42;80;Gedung Kantor - R Operator - TC - Lab Induk;RESS 2 & RESS 1;Besi;1;;1;0;0;0;650a52dfece3b12 PANEL TINGGI AIR RESS 2 & RESS 1.jpeg;-
3506;839;OPERATOR LAB MINI;20;42;80;Gedung Kantor - R Operator - TC - Lab Induk;RESS 2 & 3 PLAS;Ebonit;2;;2;0;0;0;650a55971398b13 LAMPU INDIKATOR GENANGAN AIR RESS 2 & 3 PLAS.jpeg;-
3507;830;OPERATOR LAB MINI;20;42;80;Gedung Kantor - R Operator - TC - Lab Induk;SAGA;Ebonit;1;;0;1;0;0;650a559719db314 MEJA  KERJA  SETENGAH BIRO.jpg;-
3508;297;OPERATOR LAB MINI;20;42;80;Gedung Kantor - R Operator - TC - Lab Induk;KECIL KAYU/KACA;Ebonit;1;;1;0;0;0;650a5597205ab15 MEJA TAMU (KECIL KAYU DAN KACA).jpeg;-
3509;253;OPERATOR LAB MINI;20;42;80;Gedung Kantor - R Operator - TC - Lab Induk;-;Besi;2;;2;0;0;0;650a5597265f716 KURSI KERJA.jpeg;1 DARI RUANG TC
3510;259;OPERATOR LAB MINI;20;42;80;Gedung Kantor - R Operator - TC - Lab Induk;CHITOS;Besi;2;;0;0;2;0;650a55972af0617 KURSI BESI (KURSI TUNGGU).jpeg;RUSAK
3511;840;OPERATOR LAB MINI;20;42;80;Gedung Kantor - R Operator - TC - Lab Induk;IWAKI/PYREX;Kaca;4;;4;0;0;0;650a55972d71718 GELAS UKUR 150 ML (KACA).jpeg;-
3512;194;OPERATOR LAB MINI;20;42;80;Gedung Kantor - R Operator - TC - Lab Induk;IWAKI/PYREX;Kaca;4;;4;0;0;0;650a5597302c719 GELAS UKUR 1000 ML (KACA).jpeg;-
3513;841;OPERATOR LAB MINI;20;42;80;Gedung Kantor - R Operator - TC - Lab Induk;LOVIBAND;Ebonit;1;;1;0;0;0;650a5597330c020 KOMPARATOR 2000 T.jpeg;-
3514;194;OPERATOR LAB MINI;20;42;80;Gedung Kantor - R Operator - TC - Lab Induk;HERMA;Kaca;1;;1;0;0;0;650a559735b7f21 GELAS UKUR 1000 ML (PANJANG).jpeg;-
3515;210;OPERATOR LAB MINI;20;42;80;Gedung Kantor - R Operator - TC - Lab Induk;SEIKO;Ebonit;1;;0;1;0;0;650a5597388e722 JAM DINDING.jpeg;-
3516;481;GUDANG;40;149;80;GUDANG 1 Aksesoris Dan SR;Lenovo;Ebonit;1;;1;0;0;0;650a5b63e830f5 PC ALL IN ONE.jpg;-
3517;244;OPERATOR LAB MINI;20;42;80;Gedung Kantor - R Operator - TC - Lab Induk;-;Plastik;1;;0;0;1;0;650a5cdaef73523 KOTAK P3K.jpeg;-
3518;483;OPERATOR LAB MINI;20;42;80;Gedung Kantor - R Operator - TC - Lab Induk;JAYCO;Besi;1;;1;0;0;0;650a5cdb01fa124 PENGGARIS BESI.jpeg;-
3519;842;OPERATOR LAB MINI;20;42;80;Gedung Kantor - R Operator - TC - Lab Induk;-;Ebonit;3;;3;0;0;0;650a5cdb07d0725 BAK KONTROL NTU AIR.jpeg;-
3520;843;OPERATOR LAB MINI;20;42;80;Gedung Kantor - R Operator - TC - Lab Induk;DISPLAY PH CENTRELLER HI 8711;Ebonit;2;;2;0;0;0;650a5cdb0e64126 DISPLAY PH CENTRELLER HI 8711.jpeg;-
3521;844;OPERATOR LAB MINI;20;42;80;Gedung Kantor - R Operator - TC - Lab Induk;HANNA;Ebonit;2;;2;0;0;0;650a5cdb1432e27 DISPLAY TURBIDITY NTU.jpeg;-
3522;845;OPERATOR LAB MINI;20;42;80;Gedung Kantor - R Operator - TC - Lab Induk;ACTEON 5000/CHLORINE MONITOR HF SCIENTIFIC INC;Ebonit;1;;1;0;0;0;650a5cdb1b1b028 CHLORINE MONITOR HF SCIENTIFIC INC.jpeg;-
3523;846;OPERATOR LAB MINI;20;42;80;Gedung Kantor - R Operator - TC - Lab Induk;CLX;Ebonit;1;;1;0;0;0;650a5cdb226b629 PANEL CHEMICAL DIGITAL.jpeg;-
3524;623;OPERATOR LAB MINI;20;42;80;Gedung Kantor - R Operator - TC - Lab Induk;L TRON T4-2016;Ebonit;1;;1;0;0;0;650a5cdb27d2130 TURBIDITY METER.jpeg;PENGGANTI YANG RUSAK
3525;0;OPERATOR;20;42;80;Gedung Kantor - R Operator - TC - Lab Induk;0;0;0;0;0;0;0;0;0;0
3526;127;OPERATOR;20;42;80;Gedung Kantor - R Operator - TC - Lab Induk;PANASONIC;Ebonit;1;;1;0;0;0;650a63b449bc21 AC SPLIT.jpeg;-
3527;476;OPERATOR;20;42;80;Gedung Kantor - R Operator - TC - Lab Induk;MITSUBISHI;Ebonit;1;;1;0;0;0;650a63b450de52 WHITE BOARD 117x236 CM.jpeg;-
3528;830;OPERATOR;20;42;80;Gedung Kantor - R Operator - TC - Lab Induk;SAGA;Ebonit;2;;0;2;0;0;650a63b45736d3 MEJA KERJA SETENGAH BIRO.jpeg;-
3529;254;OPERATOR;20;42;80;Gedung Kantor - R Operator - TC - Lab Induk;FANTONI;Ebonit;1;;0;1;0;0;650a63b45dc954 KURSI KERJA PUTAR ATAU RODA.jpeg;-
3530;481;OPERATOR;20;42;80;Gedung Kantor - R Operator - TC - Lab Induk;LENOVO;Ebonit;1;;0;1;0;0;650a63b4637bc5 PC ALL IN ONE.jpeg;-
3531;341;OPERATOR;20;42;80;Gedung Kantor - R Operator - TC - Lab Induk;LENOVO/MOUSE LXH-EMS-102A (PUTIH);Ebonit;1;;0;1;0;0;650a63b4698777 MOUSE LXH-EMS-102A (PUTIH).jpeg;-
3532;55;OPERATOR;20;42;80;Gedung Kantor - R Operator - TC - Lab Induk;CANON/PRINTER PIXMA MP 287 (HITAM);Ebonit;1;;0;1;0;0;650a63b46e3988 PRINTER PIXMA MP 287 (HITAM).jpeg;-
3533;141;OPERATOR;20;42;80;Gedung Kantor - R Operator - TC - Lab Induk;-;Ebonit;4;;2;2;0;0;650a63b4744509 BOX FILE.jpeg;-
3534;826;OPERATOR;20;42;80;Gedung Kantor - R Operator - TC - Lab Induk;INFORMA/LOCKER 12 PINTU (ORANGE);Besi;1;;1;0;0;0;650a63b47b87a12 LOCKER 12 PINTU (ORANGE).jpeg;-
3536;178;OPERATOR;20;42;80;Gedung Kantor - R Operator - TC - Lab Induk;BROTHER/2 PINTU;Besi;1;;1;0;0;0;650a659e07ad413 FILLING CABINET 2 PINTU.jpg;-
3537;445;OPERATOR;20;42;80;Gedung Kantor - R Operator - TC - Lab Induk;-;Besi;1;;1;0;0;0;650a659e0f29a14 PANEL LISTRIK.jpeg;-
3538;830;OPERATOR;20;42;80;Gedung Kantor - R Operator - TC - Lab Induk;ASTROFIS/BESI & KAYU;Ebonit;2;;0;2;0;0;650a659e1535215 MEJA KERJA (BESI & KAYU) SETENGAH BIRO.jpeg;SCADA BARU
3539;254;OPERATOR;20;42;80;Gedung Kantor - R Operator - TC - Lab Induk;ASTROFIS;Ebonit;2;;0;2;0;0;650a659e1b5b816 KURSI KERJA PUTARRODA (SCADA BARU).jpeg;SCADA BARU
3540;126;OPERATOR;20;42;80;Gedung Kantor - R Operator - TC - Lab Induk;SHARP/AC AH-AGENCY;Ebonit;1;;1;0;0;0;650a659e222c917 AC AH-AGENCY 1 PK.jpeg;SCADA BARU
3541;88;OPERATOR;20;42;80;Gedung Kantor - R Operator - TC - Lab Induk;"SAMSUNG/42""";Ebonit;2;;2;0;0;0;650a659e283ef18 TV LED 42.jpeg;SCADA BARU
3542;480;OPERATOR;20;42;80;Gedung Kantor - R Operator - TC - Lab Induk;HP/PC CORE I5;Ebonit;2;;2;0;0;0;650a668fb51b119 PC CORE i5.jpeg;SCADA BARU
3543;219;OPERATOR;20;42;80;Gedung Kantor - R Operator - TC - Lab Induk;LOGITECH;Ebonit;2;;2;0;0;0;650a668fbd8dc20 KEY BOAR & MUOSE.jpeg;SCADA BARU
3544;55;OPERATOR;20;42;80;Gedung Kantor - R Operator - TC - Lab Induk;CANON/PIXMA IP 2770;Ebonit;2;;2;0;0;0;650a668fc484e21 PRINTER PIXMA ip 2770.jpeg;SCADA BARU
3545;275;OPERATOR;20;42;80;Gedung Kantor - R Operator - TC - Lab Induk;"HP/19"" HITAM";Ebonit;1;;1;0;0;0;650a668fcab9b22 MONITOR 19 HITAM.jpeg;SCADA BARU
3546;122;OPERATOR;20;42;80;Gedung Kantor - R Operator - TC - Lab Induk;-;Besi;1;;1;0;0;0;650a668fd0c6e23 KOTAK SERVER.jpeg;SCADA BARU
3547;0;POMPA DIST IPA 1;20;42;80; POMPA DIST IPA 1;0;0;0;0;0;0;0;0;0;0
3548;445;PBK;20;42;80;Gedung PBK Unit 1;-;Besi;1;;1;0;0;0;650a897d6060f1 PANEL LISTRIK.jpeg;-
3549;1039;PBK;20;42;80;Gedung PBK Unit 1;-;Besi;1;;0;0;1;0;650a897d6984a2 LOCKER 6 PINTU.jpeg;RUSAK
3550;630;PBK;20;42;80;Gedung PBK Unit 1;ARITA/VALVE BAK BAHAN KIMIA;Besi;5;;5;0;0;0;650a897d705213 VALVE BAK BAHAN KIMIA.jpeg;-
3551;241;PBK;20;42;80;Gedung PBK Unit 1;BROOM WADE/KOMPESOR TYPE CAR 10;Besi;1;;0;0;1;0;650a897d7688d4 KOMPESOR.jpeg;RUSAK
3552;271;PBK;20;42;80;Gedung PBK Unit 1;PHILIPS;Besi;12;;0;0;12;0;650a897d7c4755 LAMPU TIANG MERCURY.jpeg;-
3553;152;PBK;20;42;80;Gedung PBK Unit 1;BEKAS GAS CHLOR;Besi;1;;0;0;1;0;650a8af37b77c6 CHAIN BLOK 3 TON.jpeg;RUSAK
3554;516;PBK;20;42;80;Gedung PBK Unit 1;-;Besi;2;;0;0;2;0;650a8af3815277 POMPA SUBMERSIBLE.jpeg;RUSAK
3555;972;PBK;20;42;80;Gedung PBK Unit 1;HIJAU;Besi;2;;0;0;2;0;650a8af386c858 CHAIN BLOK.jpeg;RUSAK
3556;322;PBK;20;42;80;Gedung PBK Unit 1;-;Besi;4;;0;0;4;0;650a8af38ce369 MOTOR MIXER.jpeg;RUSAK
3557;601;PBK;20;42;80;Gedung PBK Unit 1;-;Plastik;2;;2;0;0;0;650a8af392df811 TANDON TAWAS INJEKSI.jpeg;-
3558;316;PBK;20;42;80;Gedung PBK Unit 1;BONFIGAIOLI;Besi;5;;5;0;0;0;650a8af398f7b12 MIXER PENGADUK BAHAN KIMIA.jpeg;-
3559;312;PBK;20;42;80;Gedung PBK Unit 1;NATIONAL;Besi;1;;1;0;0;0;650a8af39e90213 MIXER GARAM.jpeg;MODEL HD.LS23
3560;617;PBK;20;42;80;Gedung PBK Unit 1;COM.DAC;Besi;2;;2;0;0;0;650a8cb61932216 TANGKI WATER SOFTENER.jpeg;-
3561;589;PBK;20;42;80;Gedung PBK Unit 1;BMJ/ORANGE;Plastik;4;;0;0;4;0;650a8cb61c7ce20 TANDON 5500 L ORANGE.jpeg;PECAH
3562;390;PBK;20;42;80;Gedung PBK Unit 1;BMJ/BIRU;Plastik;5;;5;0;0;0;650a8cb61f84121 TANDON 5000 L BIRU.jpeg;-
3563;584;PBK;20;42;80;Gedung PBK Unit 1;TANDON FIBER 5000 L BIRU;Fiber;6;;6;0;0;0;650a8cb6230ff22 TANDON FIBER 5000 L BIRU.jpeg;-
3564;310;PBK;20;42;80;Gedung PBK Unit 1;TRANSTECNO/MIXER GARAM;Besi;1;;1;0;0;0;650a8cb62618123 MIXER GARAM.jpeg;-
3565;975;PBK;20;45;89;PBK;-;Besi;2;;2;0;0;0;650a8d9d447e8Logo Perumdam.jpg;-
3566;975;PBK;20;45;89;PBK;-;Besi;2;;2;0;0;0;650a8e23347ccLogo Perumdam.jpg;-
3567;505; POMPA DIST IPA 1;20;42;80; POMPA DIST IPA 1;HIBON;Besi;2;;0;0;2;0;650a9048c5aad1 POMPA BLOWER.jpeg;-
3568;335; POMPA DIST IPA 1;20;42;80; POMPA DIST IPA 1;CEM/15 KW (WASH/BLOW);Besi;4;;0;0;4;0;650a9048cadb52 MOTOR POMPA BLOWER.jpeg;2 WASH DAN 2 BLOWER
3569;187; POMPA DIST IPA 1;20;42;80; POMPA DIST IPA 1;ELAFLEX/FLEXYBLE 1413 MM;Karet;4;;0;0;4;0;650a9048cf94f3 FLEXYBLE.jpeg;-
3570;154; POMPA DIST IPA 1;20;42;80; POMPA DIST IPA 1;VIKING JOHNSON/1413 MM;Besi;2;;0;2;0;0;650a9048d40424 CHECK VALVE.jpeg;-
3571;154; POMPA DIST IPA 1;20;42;80; POMPA DIST IPA 1;PN.16 125;Besi;2;;0;2;0;0;650a9048d8fb56 CHECK VALVE.jpeg;-
3572;630; POMPA DIST IPA 1;20;42;80; POMPA DIST IPA 1;MIAOUX/DN.250 (POMPA WASHING);Besi;2;;0;2;0;0;650a9048debc310 VALVE.jpeg;-
3573;516; POMPA DIST IPA 1;20;42;80; POMPA DIST IPA 1;EBARA PUMP/5.5 KW;Besi;1;;1;0;0;0;650a928bbbe5111.jpeg;-
3574;630; POMPA DIST IPA 1;20;42;80; POMPA DIST IPA 1;AVK/DN.350;Besi;1;;1;0;0;0;650a928bc381012.jpeg;-
3575;975; POMPA DIST IPA 1;20;42;80; POMPA DIST IPA 1;JOKY PUMP 15 KW;Besi;1;;1;0;0;0;650a928bc9e6813 PANEL POMPA JOKY PUMP 15 KW.jpg;-
3576;975; POMPA DIST IPA 1;20;42;80; POMPA DIST IPA 1;PANEL POMPA LAMA NO. 4;Besi;1;;0;0;1;0;650a928bd11f015 PANEL POMPA LAMA.jpg;-
3577;516; POMPA DIST IPA 1;20;42;80; POMPA DIST IPA 1;DINFLO/5 HP/HEAD 23 M;Besi;1;;0;0;1;0;650a928bd66b116 POMPA SUBMERSIBLE.jpeg;-
3578;1144; POMPA DIST IPA 1;20;42;80; POMPA DIST IPA 1;ALICO JKT/RUANG POMPA;Besi;1;;1;0;0;0;650a928bdb0a420 PANEL LAMPU PENERANGAN.jpeg;-
3579;152; POMPA DIST IPA 1;20;42;80; POMPA DIST IPA 1;-;Besi;1;;1;0;0;0;650a928be16f721 CHAIN BLOCK.jpeg;-
3580;497; POMPA DIST IPA 1;20;42;80; POMPA DIST IPA 1;"PNEUMATIC VALVE 2"" (POMPA WASHING)";Besi;2;;0;0;2;0;650a928be772f22 PNEUMATIC VALVE 2'.jpg;-
3581;0;0;20;42;80;POMPA IPA 2;0;0;0;0;0;0;0;0;0;0
3583;0;GUDANG SR;40;149;80;KANTOR GUDANG;0;0;0;0;0;0;0;0;0;0
3584;0;0;20;42;80;RUANG SYPHON;0;0;0;0;0;0;0;0;0;0
3585;0;SYPHON;20;42;80;RUANG SYPHON;0;0;0;0;0;0;0;0;0;0
3586;630;SYPHON;20;42;80;RUANG SYPHON;DAE-Q1/DN.250 (DARI FILTER);Besi;6;;0;6;0;0;650abcf36fe231 VALVE.jpeg;-
3587;630;SYPHON;20;42;80;RUANG SYPHON;VALVE BLOWER  ;Besi;3;;0;3;0;0;650abcf3768a42 VALVE BLOWER.jpeg;-
3588;497;SYPHON;20;42;80;RUANG SYPHON;BURKERT GERMANY/530 (KECIL Y BLOWER);Besi;3;;0;0;3;0;650abcf37c8853 PNEUMATIK 530.jpeg;RUSAK
3589;497;SYPHON;20;42;80;RUANG SYPHON;BURKERT GERMANY/SN 40532 (BESAR/AIR FILTER);Besi;6;;0;0;6;0;650abcf3825a64 PNEUMATIK.jpeg;RUSAK
3590;160;SYPHON;20;42;80;RUANG SYPHON;AIR FILTER;Besi;3;;0;3;0;0;650abcf388b176 CHECK VALVE.jpeg;-
3591;516;SYPHON;20;42;80;RUANG SYPHON;EBARA PUMP/KECIL;Besi;1;;1;0;0;0;650abcf38ea277 POMPA SUBMERSIBLE.jpeg;-
3592;0;0;20;42;80;RESSERVOIR 2;0;0;0;0;0;0;0;0;0;0
3593;0;RESSERVOIR 2;20;42;80;RESSERVOIR 2;0;0;0;0;0;0;0;0;0;0
3594;975;RESSERVOIR 2;20;42;80;RESSERVOIR 2;PANEL POMPA BLOWER RUANGAN;Besi;1;;0;0;1;0;650b813f8511f3 PANEL POMPA BLOWER RUANGAN.jpeg;-
3595;516;RESSERVOIR 2;20;42;80;RESSERVOIR 2;POMPA SUBMERSIBLE 2.7 KW;Besi;1;;1;0;0;0;650b813f882cd4 PANEL SUBMERSIBLE.jpeg;-
3596;1138;RESSERVOIR 2;20;42;80;RESSERVOIR 2;PANEL ALARM RUANGAN;Besi;1;;1;0;0;0;650b813f8a47f5 PANEL ALRM RUANGAN.jpeg;-
3597;975;RESSERVOIR 2;20;42;80;RESSERVOIR 2;PANEL POMPA BLOWER FILTER;Besi;1;;1;0;0;0;650b813f8c7106 PANEL POMPA BLOWER FILTER.jpeg;-
3598;975;RESSERVOIR 2;20;42;80;RESSERVOIR 2;FRENIS ECO/NO. 2 (JALUR KOREM);Besi;1;;1;0;0;0;650b813f8ea747 PANEL POMPA NO 2.jpeg;-
3599;151;RESSERVOIR 2;20;42;80;RESSERVOIR 2;NITTO/3 TON;Besi;1;;1;0;0;0;650b831b3e95013 ELEKTRIK CHAIN BLOCK 3 TON.jpeg;-
3600;975;RESSERVOIR 2;20;42;80;RESSERVOIR 2;TELEMECANIQUE/NO. 5 (AWS);Besi;1;;1;0;0;0;650b831b4536c14 PANEL POMPA NO 5 (AWS).jpeg;-
3601;0;0;20;42;80;RESSERVOIR 3;0;0;0;0;0;0;0;0;0;0
3602;0;RESSERVOIR 3;20;42;80;RESSERVOIR 3;0;0;0;0;0;0;0;0;0;0
3603;975;RESSERVOIR 3;20;42;80;RESSERVOIR 3;SCHNEIDER/315 KW;Besi;2;;2;0;0;0;650b88dec16d01 PANEL POMPA 315 KW.jpeg;-
3604;975;RESSERVOIR 3;20;42;80;RESSERVOIR 3;315 KW/3P/380V;Besi;1;;0;0;1;0;650b88dec82062 PANEL POMPA 315 KW.jpeg;-
3605;975;RESSERVOIR 3;20;42;80;RESSERVOIR 3;GRUNDFOS;Besi;1;;0;0;1;0;650b88decddc13 PANEL POMPA.jpeg;-
3606;1138;RESSERVOIR 3;20;42;80;RESSERVOIR 3;RUANG POMPA;Besi;1;;1;0;0;0;650b88ded3fc84 PANEL ALARM RUANG POMPA.jpeg;-
3607;877;RESSERVOIR 3;20;42;80;RESSERVOIR 3;-;Ebonit;1;;1;0;0;0;650b88deda10f5 KOTAK MCB CHAIN BLOK.jpeg;-
3608;151;RESSERVOIR 3;20;42;80;RESSERVOIR 3;NITTO/3 TON;Besi;1;;1;0;0;0;650b8b36449406 ELEKTRIK CHAN BLOK 3 TON.jpeg;-
3609;124;RESSERVOIR 3;20;42;80;RESSERVOIR 3;PANASONIC/CS-YN18TKP;Besi;3;;0;3;0;0;650b8b364a16f7 AC SPLIT.jpeg;-
3610;269;RESSERVOIR 3;20;42;80;RESSERVOIR 3;-;Besi;2;;2;0;0;0;650b8b36509608 LAMPU MERCURY.jpeg;-
3611;630;RESSERVOIR 3;20;42;80;RESSERVOIR 3;TOZEN/DN.300;Besi;3;;3;0;0;0;650b8b3656e309 VALVE DN.300.jpeg;PIPA INLET POMPA 1
3612;630;RESSERVOIR 3;20;42;80;RESSERVOIR 3;BUTTERFLY/DN.300;Besi;3;;3;0;0;0;650b8b365d0c810 VALVE DN.300.jpeg;INLET POMP 2,3,4
3613;185;RESSERVOIR 3;20;42;80;RESSERVOIR 3;DN.300;Karet;2;;2;0;0;0;650b8b36603e411 FLEXYBLE JOINT.jpeg;POMPA NO 2
3614;185;RESSERVOIR 3;20;42;80;RESSERVOIR 3;ARMFLEX/DN.500;Karet;2;;2;0;0;0;650b8b3663b0912 FLEXYBLE JOINT.jpeg;PIPA INLET
3615;185;RESSERVOIR 3;20;42;80;RESSERVOIR 3;TOZEN/CALA/DN.400;Karet;2;;2;0;0;0;650b8b36687a313 FLEXYBLE JOINT.jpeg;POMPA 3&4
3616;161;RESSERVOIR 3;20;42;80;RESSERVOIR 3;-;Besi;1;;1;0;0;0;650b8b366fc0514 CHECK VALVE.jpeg;POMPA NO.2
3617;154;RESSERVOIR 3;20;42;80;RESSERVOIR 3;DN.400;Besi;2;;2;0;0;0;650b8b36766c315 CHECK VALVE.jpeg;POMPA NO 3&4
3618;324;RESSERVOIR 3;20;42;80;RESSERVOIR 3;MEZ/315 KW. 10 BG 357-4AB70-Z;Besi;1;;1;0;0;0;650b8db5c004a16 MOTOR POMPA.jpeg;POMPA NO 1
3619;498;RESSERVOIR 3;20;42;80;RESSERVOIR 3;TORISHIMA/TYPE & SIZE 400x300 GN 315 KW;Besi;2;;1;1;0;0;650b8db5c674717 POMPA.jpeg;POMPA NO 3
3620;324;RESSERVOIR 3;20;42;80;RESSERVOIR 3;AEB GERMANY/TYPE 355L 355 KW;Besi;2;;1;1;0;0;650b8db5cdf4e18 MOTOR POMPA.jpeg;POMPA NO 3
3621;498;RESSERVOIR 3;20;42;80;RESSERVOIR 3;DACO PUMP/99CO3779-R2-C;Besi;2;;2;0;0;0;650b8db5d3bc119 POMPA.jpeg;POMPA NO 2&4
3622;324;RESSERVOIR 3;20;42;80;RESSERVOIR 3;DACO/MODEL CLD 355L2-4/315 KW;Besi;2;;2;0;0;0;650b8db5d9d4c20 MOTOR POMPA.jpeg;POMPA NO 2&4
3623;516;RESSERVOIR 3;20;42;80;RESSERVOIR 3;-;Besi;1;;1;0;0;0;650b8db5e0d6221 POMPA SUBMERSIBLE.jpeg;PEMBUANGAN
3624;268;RESSERVOIR 3;20;42;80;RESSERVOIR 3;PHILIPS/100 WATT;Besi;2;;2;0;0;0;650b8db5e58ef22 LAMPU PENERANGAN.jpeg;-
3625;562;RESSERVOIR 3;20;42;80;RESSERVOIR 3;SIEMENS/DN MAG 5100 W;Besi;1;;1;0;0;0;650b8db5ec20e24 SENSOR WATER METER DIGITAL.jpeg;-
3626;630;RESSERVOIR 3;20;42;80;RESSERVOIR 3;DN 600 MM;Besi;3;;3;0;0;0;650b8db5f23aa25 VALVE.jpeg;-
3627;185;FULSATOR IPA I;20;42;80;FULSATOR IPA I;"4""";Karet;2;;0;2;0;0;650b92f90900b8 FLEXYBLE JOINT.jpeg;-
3628;991; POMPA DIST IPA 1;20;42;80; POMPA DIST IPA 1;WPIL INDIA;Besi;1;;1;0;0;0;650ba2657f39b1 POMPA DISTRIBUSI NO 1.jpeg;-
3629;324; POMPA DIST IPA 1;20;42;80; POMPA DIST IPA 1;ALSTOM/NO. 1;Besi;1;;1;0;0;0;650ba2658705d2 MOTOR POMPA NO 1.jpeg;-
3630;162; POMPA DIST IPA 1;20;42;80; POMPA DIST IPA 1;SCI THAILAND/POMPA I);Besi;1;;1;0;0;0;650ba265a27763 VALVE POMPA NO 1.jpeg;-
3631;630; POMPA DIST IPA 1;20;42;80; POMPA DIST IPA 1;VALVE POMPA NO 1 (DN.350);Besi;1;;1;0;0;0;650ba265a95bd4 VALVE POMPA NO 1.jpeg;-
3632;498; POMPA DIST IPA 1;20;42;80; POMPA DIST IPA 1;KSB LAHORE/NO 2;Besi;1;;1;0;0;0;650ba265b01355 POMPA NO 2.jpeg;-
3633;324; POMPA DIST IPA 1;20;42;80; POMPA DIST IPA 1;TECO/NO 2 (160 KW);Besi;1;;1;0;0;0;650ba265b60866 MOTOR POMPA NO 2.jpeg;-
3634;185; POMPA DIST IPA 1;20;42;80; POMPA DIST IPA 1;DN.250;Karet;1;;1;0;0;0;650ba265bc7fb7 FLEXYBLE JOINT.jpeg;-
3635;160; POMPA DIST IPA 1;20;42;80; POMPA DIST IPA 1;LOUIS VIOTON/POMP 2;Besi;1;;1;0;0;0;650ba265c36cc8 CHECK VALVE.jpeg;-
3636;630; POMPA DIST IPA 1;20;42;80; POMPA DIST IPA 1;TOZEN/VALVE POMPA NO 2 DN.250;Besi;1;;1;0;0;0;650ba265c9f339 VALVE POMPA NO 2.jpeg;-
3637;507; POMPA DIST IPA 1;20;42;80; POMPA DIST IPA 1;WPIL INDIA/NO 3;Besi;1;;0;1;0;0;650ba265d1fc110 POMPA DISTRIBUSI NO 3.jpeg;-
3638;324; POMPA DIST IPA 1;20;42;80; POMPA DIST IPA 1;ALSTOM/NO 3;Besi;1;;1;0;0;0;650ba265d7cfb11 MOTOR POMPA NO 3.jpeg;-
3639;498; POMPA DIST IPA 1;20;42;80; POMPA DIST IPA 1;ALSTOM/POMPA WASHING FILTER;Besi;2;;0;0;2;0;650ba51a28c779 POMPA WASHING FILTER.jpg;-
3640;186; POMPA DIST IPA 1;20;42;80; POMPA DIST IPA 1;TOZEN/POMPA 3;Karet;1;;1;0;0;0;650ba51a318f412 FELXYBLE.jpeg;-
3641;162; POMPA DIST IPA 1;20;42;80; POMPA DIST IPA 1;POMPA 3;Besi;1;;1;0;0;0;650ba51a37ebc13 CHECK VALVE.jpeg;-
3642;630; POMPA DIST IPA 1;20;42;80; POMPA DIST IPA 1;DN.350 (POMPA 3);Besi;1;;1;0;0;0;650ba51a3e0a114 VALVE POMPA.jpeg;-
3643;498; POMPA DIST IPA 1;20;42;80; POMPA DIST IPA 1;KSB LAHORE/NO 4 DISTRIBUSI;Besi;1;;1;0;0;0;650ba51a4402715 POMPA NO 4 DISTRIBUSI.jpeg;-
3644;336; POMPA DIST IPA 1;20;42;80; POMPA DIST IPA 1;TECO/NO 4 (160 KW);Besi;1;;1;0;0;0;650ba51a4bbd416 POMPA NO 4 DISTRIBUSI.jpeg;-
3645;187; POMPA DIST IPA 1;20;42;80; POMPA DIST IPA 1;POMPA NO 4;Karet;1;;1;0;0;0;650ba51a51d5917 FLEXYBLE.jpeg;-
3646;161; POMPA DIST IPA 1;20;42;80; POMPA DIST IPA 1;-;Besi;1;;1;0;0;0;650ba51a580ff18 CHECK VALVE.jpeg;-
3647;630; POMPA DIST IPA 1;20;42;80; POMPA DIST IPA 1;VALVE POMPA DN.300 (POMPA NO 4);Besi;1;;1;0;0;0;650ba51a5f12a19 VALVE POMPA.jpeg;-
3648;498; POMPA DIST IPA 1;20;42;80; POMPA DIST IPA 1;EBARA PUMP/BACKWASH;Kaca;1;;1;0;0;0;650ba51a65ebb20 POMPA BACKWASH.jpeg;-
3649;875; POMPA DIST IPA 1;20;42;80; POMPA DIST IPA 1;MATRIX MTX-3080;Besi;1;;1;0;0;0;650ba51a6c1c621 COMPRESSORS.jpeg;-
3650;876; POMPA DIST IPA 1;20;42;80; POMPA DIST IPA 1;SHOWFOU;Besi;1;;1;0;0;0;650ba51a7172922 BLOWERS.jpeg;-
3651;0;POMPA IPA 2;20;42;80;POMPA IPA 2;0;0;0;0;0;0;0;0;0;0
3652;324;POMPA IPA 2;20;42;80;POMPA IPA 2;SIEMENS ECECTE/135 KW (POMPA NO 1,2&3);Besi;3;;1;0;2;0;650babf0556d41 MOTOR POMPA 135 KW.jpeg;-POMPA 1,2,3
3653;630;POMPA IPA 2;20;42;80;POMPA IPA 2;"LOUIS VIOTTON/POMPA 8""";Besi;1;;0;1;0;0;650babf05c0552 VALVE POMPA.jpeg;-
3654;1076;POMPA IPA 2;20;42;80;POMPA IPA 2;-;Besi;4;;4;0;0;0;650babf061b2e3 VALVE PIPA INCLET POMPA 8.jpeg;POMPA 1,2,3,6
3655;498;POMPA IPA 2;20;42;80;POMPA IPA 2;GRUNDFOS/MODEL KF-92100-15402/1-450;Besi;2;;2;0;0;0;650babf067fbe7 POMPA.jpeg;-
3656;185;POMPA IPA 2;20;42;80;POMPA IPA 2;"FLEXYBLE JOINT 8"" (POMPA & PIPA INLET)";Karet;8;;8;0;0;0;650babf06e4ca4 FLEXYBLE JOINT 8.jpeg;POMPA 1,2,3,6
3657;498;POMPA IPA 2;20;42;80;POMPA IPA 2;GRUNDFOS/200X150-500;Besi;3;;2;0;1;0;650babf0745675 POMPA.jpeg;-
3658;657;POMPA IPA 2;20;42;80;POMPA IPA 2;100 LITER;Besi;1;;1;0;0;0;650babf079a816 WATER HAMER.jpeg;-
3659;185;POMPA IPA 2;20;42;80;POMPA IPA 2;"400"" (POMPA 4&5)";Karet;1;;1;0;0;0;650babf0812e78 FLEXYBLE JOINT.jpeg;-
3660;324;POMPA IPA 2;20;42;80;POMPA IPA 2;ELEKTRIM/250 KW. TYPE SE 355M-4;Besi;2;;2;0;0;0;650babf088db09 MOTOR POMPA.jpeg;"POMPA NO 4 & 5
"
3661;154;POMPA IPA 2;20;42;80;POMPA IPA 2;DN 400;Besi;2;;2;0;0;0;650babf08ecb410 CHECK VALVE.jpeg;"POMPA NO 4 & 5
"
3662;630;POMPA IPA 2;20;42;80;POMPA IPA 2;"BUTTERFLY/POMPA DN.400""";Besi;2;;2;0;0;0;650babf09499411 VALVE POMPA.jpeg;"POMPA NO 4 & 5
"
3663;1085;POMPA IPA 2;20;42;80;POMPA IPA 2;BUTTERFLY;Besi;2;;2;0;0;0;650babf09a28a12 VALVE INLET POMPA.jpeg;"POMPA NO 4 & 5
"
3664;1086;POMPA IPA 2;20;42;80;POMPA IPA 2;BUTTERFLY;Besi;1;;1;0;0;0;650babf0a123a13 VALVE BLOWER RUANGAN.jpeg;"POMPA NO 4 & 5
"
3665;1087;POMPA IPA 2;20;42;80;POMPA IPA 2;ANTUNG CO.THY;Besi;1;;1;0;0;0;650bad545bd4214 MOTOR POMPA BLOWER RUANGAN.jpeg;PT. INDISI
3666;1088;POMPA IPA 2;20;42;80;POMPA IPA 2;TOZEN;Besi;1;;1;0;0;0;650bad54620b915 VALVE INLET POMPA NO 6.jpeg;-
3667;1139;POMPA IPA 2;20;42;80;POMPA IPA 2;-;Karet;1;;1;0;0;0;650bad546877516 FLEXYBLE INLET.jpeg;-
3668;324;POMPA IPA 2;20;42;80;POMPA IPA 2;FRESTAT;Besi;1;;1;0;0;0;650bad546e8a517 MOTOR POMPA.jpeg;-
3669;498;POMPA IPA 2;20;42;80;POMPA IPA 2;TORISHIMA/NO 6;Besi;1;;1;0;0;0;650bad5475df318 POMPA NO 6.jpeg;"POMPA NO 6
"
3670;1092;POMPA IPA 2;20;42;80;POMPA IPA 2;TUTHIL;Besi;1;;1;0;0;0;650baea35da2b21 POMPA BLOWER FILTER.jpeg;-
3671;185;POMPA IPA 2;20;42;80;POMPA IPA 2;DN.150;Karet;1;;1;0;0;0;650baea36f8d622 FLEXYBLE JOINT.jpeg;-
3672;630;POMPA IPA 2;20;42;80;POMPA IPA 2;DN 150;Besi;1;;1;0;0;0;650baea37652b23 VALVE.jpeg;-
3673;158;POMPA IPA 2;20;42;80;POMPA IPA 2;-;Besi;1;;1;0;0;0;650baea37c78524 CHECK VALVE.jpeg;"JALUR BLOWER
"
3674;269;POMPA IPA 2;20;42;80;POMPA IPA 2;PHILIPS;Besi;1;;1;0;0;0;650baea38171125 LAMPU PENERANG MERCURY.jpeg;-
3675;630;POMPA IPA 2;20;42;80;POMPA IPA 2;"POMPA NO 3 DN.8""";Besi;1;;1;0;0;0;650baea3843be26 VALVE POMPA NO 3.jpeg;-
3676;177;FULSATOR IPA I;20;42;80;FULSATOR IPA I;"MASPION/MN.25 NEX 10""";Besi;1;;1;0;0;0;650bb76bbd78e9 EXAUST FAN.jpeg;-
3677;177;FULSATOR IPA I;20;42;80;FULSATOR IPA I;"PANASONIC/10""";Besi;1;;1;0;0;0;650bb76bc30c410 EXAUST FAN.jpeg;-
3678;177;FULSATOR IPA I;20;42;80;FULSATOR IPA I;EXAUST FAN PANEL;Besi;1;;1;0;0;0;650bb7925d6b912 EXAUST FAN PANEL.jpeg;-
3679;1195;FILTER IPA 2;20;42;80;KONTROL FILTER IPA 2;NO 1-6 LAMA;Besi;6;;0;0;6;0;650bb8b5a89871 CONTROL PANEL FILTER (NO 1 - 6).jpeg;-
3680;878;FILTER IPA 2;20;42;80;KONTROL FILTER IPA 2;LAMA;Besi;1;;0;0;1;0;650bb8b5aee572 SLUDGE REMOVAL CONTROL.jpeg;-
3681;1199;FILTER IPA 2;20;42;80;KONTROL FILTER IPA 2;-;Besi;1;;1;0;0;0;650bb8d23b5584 LIGHTING PANEL.jpeg;-
3682;1196;OPERATOR;20;42;80;Gedung Kantor - R Operator - TC - Lab Induk;LOGITECH;Ebonit;1;;1;0;0;0;650bb956319dc6 KEY BOARD HITAM.jpeg;-
3683;973;PBK;20;42;80;Gedung PBK Unit 1;WIPRO/GARAM;Besi;1;;0;1;0;0;650bb9bf9cf1b24 CRAN GARAM.jpeg;-
3684;531; POMPA DIST IPA 1;20;42;80; POMPA DIST IPA 1;FESTO/REGULATOR BLOWER UDARA;Besi;1;;0;1;0;0;650bba21b54495 REGULATOR BLOWER.jpeg;-
3685;177;RESSERVOIR 2;20;42;80;RESSERVOIR 2;PANEL POMPA KOREM;Besi;1;;1;0;0;0;650bbb0c1817410 EXAUST FAN.jpeg;-
3686;177;RESSERVOIR 2;20;42;80;RESSERVOIR 2;KDK/RUANGAN MODEL 40 AAS;Besi;1;;1;0;0;0;650bbb0c1facb11 EXAUST FAN.jpeg;-
3687;1109;RESSERVOIR 2;20;42;80;RESSERVOIR 2;NATIONAL;Besi;2;;1;0;1;0;650bbb0c24eb612 EXAUST FAN.jpeg;-
3688;1197;RESSERVOIR 3;20;42;80;RESSERVOIR 3;PHILIPS;Besi;1;;1;0;0;0;650bbb5becfa523 LAMPU TIANG PENERANGAN.jpeg;-
3689;1198;SYPHON;20;42;80;RUANG SYPHON;TELEMECANIQUE;Besi;3;;0;0;3;0;650bbbc796a9f5 INDIKATOR AIR PRESSOR.jpeg;RUSAK
3690;0;0;20;42;80;PBK;0;0;0;0;0;0;0;0;0;0
3691;0;PBK 2;20;42;80;PBK;0;0;0;0;0;0;0;0;0;0
3692;622;PBK 2;20;42;80;PBK;TP TRAFINDO/SERI 11235150 200 KVA;Besi;1;;0;0;1;0;650bc002c9c763 TRAFO.jpeg;TERBAKAR/DARI PADAELO
3693;390;PBK 2;20;42;80;PBK;ME  ;Plastik;1;;0;0;1;0;650bc002d0c434 TANDON 5000 L.jpeg;"SOLAR
"
3694;311;PBK 2;20;42;80;PBK;LANTAI 2;Besi;3;;0;2;1;0;650bc002d7eb26 MIXER BAHAN KIMIA.jpeg;-
3695;630;PBK 2;20;42;80;PBK;"BAHAN KIMIA 7""";Besi;1;;0;0;1;0;650bc002dda647 VALVE BAHAN KIMIA 7.jpeg;-
3696;630;PBK 2;20;42;80;PBK;"BAHAN KIMIA 7""";PVC;4;;0;4;0;0;650bc002e3af18 VALVE BAHAN KIMIA 7.jpeg;-
3697;630;PBK 2;20;42;80;PBK;"4"" (1 BESI/2 PVC)";Besi;3;;0;3;0;0;650bc002e9c469 VALVE.jpeg;-
3698;489;PBK 2;20;42;80;PBK;UNILON/ABU ABU;PVC;5;;5;0;0;0;650bc002efac810 PIPA 2,5 (ABU ABU).jpeg;-
3699;492;PBK 2;20;42;80;PBK;UNILON/ABU ABU;PVC;1;;1;0;0;0;650bc00301a6611 PIPA 4 (ABU ABU).jpeg;-
3700;489;PBK 2;20;42;80;PBK;UNILON/PUTIH;PVC;8;;8;0;0;0;650bc00307ed712 PIPA 2,5 (PUTIH).jpeg;-
3701;488;PBK 2;20;42;80;PBK;-;PVC;7;;7;0;0;0;650bc0030dcc013 PIPA.jpeg;-
3702;468;PBK 2;20;42;80;PBK;-;Besi;1;;1;0;0;0;650bc00314aba14 PANEL POMPA TRANSFER TAWAS.jpeg;-
3703;454;PBK 2;20;42;80;PBK;-;Besi;1;;1;0;0;0;650bc0031acbb15 PANEL MIXER KAPORIT.jpeg;-
3704;453;PBK 2;20;42;80;PBK;1&2;Besi;2;;2;0;0;0;650bc00321bc916 PANEL MIXER ALUM.jpeg;-
3705;456;PBK 2;20;42;80;PBK;-;Besi;1;;1;0;0;0;650bc00327eaf17 PANEL PE.jpeg;-
3706;573;PBK 2;20;42;80;PBK;DELTA;Ebonit;1;;0;1;0;0;650bd4df5ee1a18 SPEED CONTROL SI.jpeg;-
3707;455;PBK 2;20;42;80;PBK;-;Ebonit;1;;1;0;0;0;650bd4df6662019 PANEL MIXER SODA ASH.jpeg;-
3708;242;PBK 2;20;42;80;PBK;ANDELI/3,76/5,5 P MODEL ADL;Ebonit;1;;1;0;0;0;650bd4df6c6c220 KONTROL SPEED MIXER.jpeg;-
3709;630;PBK 2;20;42;80;PBK;"7"" DARI BAK MIXER B KIMIA (LT DASAR)";Besi;3;;0;0;3;0;650bd4df72d9721 VALVE.jpeg;-
3710;517;PBK 2;20;42;80;PBK;NOCCHI/MCX 200/52 ;Besi;1;;1;0;0;0;650bd4df78cc622 POMPA TAWAS.jpeg;-
3711;517;PBK 2;20;42;80;PBK;GRUNDFOS/MOT MG 80A2-19FT100-B;Besi;1;;0;1;0;0;650bd4df7ee2723 POMPA TAWAS.jpeg;-
3712;589;PBK 2;20;42;80;PBK;GRAND (GARAM);PVC;3;;2;1;0;0;650bd4df84bba24 TANDON 5500L.jpeg;-
3713;267;PBK 2;20;42;80;PBK;-;Ebonit;2;;0;0;2;0;650bd4df8a90227 LAMPU PENERANG AIR TERJUN.jpeg;-
3714;501;PBK 2;20;42;80;PBK;LAKONI 3/4 SPQ 100;Besi;1;;0;0;1;0;650bd4df903c829 POMPA AIR MANCUR.jpeg;-
3715;0;0;20;42;80;RUMAH POMPA;0;0;0;0;0;0;0;0;0;0
3716;0;PANEL;20;42;80;RUMAH POMPA;0;0;0;0;0;0;0;0;0;0
3717;127;PANEL;20;42;80;RUMAH POMPA;PANASONIC;Ebonit;4;;4;0;0;0;650bd66c6019d1 AC SPLIT.jpeg;-
3718;975;PANEL;20;42;80;RUMAH POMPA;SHNEIDER/NO 1;Besi;1;;1;0;0;0;650bd66c6600f2 PANEL POMPA NO 1.jpeg;-
3719;975;PANEL;20;42;80;RUMAH POMPA;FRENIC/NO 2 (5000 G11);Besi;1;;1;0;0;0;650bd66c6c3433 PANEL POMPA NO 2.jpeg;-
3720;975;PANEL;20;42;80;RUMAH POMPA;NO 3;Besi;1;;1;0;0;0;650bd66c71d384 PANEL POMPA NO 3.jpeg;-
3721;975;PANEL;20;42;80;RUMAH POMPA;NO 4;Besi;1;;1;0;0;0;650bd66c784635 PANEL POMPA NO 4.jpeg;-
3722;128;PBK 2;20;42;80;PBK;-;Beton;1;;1;0;0;0;650bdaa81dbcaLogo Perumdam.jpg;-
3723;830;GUDANG SR;40;149;80;KANTOR GUDANG;-;Kayu;5;;4;0;1;0;650bde1a0a95bLogo Perumdam.jpg;-
3724;280;GUDANG SR;40;149;80;KANTOR GUDANG;Lion;Besi;1;;1;0;0;0;650bde1a1060cLogo Perumdam.jpg;-
3725;253;GUDANG SR;40;149;80;KANTOR GUDANG;-;Ebonit;3;;2;0;1;0;650bde1a16a6eLogo Perumdam.jpg;-
3726;127;GUDANG SR;40;149;80;KANTOR GUDANG;PANASONIC;Ebonit;1;;1;0;0;0;650bde1a1cfc1Logo Perumdam.jpg;-
3727;53;GUDANG SR;40;149;80;KANTOR GUDANG;LG;Ebonit;2;;2;0;0;0;650bde1a20088Logo Perumdam.jpg;-
3728;55;GUDANG SR;40;149;80;KANTOR GUDANG;Epson;Ebonit;1;;1;0;0;0;650bde1a22c84Logo Perumdam.jpg;-
3729;1149;GUDANG SR;40;149;80;KANTOR GUDANG;Jebra;Ebonit;1;;1;0;0;0;650bde1a255caLogo Perumdam.jpg;-
3730;618;GUDANG SR;40;149;80;KANTOR GUDANG;Krisbow   ;Ebonit;3;;3;0;0;0;650bde1a27e39Logo Perumdam.jpg;-
3731;975;PANEL;21;139;109;PANEL;90 KW;Besi;1;;1;0;0;0;650cd3c0b70c68 panel pompa 90 KW.jpg;-
3732;1200;FILTER;20;50;90;IPA;ONDA;Besi;6;;6;0;0;0;650cec144e5b0Logo Perumdam.jpg;-
3733;498;POMPA;20;75;115;OPERATOR;Grundfos Vit.FF;Besi;2;;2;0;0;0;650cef0bddeb7Logo Perumdam.jpg;-
3734;830;OPERATOR;20;51;126;Rumah Panel Pompa;-;Ebonit;1;;1;0;0;0;650cf55d85db91 MEJA KRJ.jpg;-
3735;253;OPERATOR;20;51;126;Rumah Panel Pompa;Chitos;Ebonit;1;;1;0;0;0;650cf55d8be3c2 KURSI KRJ.jpg;-
3736;627;OPERATOR;20;51;126;Rumah Panel Pompa;"Sharp 24""";Ebonit;1;;1;0;0;0;650cf55d9290d3 TV.jpg;-
3737;173;OPERATOR;20;51;126;Rumah Panel Pompa;Miyako  ;Ebonit;1;;1;0;0;0;650cf55d9945b4 DISPENSER.jpg;-
3738;79;OPERATOR;20;51;126;Rumah Panel Pompa;Brother ;Besi;1;;1;0;0;0;650cf55da19ff5 LOCKER 4 PINTU.jpg;-
3739;1187;GENSET;20;51;116;OPERATOR;BBM;Besi;7;;7;0;0;0;650cfe191a38fLogo Perumdam.jpg;-
3740;1201;POMPA DISTRIBUSI;20;50;90;RUMAH POMPA DISTRIBUSI;H-BEAM;Besi;1;;1;0;0;0;650d0466e8046Logo Perumdam.jpg;-
3741;498;INTAKE;20;47;94;GEDUNG KANTOR;POMPA NO 1 & 2 TORISHIMA TYPE ETA N-200X150-315;Besi;2;;2;0;0;0;6510fb4ec285bLOGO PERUMDAN.jpg;-
3742;324;INTAKE;20;47;94;GEDUNG KANTOR;WEG 36 Kw;Besi;1;;1;0;0;0;6510fb4ec9cd4LOGO PERUMDAN.jpg;-
3743;324;INTAKE;20;47;94;GEDUNG KANTOR;TECO 37 KW;Besi;1;;1;0;0;0;6510fbb4732cbLOGO PERUMDAN.jpg;-
3744;516;INTAKE;20;47;94;GEDUNG KANTOR;-;Besi;1;;1;0;0;0;6510fbb479ac3LOGO PERUMDAN.jpg;-
3745;975;INTAKE;20;47;94;GEDUNG KANTOR;-;Besi;1;;1;0;0;0;6510fc4618af0LOGO PERUMDAN.jpg;-
3746;975;INTAKE;20;47;94;GEDUNG KANTOR;PANEL POMPA NO 2;Besi;1;;1;0;0;0;6510fc461e817LOGO PERUMDAN.jpg;-
3747;975;INTAKE;20;47;94;GEDUNG KANTOR;PANEL POMPA BARU ;Besi;1;;1;0;0;0;6510fcca4b5ddLOGO PERUMDAN.jpg;-
3748;185;INTAKE;20;47;94;GEDUNG KANTOR;AFA FLEX DN 250 MM;Ebonit;2;;2;0;0;0;6510fcca520f6LOGO PERUMDAN.jpg;-
3749;154;INTAKE;20;47;94;GEDUNG KANTOR;AFA DN. 250 mm;Besi;2;;2;0;0;0;6510fd4351571LOGO PERUMDAN.jpg;-
3750;129;INTAKE;20;47;94;GEDUNG KANTOR;AFA DN. 250 mm;Ebonit;2;;2;0;0;0;6510fd4357b5cLOGO PERUMDAN.jpg;-
3751;972;INTAKE;20;47;94;GEDUNG KANTOR;SHUANG;Ebonit;1;;1;0;0;0;6510fdd22d3bfLOGO PERUMDAN.jpg;-
3752;1075;INTAKE;20;47;94;GEDUNG KANTOR;-;Ebonit;1;;1;0;0;0;6510fdd2327f1LOGO PERUMDAN.jpg;-
3753;154;INTAKE;20;47;94;GEDUNG KANTOR;CHECK VALVE POMPA BARU ;Ebonit;1;;1;0;0;0;6510fe25bdff2LOGO PERUMDAN.jpg;-
3754;865;POMPA;20;47;94;Rumah Pompa;-;Besi;1;;0;0;1;0;6510ffd0cefd6LOGO PERUMDAN.jpg;-
3755;507;POMPA;20;47;94;Rumah Pompa;TORISHIMA TYPE MMK 150l/s ;Besi;2;;2;0;0;0;6510ffd0d4302LOGO PERUMDAN.jpg;-
3756;336;POMPA;20;47;94;Rumah Pompa;MEZ TYPE 10B280-4AA 75kW;Besi;2;;2;0;0;0;6511007f7d599LOGO PERUMDAN.jpg;NO 1 & 2
3757;499;POMPA;20;47;94;Rumah Pompa;SANYO  TYPE P-H 261 DN 250W;Besi;1;;0;1;0;0;6511007f80448LOGO PERUMDAN.jpg;PANCINGAN
3758;150;POMPA;20;47;94;Rumah Pompa;SHUANG  2 TON;Besi;1;;1;0;0;0;65110120e2077LOGO PERUMDAN.jpg;-
3759;184;POMPA;20;47;94;Rumah Pompa;TOZEN DN.250 mm;Karet;1;;1;0;0;0;65110120e605dLOGO PERUMDAN.jpg;-
3760;180;POMPA;20;47;94;Rumah Pompa;TOZEN DN.200+Print_Area mm;Karet;2;;2;0;0;0;651101998ce5dLOGO PERUMDAN.jpg;-
3761;154;POMPA;20;47;94;Rumah Pompa;CHECK VALVE OUT POMPA DN. 200 mm;Besi;2;;2;0;0;0;6511019993955LOGO PERUMDAN.jpg;-
3762;610;POMPA;20;47;94;Rumah Pompa;-;Alumunium;1;;1;0;0;0;651101c8647ebLOGO PERUMDAN.jpg;-
3763;0;STAF;17;36;102;GEDUNG KANTOR;0;0;0;0;0;0;0;0;0;0
3764;830;STAF;17;36;102;GEDUNG KANTOR;LIGNA;Ebonit;1;;1;0;0;0;65111d9340656LOGO PERUMDAN.jpg;-
3765;830;STAF;17;36;102;GEDUNG KANTOR;SAGA;Ebonit;4;;0;4;0;0;65111d9346b62LOGO PERUMDAN.jpg;-
3766;481;STAF;17;36;102;GEDUNG KANTOR;LENOVO  PUTIH / RAM 2 GB;Ebonit;1;;1;0;0;0;65111e5985babLOGO PERUMDAN.jpg;
3767;55;STAF;17;36;102;GEDUNG KANTOR;EPSON / L220;Ebonit;1;;1;0;0;0;65111e598b976LOGO PERUMDAN.jpg;-
3768;275;STAF;17;36;102;GEDUNG KANTOR;LG/ SIMBADDA;Ebonit;1;;1;0;0;0;65111ef561363LOGO PERUMDAN.jpg;-
3769;481;STAF;17;36;102;GEDUNG KANTOR;ASUS HITAM / RAM 4 GB;Ebonit;1;;1;0;0;0;65111ef566f44LOGO PERUMDAN.jpg;-
3770;55;STAF;17;36;102;GEDUNG KANTOR;CANON / G4010;Ebonit;1;;1;0;0;0;65111f5751678LOGO PERUMDAN.jpg;-
3771;1146;STAF;17;36;102;GEDUNG KANTOR;EPSON / LX-310;Ebonit;1;;1;0;0;0;65111f57580f9LOGO PERUMDAN.jpg;-
3772;254;STAF;17;36;102;GEDUNG KANTOR;FANTONI;Ebonit;4;;0;4;0;0;65111fc01e1b9LOGO PERUMDAN.jpg;-
3773;253;STAF;17;36;102;GEDUNG KANTOR;CHITOS;Ebonit;1;;1;0;0;0;65111fc026661LOGO PERUMDAN.jpg;-
3774;280;STAF;17;36;102;GEDUNG KANTOR;TOP;Ebonit;1;;1;0;0;0;6511203c3c622LOGO PERUMDAN.jpg;-
3775;280;STAF;17;36;102;GEDUNG KANTOR;BROTHER;Ebonit;1;;1;0;0;0;6511203c43807LOGO PERUMDAN.jpg;-
3776;127;STAF;17;36;102;GEDUNG KANTOR;PANASONIC / CS-YN18TKJ;Ebonit;1;;1;0;0;0;65112097811d5LOGO PERUMDAN.jpg;-
3777;275;STAF;17;36;102;GEDUNG KANTOR;"LG 24""";Ebonit;1;;1;0;0;0;65112097860b5LOGO PERUMDAN.jpg;-
3778;480;STAF;17;36;102;GEDUNG KANTOR;ASUS / RAM 12 GB;Ebonit;1;;1;0;0;0;651120d4c5f44LOGO PERUMDAN.jpg;-
3779;294;CUSTOMER SERVICE;17;36;102;GEDUNG KANTOR;BIRU PUTIH;Ebonit;1;;1;0;0;0;651123a68a62bLOGO PERUMDAN.jpg;-
